"","Lake.ID","Year","Lake.x","Trt","YrsTrt","PrevAUGSecchi","Snow","APRMAYPcri","JUNPcri","DIFF.4.6","County","Lake.area.acre","Proportion.littoral","Max.depth","Acres_Chem","litt.ac","perc.lit.chem","Ice_off"
"1","02005300",2018,"Ham",0,1,2.1,3.1,NA,NA,NA,NA,190.45,0.8936,22,NA,190.45,NA,113.803223397358
"2","02005300",2019,"Ham",0,1,2.07,5.5,NA,NA,NA,NA,190.45,0.8936,22,NA,190.45,NA,101.9364161924
"3","02005300",2019,"Ham",0,1,2.07,5.5,NA,NA,NA,NA,190.45,0.8936,22,NA,190.45,NA,101.9364161924
"4","02005300",2020,"Ham",0,1,2.4,4.7,NA,NA,NA,NA,190.45,0.8936,22,NA,190.45,NA,95.7804593961142
"5","02005300",2020,"Ham",0,1,2.4,4.7,NA,NA,NA,NA,190.45,0.8936,22,NA,190.45,NA,95.7804593961142
"6","02008400",2017,"Crooked",1,1,2.05,1.3,NA,NA,NA,NA,84.017,0.731,26,2.12,84.02,2.52320875981909,81.6343777281892
"7","02008400",2018,"Crooked",1,2,2.1,3.1,NA,NA,NA,NA,84.017,0.731,26,13.8,84.02,16.4246607950488,113.71719756112
"8","10000200",2017,"Riley",1,1,1.63,1.3,0.29,0.22,-0.07,NA,110.083,0.3718,49,20,110.08,18.1686046511628,81.064170371587
"9","10000200",2017,"Riley",1,1,1.63,1.3,0.29,0.22,-0.07,NA,110.083,0.3718,49,20,110.08,18.1686046511628,81.064170371587
"10","10000200",2018,"Riley",1,2,1.83,3.1,NA,NA,NA,NA,110.083,0.3718,49,15.7,110.08,14.2623546511628,113.146990204517
"11","10000200",2018,"Riley",1,2,1.83,3.1,NA,NA,NA,NA,110.083,0.3718,49,15.7,110.08,14.2623546511628,113.146990204517
"12","10000200",2020,"Riley",1,3,2.02,4.7,0.3,NA,NA,NA,110.083,0.3718,49,16,110.08,14.5348837209302,95.1242262032733
"13","10000200",2020,"Riley",1,3,2.02,4.7,0.3,NA,NA,NA,110.083,0.3718,49,16,110.08,14.5348837209302,95.1242262032733
"14","10000200",2022,"Riley",1,5,4.5,3.8,NA,0.29,NA,NA,110.083,0.3718,49,16.7,110.08,15.1707848837209,107.938045145296
"15","10000200",2022,"Riley",1,5,4.5,3.8,NA,0.29,NA,NA,110.083,0.3718,49,16.7,110.08,15.1707848837209,107.938045145296
"16","10000200",2023,"Riley",1,6,3.9,7.7,0.26,0.29,0.03,NA,110.083,0.3718,49,9,110.08,8.17587209302326,108.126882230518
"17","10000200",2023,"Riley",1,6,3.9,7.7,0.26,0.29,0.03,NA,110.083,0.3718,49,9,110.08,8.17587209302326,108.126882230518
"18","10000200",2023,"Riley",1,6,3.9,7.7,0.26,0.29,0.03,NA,110.083,0.3718,49,9,110.08,8.17587209302326,108.126882230518
"19","10000900",2025,"Minnewashta",1,9,2.64,1.2,NA,NA,NA,NA,337.891,0.5021,70,50.1,337.89,14.8273106632336,89.2533497538393
"20","10001300",2017,"Susan",1,1,0.37,1.3,0.19,0.03,-0.16,NA,71.994,0.815,17,9,71.99,12.5017363522712,80.2054640044413
"21","10001300",2018,"Susan",1,2,0.52,3.1,NA,0.07,NA,NA,71.994,0.815,17,7.73,71.99,10.737602444784,112.288283837372
"22","10001300",2020,"Susan",0,2,0.65,4.7,0.45,0.25,-0.2,NA,71.994,0.815,17,NA,71.99,NA,94.2655198361276
"23","10001300",2020,"Susan",0,2,0.65,4.7,0.45,0.25,-0.2,NA,71.994,0.815,17,NA,71.99,NA,94.2655198361276
"24","10001300",2020,"Susan",0,2,0.65,4.7,0.45,0.25,-0.2,NA,71.994,0.815,17,NA,71.99,NA,94.2655198361276
"25","10001300",2022,"Susan",1,4,NA,3.8,NA,0.26,NA,NA,71.994,0.815,17,8.25,71.99,11.4599249895819,107.07933877815
"26","10001300",2022,"Susan",1,4,NA,3.8,NA,0.26,NA,NA,71.994,0.815,17,8.25,71.99,11.4599249895819,107.07933877815
"27","10001300",2023,"Susan",1,5,0.62,7.7,0.23,0.12,-0.11,NA,71.994,0.815,17,5.35,71.99,7.43158772051674,107.268175863372
"28","10001300",2023,"Susan",1,5,0.62,7.7,0.23,0.12,-0.11,NA,71.994,0.815,17,5.35,71.99,7.43158772051674,107.268175863372
"29","10001300",2023,"Susan",1,5,0.62,7.7,0.23,0.12,-0.11,NA,71.994,0.815,17,5.35,71.99,7.43158772051674,107.268175863372
"30","13002700",2025,"South Center",1,7,0.72,1.2,NA,0.85,NA,NA,544.508,0.6548,105.3000031,7.01,544.51,1.28739600741951,92.76366302199
"31","13002700",2025,"South Center",1,7,0.72,1.2,NA,0.85,NA,NA,544.508,0.6548,105.3000031,7.01,544.51,1.28739600741951,92.76366302199
"32","13002700",2018,"South Center",1,2,1.12,3.1,NA,NA,NA,NA,544.508,0.6548,105.3000031,8,544.51,1.46921085012213,117.415172608863
"33","13002700",2023,"South Center",1,5,1.37,7.7,NA,NA,NA,NA,544.508,0.6548,105.3000031,26.84,544.51,4.92920240215974,112.395064634863
"34","13002800",2021,"South Lindstrom",0,2,1.2,4.4,NA,NA,NA,NA,261.419,0.4767,33.90000153,NA,261.42,NA,86.8943189497936
"35","13003200",2025,"North Center",1,7,NA,1.2,NA,0.88,NA,NA,749.26,0.8114673144,NA,7,608,1.15131578947368,91.4862387070748
"36","18035200",2017,"Ossawinnamakee",1,1,6.83,1.3,NA,NA,NA,NA,259.431,0.3756,62.90000153,8,259.43,3.08368345989284,93.067658166008
"37","27002800",2017,NA,1,1,NA,1.3,1,0.01,-0.99,NA,NA,NA,6.5,7.4,NA,NA,NA
"38","27002800",2017,NA,1,1,NA,1.3,1,0.01,-0.99,NA,NA,NA,6.5,7.4,NA,NA,NA
"39","27002800",2018,NA,1,2,NA,3.1,0.97,NA,NA,NA,NA,NA,6.5,7.4,NA,NA,NA
"40","27002800",2020,NA,1,4,NA,4.7,0.37,NA,NA,NA,NA,NA,6.5,7.4,NA,NA,NA
"41","27002800",2021,NA,1,5,NA,4.4,0.38,NA,NA,NA,NA,NA,6.5,7.4,NA,NA,NA
"42","27002800",2022,NA,1,6,NA,3.8,0.12,0.04,-0.08,NA,NA,NA,6.5,4.6,NA,NA,NA
"43","27002800",2022,NA,1,6,NA,3.8,0.12,0.04,-0.08,NA,NA,NA,6.5,4.6,NA,NA,NA
"44","27002800",2023,NA,0,6,NA,7.7,0.05,0.54,0.49,NA,NA,NA,6.5,NA,NA,NA,NA
"45","27002800",2023,NA,0,6,NA,7.7,0.05,0.54,0.49,NA,NA,NA,6.5,NA,NA,NA,NA
"46","27002800",2023,NA,0,6,NA,7.7,0.05,0.54,0.49,NA,NA,NA,6.5,NA,NA,NA,NA
"47","27002800",2024,NA,1,7,NA,0.6,NA,0.32,NA,NA,NA,NA,6.5,49.9,NA,NA,NA
"48","27002800",2024,NA,1,7,NA,0.6,NA,0.32,NA,NA,NA,NA,6.5,49.9,NA,NA,NA
"49","27002800",2025,NA,1,8,NA,1.2,NA,0.06,NA,NA,NA,NA,6.5,49.9,NA,NA,NA
"50","27002800",2025,NA,1,8,NA,1.2,NA,0.06,NA,NA,NA,NA,6.5,49.9,NA,NA,NA
"51","27003400",2018,"Crystal",0,1,NA,3.1,0.02,NA,NA,NA,79.12,0.6699,39,NA,53,NA,111.998953351022
"52","27003400",2018,"Crystal",0,1,NA,3.1,0.02,NA,NA,NA,79.12,0.6699,39,NA,53,NA,111.998953351022
"53","27003400",2020,"Crystal",0,2,1,4.7,NA,0.04,NA,NA,79.12,0.6699,39,NA,53,NA,93.9761893497779
"54","27003400",2020,"Crystal",0,2,1,4.7,NA,0.04,NA,NA,79.12,0.6699,39,NA,53,NA,93.9761893497779
"55","27003400",2021,"Crystal",1,3,1.01,4.4,NA,NA,NA,NA,79.12,0.6699,39,5.1,53,9.62264150943396,82.5159885417394
"56","27004400",2020,NA,1,2,NA,4.7,0.71,NA,NA,NA,NA,NA,NA,2.1,NA,NA,94.398579203372
"57","27004400",2023,NA,0,4,NA,7.7,0.01,NA,NA,NA,NA,NA,NA,NA,NA,NA,107.401235230616
"58","27004400",2024,NA,1,5,NA,0.6,0.06,NA,NA,NA,NA,NA,NA,0.87,NA,NA,67.3507019563762
"59","27004400",2024,NA,1,5,NA,0.6,0.06,NA,NA,NA,NA,NA,NA,0.87,NA,NA,67.3507019563762
"60","27004500",2017,NA,1,1,NA,1.3,1,NA,NA,NA,NA,NA,7,3,NA,NA,NA
"61","27004500",2018,NA,1,2,NA,3.1,0.93,NA,NA,NA,NA,NA,7,2,NA,NA,NA
"62","27004500",2020,NA,1,4,NA,4.7,0.28,NA,NA,NA,NA,NA,7,2,NA,NA,NA
"63","27004500",2023,NA,1,7,NA,7.7,0.45,NA,NA,NA,NA,NA,7,2,NA,NA,NA
"64","27004500",2024,NA,1,8,NA,0.6,0.66,NA,NA,NA,NA,NA,7,2,NA,NA,NA
"65","27004800",2017,"Hyland",1,1,0.6,1.3,0.15,NA,NA,NA,83.913,0.995,11.5,31.1,83.91,37.0635204385651,NA
"66","27004800",2017,"Hyland",1,1,0.6,1.3,0.15,NA,NA,NA,83.913,0.995,11.5,31.1,83.91,37.0635204385651,NA
"67","27004800",2018,"Hyland",0,1,0.5,3.1,0.01,0.06,0.05,NA,83.913,0.995,11.5,NA,83.91,NA,NA
"68","27004800",2018,"Hyland",0,1,0.5,3.1,0.01,0.06,0.05,NA,83.913,0.995,11.5,NA,83.91,NA,NA
"69","27004800",2018,"Hyland",0,1,0.5,3.1,0.01,0.06,0.05,NA,83.913,0.995,11.5,NA,83.91,NA,NA
"70","27004800",2019,"Hyland",1,2,0.58,5.5,0.2,0.2,0,NA,83.913,0.995,11.5,19,83.91,22.6433083065189,NA
"71","27004800",2019,"Hyland",1,2,0.58,5.5,0.2,0.2,0,NA,83.913,0.995,11.5,19,83.91,22.6433083065189,NA
"72","27004800",2019,"Hyland",1,2,0.58,5.5,0.2,0.2,0,NA,83.913,0.995,11.5,19,83.91,22.6433083065189,NA
"73","27004800",2020,"Hyland",1,3,0.7,4.7,0.15,0.42,0.27,NA,83.913,0.995,11.5,9,83.91,10.7257776188774,NA
"74","27004800",2020,"Hyland",1,3,0.7,4.7,0.15,0.42,0.27,NA,83.913,0.995,11.5,9,83.91,10.7257776188774,NA
"75","27005500",2018,NA,1,1,0.7,3.1,0.08,NA,NA,NA,NA,NA,NA,3.2,NA,NA,111.908289239751
"76","27005500",2021,NA,0,3,NA,4.4,0.05,NA,NA,NA,NA,NA,NA,NA,NA,NA,82.4253244304683
"77","27005500",2023,NA,0,4,NA,7.7,0.05,NA,NA,NA,NA,NA,NA,NA,NA,NA,106.888181265751
"78","27005500",2024,NA,1,5,NA,0.6,0.19,NA,NA,NA,NA,NA,NA,3.16,NA,NA,66.837647991511
"79","27005700",2023,NA,1,1,1.5,7.7,NA,0,NA,NA,NA,NA,NA,5.91,NA,NA,106.46271460283
"80","27005700",2023,NA,1,1,1.5,7.7,NA,0,NA,NA,NA,NA,NA,5.91,NA,NA,106.46271460283
"81","27005700",2024,NA,0,1,NA,0.6,NA,0.64,NA,NA,NA,NA,NA,NA,NA,NA,66.4121813285897
"82","27005700",2024,NA,0,1,NA,0.6,NA,0.64,NA,NA,NA,NA,NA,NA,NA,NA,66.4121813285897
"83","27007600",2018,"Red Rock",1,2,NA,3.1,NA,NA,NA,NA,96.611,0.9958,16,13,96.61,13.4561639581824,111.670256715966
"84","27007600",2021,"Red Rock",1,5,0.5,4.4,NA,NA,NA,NA,96.611,0.9958,16,13.04,96.61,13.4975675395922,82.1872919066836
"85","27007800",2017,"Staring",1,1,0.67,1.3,NA,0.22,NA,NA,156.217,0.9505,16,40,156.22,25.6049161438996,NA
"86","27007800",2017,"Staring",1,1,0.67,1.3,NA,0.22,NA,NA,156.217,0.9505,16,40,156.22,25.6049161438996,NA
"87","27007800",2017,"Staring",1,1,0.67,1.3,NA,0.22,NA,NA,156.217,0.9505,16,40,156.22,25.6049161438996,NA
"88","27007800",2018,"Staring",0,1,0.92,3.1,NA,NA,NA,NA,156.217,0.9505,16,NA,156.22,NA,NA
"89","27007800",2019,"Staring",0,1,NA,5.5,NA,0.12,NA,NA,156.217,0.9505,16,NA,156.22,NA,NA
"90","27007800",2019,"Staring",0,1,NA,5.5,NA,0.12,NA,NA,156.217,0.9505,16,NA,156.22,NA,NA
"91","27007800",2019,"Staring",0,1,NA,5.5,NA,0.12,NA,NA,156.217,0.9505,16,NA,156.22,NA,NA
"92","27007800",2023,"Staring",0,1,0.55,7.7,0.16,0.2,0.04,NA,156.217,0.9505,16,NA,156.22,NA,NA
"93","27007800",2023,"Staring",0,1,0.55,7.7,0.16,0.2,0.04,NA,156.217,0.9505,16,NA,156.22,NA,NA
"94","27007800",2023,"Staring",0,1,0.55,7.7,0.16,0.2,0.04,NA,156.217,0.9505,16,NA,156.22,NA,NA
"95","27009000",2024,"Holiday",1,1,NA,0.6,NA,0,NA,NA,8,1,NA,4.2,8,52.5,NA
"96","27009000",2024,"Holiday",1,1,NA,0.6,NA,0,NA,NA,8,1,NA,4.2,8,52.5,NA
"97","27009000",2025,"Holiday",1,2,NA,1.2,NA,0.01,NA,NA,8,1,NA,4.2,8,52.5,NA
"98","27009000",2025,"Holiday",1,2,NA,1.2,NA,0.01,NA,NA,8,1,NA,4.2,8,52.5,NA
"99","27009800",2018,"Bass",1,3,0.6,3.1,0.5,NA,NA,NA,149.282,0.8149,31,12.3,149.28,8.2395498392283,112.441824324761
"100","27009800",2019,"Bass",1,4,0.64,5.5,NA,NA,NA,NA,149.282,0.8149,31,20.4,149.28,13.6655948553055,100.575017119803
"101","27009800",2021,"Bass",1,6,0.75,4.4,0.64,NA,NA,NA,149.282,0.8149,31,18.02,149.28,12.0712754555198,82.9588595154784
"102","27009800",2021,"Bass",1,6,0.75,4.4,0.64,NA,NA,NA,149.282,0.8149,31,18.02,149.28,12.0712754555198,82.9588595154784
"103","27009800",2023,"Bass",1,8,0.95,7.7,NA,0.02,NA,NA,149.282,0.8149,31,18.66,149.28,12.5,107.421716350761
"104","27010300",2022,NA,0,4,NA,3.8,NA,0.25,NA,NA,NA,NA,6,NA,NA,NA,105.428982104909
"105","27010300",2022,NA,0,4,NA,3.8,NA,0.25,NA,NA,NA,NA,6,NA,NA,NA,105.428982104909
"106","27010400",2022,"Medicine",1,6,1.81,3.8,0.54,0.41,-0.13,NA,434.53,0.4674,47.59999847,119.5,434.53,27.5009780682577,109.400622710714
"107","27010400",2017,"Medicine",1,1,0.83,1.3,0.43,0.46,0.03,NA,434.53,0.4674,47.59999847,45,434.53,10.3560168457874,82.5267479370054
"108","27010400",2017,"Medicine",1,1,0.83,1.3,0.43,0.46,0.03,NA,434.53,0.4674,47.59999847,45,434.53,10.3560168457874,82.5267479370054
"109","27010400",2018,"Medicine",1,2,1.2,3.1,0.29,0.14,-0.15,NA,434.53,0.4674,47.59999847,35.8,434.53,8.23878673509309,114.609567769936
"110","27010400",2018,"Medicine",1,2,1.2,3.1,0.29,0.14,-0.15,NA,434.53,0.4674,47.59999847,35.8,434.53,8.23878673509309,114.609567769936
"111","27010400",2019,"Medicine",1,3,1.12,5.5,0.26,0.5,0.24,NA,434.53,0.4674,47.59999847,49.57,434.53,11.407727889904,102.742760564978
"112","27010400",2019,"Medicine",1,3,1.12,5.5,0.26,0.5,0.24,NA,434.53,0.4674,47.59999847,49.57,434.53,11.407727889904,102.742760564978
"113","27010400",2019,"Medicine",1,3,1.12,5.5,0.26,0.5,0.24,NA,434.53,0.4674,47.59999847,49.57,434.53,11.407727889904,102.742760564978
"114","27010400",2020,"Medicine",1,4,0.85,4.7,NA,0.69,NA,NA,434.53,0.4674,47.59999847,49.4,434.53,11.3686051595977,96.5868037686918
"115","27012500",2018,"Diamond",1,2,0.55,3.1,NA,0.11,NA,NA,405.015,0.9992,8,60,405.02,14.8140832551479,NA
"116","27012500",2018,"Diamond",1,2,0.55,3.1,NA,0.11,NA,NA,405.015,0.9992,8,60,405.02,14.8140832551479,NA
"117","27012500",2019,"Diamond",1,3,0.45,5.5,NA,0.36,NA,NA,405.015,0.9992,8,405,405.02,99.9950619722483,NA
"118","27012500",2019,"Diamond",1,3,0.45,5.5,NA,0.36,NA,NA,405.015,0.9992,8,405,405.02,99.9950619722483,NA
"119","27012500",2020,"Diamond",1,4,0.65,4.7,NA,0.51,NA,NA,405.015,0.9992,8,405,405.02,99.9950619722483,NA
"120","27019100",2017,"Sarah",1,1,NA,1.3,NA,0.15,NA,NA,557.23,0.6694,59,260,373,69.7050938337802,82.90832173428
"121","27019100",2017,"Sarah",1,1,NA,1.3,NA,0.15,NA,NA,557.23,0.6694,59,260,373,69.7050938337802,82.90832173428
"122","27019100",2018,"Sarah",1,2,NA,3.1,NA,0.04,NA,NA,557.23,0.6694,59,114.5,373,30.6970509383378,114.991141567211
"123","27019100",2018,"Sarah",1,2,NA,3.1,NA,0.04,NA,NA,557.23,0.6694,59,114.5,373,30.6970509383378,114.991141567211
"124","27019100",2019,"Sarah",1,3,NA,5.5,NA,0.15,NA,NA,557.23,0.6694,59,108.6,373,29.1152815013405,103.124334362252
"125","27019100",2019,"Sarah",1,3,NA,5.5,NA,0.15,NA,NA,557.23,0.6694,59,108.6,373,29.1152815013405,103.124334362252
"126","27019100",2019,"Sarah",1,3,NA,5.5,NA,0.15,NA,NA,557.23,0.6694,59,108.6,373,29.1152815013405,103.124334362252
"127","27027500",2021,NA,1,1,1.1,4.4,0.22,NA,NA,NA,NA,NA,NA,1.28,NA,NA,NA
"128","27027500",2023,NA,0,1,1.37,7.7,0,NA,NA,NA,NA,NA,NA,NA,NA,NA,NA
"129","27027500",2025,NA,1,2,0.87,1.2,0.4,NA,NA,NA,NA,NA,NA,3.5,NA,NA,NA
"130","27066900",2021,NA,0,2,NA,4.4,0,NA,NA,NA,NA,NA,NA,NA,NA,NA,NA
"131","27066900",2023,NA,0,3,NA,7.7,0,NA,NA,NA,NA,NA,NA,NA,NA,NA,NA
"132","27066900",2024,NA,1,4,NA,0.6,0.1,NA,NA,NA,NA,NA,NA,1.17,NA,NA,NA
"133","27067700",2023,NA,0,1,NA,7.7,0,NA,NA,NA,NA,NA,NA,NA,NA,NA,NA
"134","27067700",2024,NA,1,2,NA,0.6,0.16,NA,NA,NA,NA,NA,NA,0.59,NA,NA,NA
"135","62000200",2019,"Bald Eagle",1,3,1.34,5.5,NA,NA,NA,NA,589.063,0.5613,37,68.82,589.06,11.6830204053916,103.667822144683
"136","62000200",2020,"Bald Eagle",1,4,1.14,4.7,NA,NA,NA,NA,589.063,0.5613,37,72.6,589.06,12.3247207415204,97.5118653483972
"137","62000200",2021,"Bald Eagle",1,5,1.19,4.4,NA,NA,NA,NA,589.063,0.5613,37,86.89,589.06,14.750619631277,86.0516645403586
"138","62000200",2023,"Bald Eagle",1,7,1.21,7.7,NA,NA,NA,NA,589.063,0.5613,37,68.93,589.06,11.701694224697,110.514521375642
"139","62000200",2022,"Bald Eagle",1,7,1.34,3.8,NA,NA,NA,NA,589.063,0.5613,37,26.47,589.06,4.49359997283808,110.32568429042
"140","62000200",2018,"Bald Eagle",1,2,1.8,3.1,NA,0.38,NA,NA,589.063,0.5613,37,19.6,589.06,3.32733507622314,115.534629349641
"141","62000200",2019,"Bald Eagle",1,3,1.34,5.5,NA,NA,NA,NA,589.063,0.5613,37,68.82,589.06,11.6830204053916,103.667822144683
"142","62000200",2020,"Bald Eagle",1,4,1.14,4.7,NA,NA,NA,NA,589.063,0.5613,37,72.6,589.06,12.3247207415204,97.5118653483972
"143","62000600",2024,"Kohlman",1,5,0.6,0.6,NA,0.29,NA,NA,82.899,1,11.60000038,12.4,82.9,14.9577804583836,67.0891379260036
"144","62000600",2024,"Kohlman",1,5,0.6,0.6,NA,0.29,NA,NA,82.899,1,11.60000038,12.4,82.9,14.9577804583836,67.0891379260036
"145","62000600",2024,"Kohlman",1,5,0.6,0.6,NA,0.29,NA,NA,82.899,1,11.60000038,12.4,82.9,14.9577804583836,67.0891379260036
"146","62000600",2024,"Kohlman",1,5,0.6,0.6,NA,0.29,NA,NA,82.899,1,11.60000038,12.4,82.9,14.9577804583836,67.0891379260036
"147","62000600",2025,"Kohlman",1,6,0.96,1.2,NA,0.27,NA,NA,82.899,1,11.60000038,15.58,82.9,18.7937273823884,87.5082695873706
"148","62000600",2025,"Kohlman",1,6,0.96,1.2,NA,0.27,NA,NA,82.899,1,11.60000038,15.58,82.9,18.7937273823884,87.5082695873706
"149","62005500",2024,"Como",1,7,0.78,0.6,NA,0.55,NA,NA,65.645,0.9775,16,71.3,65.65,108.606245239909,66.6033455976321
"150","62005500",2024,"Como",1,7,0.78,0.6,NA,0.55,NA,NA,65.645,0.9775,16,71.3,65.65,108.606245239909,66.6033455976321
"151","62005500",2024,"Como",1,7,0.78,0.6,NA,0.55,NA,NA,65.645,0.9775,16,71.3,65.65,108.606245239909,66.6033455976321
"152","62005500",2025,"Como",1,8,0.6,1.2,NA,0.25,NA,NA,65.645,0.9775,16,71.3,65.65,108.606245239909,87.0224772589991
"153","62005500",2025,"Como",1,8,0.6,1.2,NA,0.25,NA,NA,65.645,0.9775,16,71.3,65.65,108.606245239909,87.0224772589991
"154","62005500",2025,"Como",1,8,0.6,1.2,NA,0.25,NA,NA,65.645,0.9775,16,71.3,65.65,108.606245239909,87.0224772589991
"155","70002200",2022,"Cleary",1,4,0.63,3.8,0.48,0.07,-0.41,NA,144.743,0.9902,9,145,144.74,100.179632444383,105.972450628875
"156","70002200",2019,"Cleary",1,1,0.55,5.5,0.81,0.84,0.0299999999999999,NA,144.743,0.9902,9,145,144.74,100.179632444383,99.3145884831384
"157","70002200",2019,"Cleary",1,1,0.55,5.5,0.81,0.84,0.0299999999999999,NA,144.743,0.9902,9,145,144.74,100.179632444383,99.3145884831384
"158","70002200",2019,"Cleary",1,1,0.55,5.5,0.81,0.84,0.0299999999999999,NA,144.743,0.9902,9,145,144.74,100.179632444383,99.3145884831384
"159","70002200",2020,"Cleary",1,2,1.55,4.7,NA,0.41,NA,NA,144.743,0.9902,9,145,144.74,100.179632444383,93.1586316868526
"160","70007200",2019,"Upper Prior",1,1,0.74,5.5,NA,NA,NA,NA,310.512,0.8132,40.29999924,14.3,310.51,4.6053267205565,101.435134997101
"161","70007200",2020,"Upper Prior",1,2,1.1,4.7,NA,NA,NA,NA,310.512,0.8132,40.29999924,17.7,310.51,5.70029950726225,95.279178200815
"162","71001300",2017,"Orono",1,1,NA,1.3,NA,0.32,NA,NA,246.642,0.9907,17,4.3,246.64,1.74343172234836,82.260149264206
"163","71001300",2017,"Orono",1,1,NA,1.3,NA,0.32,NA,NA,246.642,0.9907,17,4.3,246.64,1.74343172234836,82.260149264206
"164","71001300",2018,"Orono",1,2,NA,3.1,NA,0.17,NA,NA,246.642,0.9907,17,21.91,246.64,8.88339279922154,114.342969097137
"165","71001300",2018,"Orono",1,2,NA,3.1,NA,0.17,NA,NA,246.642,0.9907,17,21.91,246.64,8.88339279922154,114.342969097137
"166","71001300",2019,"Orono",1,3,NA,5.5,0.15,NA,NA,NA,246.642,0.9907,17,9.4,246.64,3.81122283490107,102.476161892178
"167","71001300",2020,"Orono",1,4,NA,4.7,0.28,NA,NA,NA,246.642,0.9907,17,25.5,246.64,10.3389555627635,96.3202050958923
"168","71001300",2021,"Orono",0,4,NA,4.4,0,0.22,0.22,NA,246.642,0.9907,17,NA,246.64,NA,84.8600042878538
"169","71001300",2021,"Orono",0,4,NA,4.4,0,0.22,0.22,NA,246.642,0.9907,17,NA,246.64,NA,84.8600042878538
"170","71001300",2021,"Orono",0,4,NA,4.4,0,0.22,0.22,NA,246.642,0.9907,17,NA,246.64,NA,84.8600042878538
"171","71001300",2022,"Orono",1,5,NA,3.8,0.2,NA,NA,NA,246.642,0.9907,17,30.87,246.64,12.5162179695102,109.134024037915
"172","71001300",2022,"Orono",1,6,NA,3.8,0.2,NA,NA,NA,246.642,0.9907,17,30.87,246.64,12.5162179695102,109.134024037915
"173","71001300",2023,"Orono",1,6,NA,7.7,0.19,NA,NA,NA,246.642,0.9907,17,30.87,246.64,12.5162179695102,109.322861123137
"174","71001300",2023,"Orono",1,6,NA,7.7,0.19,NA,NA,NA,246.642,0.9907,17,30.87,246.64,12.5162179695102,109.322861123137
"175","71001300",2024,"Orono",1,7,NA,0.6,NA,NA,NA,NA,246.642,0.9907,17,30.87,246.64,12.5162179695102,69.2723278488965
"176","71001300",2025,"Orono",1,8,NA,1.2,NA,NA,NA,NA,246.642,0.9907,17,31,246.64,12.5689263704184,89.6914595102635
"177","71014700",2018,"Rush",1,2,NA,3.1,NA,NA,NA,NA,160.818,1,10,10.8,160.82,6.71558263897525,115.694463458512
"178","73001400",2017,"Marie",1,1,1.18,1.3,NA,NA,NA,NA,124.967,0.8513,30,14.8,124.97,11.8428422821477,84.6776870756317
"179","73001400",2018,"Marie",1,2,0.9,3.1,NA,NA,NA,NA,124.967,0.8513,30,12.84,124.97,10.2744658718092,116.760506908562
"180","73008200",2020,"Schneider",1,2,2.44,4.7,NA,NA,NA,NA,25.135,0.462,55,1.7,25.14,6.76213206046142,100.426694061078
"181","73008200",2022,"Schneider",0,2,NA,3.8,NA,0.5,NA,NA,25.135,0.462,55,NA,25.14,NA,113.2405130031
"182","73008200",2023,"Schneider",0,2,NA,7.7,NA,NA,NA,NA,25.135,0.462,55,NA,25.14,NA,113.429350088322
"183","73008300",2020,"Great Northern",1,1,NA,4.7,NA,NA,NA,NA,185.346,0.9221,16.20000076,1.7,185.35,0.917183706501214,99.4914485428407
"184","73008600",2020,"Knaus",1,1,0.84,4.7,NA,NA,NA,NA,209.7,0.9682,16.20000076,4,209.7,1.90748688602766,99.5428491953434
"185","73008600",2022,"Knaus",1,3,NA,3.8,NA,0.34,NA,NA,209.7,0.9682,16.20000076,10.8,209.7,5.15021459227468,112.356668137366
"186","73008600",2023,"Knaus",1,4,NA,7.7,NA,NA,NA,NA,209.7,0.9682,16.20000076,6,209.7,2.86123032904149,112.545505222588
"187","73008700",2020,"Krays",1,1,0.82,4.7,NA,NA,NA,NA,86.938,0.9048,40.20000076,1.8,86.94,2.0703933747412,NA
"188","73008800",2020,"Bolfing",1,1,NA,4.7,NA,NA,NA,NA,67.37,0.6299,35,1,67.37,1.48434021077631,99.2796025563026
"189","73008800",2022,"Bolfing",1,3,NA,3.8,NA,0.22,NA,NA,67.37,0.6299,35,0.3,67.37,0.445302063232893,112.093421498325
"190","73008800",2023,"Bolfing",0,3,NA,7.7,NA,NA,NA,NA,67.37,0.6299,35,NA,67.37,NA,112.282258583547
"191","73008900",2020,"Zumwalde",1,1,0.76,4.7,NA,NA,NA,NA,118.616,0.9816,21.29999924,1.7,118.62,1.43314786713876,NA
"192","73008900",2022,"Zumwalde",0,2,NA,3.8,NA,0.86,NA,NA,118.616,0.9816,21.29999924,NA,118.62,NA,NA
"193","73013300",2020,"Cedar Island",0,1,NA,4.7,NA,NA,NA,NA,985.77,0.7659,NA,NA,755,NA,NA
"194","73013300",2022,"Cedar Island",1,3,NA,3.8,NA,0.26,NA,NA,985.77,0.7659,NA,43.7,755,5.78807947019868,NA
"195","73013300",2022,"Cedar Island",1,3,NA,3.8,NA,0.26,NA,NA,985.77,0.7659,NA,43.7,755,5.78807947019868,NA
"196","73013900",2020,"Long",1,2,0.85,4.7,NA,NA,NA,NA,331.225,0.672,34,2,331.23,0.603810041360988,100.153876678543
"197","73015700",2020,"Horseshoe",1,2,1.15,4.7,NA,NA,NA,NA,341.053,0.5437,57,5.4,341.05,1.58334555050579,100.462508500983
"198","73015700",2022,"Horseshoe",1,4,NA,3.8,NA,0.35,NA,NA,341.053,0.5437,57,3.9,341.05,1.14352734203196,113.276327443005
"199","73015700",2022,"Horseshoe",1,4,NA,3.8,NA,0.35,NA,NA,341.053,0.5437,57,3.9,341.05,1.14352734203196,113.276327443005
"200","73015700",2023,"Horseshoe",0,4,NA,7.7,NA,NA,NA,NA,341.053,0.5437,57,NA,341.05,NA,113.465164528227
"201","82010100",2024,"DeMontreville",1,1,NA,0.6,NA,0.02,NA,NA,142.617,0.9081,24,12,142.62,8.41396718552798,68.0969190908517
"202","82010100",2025,"DeMontreville",1,2,1.8,1.2,NA,0,NA,NA,142.617,0.9081,24,21.2,142.62,14.8646753610994,88.5160507522188
"203","82010300",2025,"Olson",1,1,3.2,1.2,NA,0,NA,NA,87.384,1,14.5,6.6,87.38,7.55321583886473,87.8025972020257
"204","82016200",2023,"Shields",1,5,NA,7.7,0.55,NA,NA,NA,25.527,0.8644,25.89999962,3.07,25.53,12.0250685468077,NA
"205","86002300",2017,"Beebe",1,1,0.88,1.3,NA,NA,NA,NA,179.487,0.5899,23.5,26.5,179.49,14.7640537077274,83.8908155452296
"206","86002300",2022,"Beebe",1,6,NA,3.8,NA,0.02,NA,NA,179.487,0.5899,23.5,14.39,179.49,8.01715973034709,110.764690318938
"207","86023400",2018,"Bass",1,2,3.69,3.1,NA,NA,NA,NA,95.961,0.449,34,3.1,95.96,3.23051271363068,117.158988049104
"208","86028200",2017,"Louisa",1,1,1.2,1.3,NA,NA,NA,NA,129.566,0.6673,44,13.85,129.57,10.6892027475496,84.2095334550632
"209","86028200",2018,"Louisa",1,2,0.9,3.1,NA,NA,NA,NA,129.566,0.6673,44,15.69,129.57,12.1092845566103,116.292353287994
