"","Lake.ID","Year","Lake.x","Max.depth","litt.ac","Lake.area.ac","Proportion.littoral","PrevAugSecchi","PrevAugSecchi.sc","IceDuration","IceDuration.sc","IceOff","Snow","Snow.sc","foc_clp","pcri.e_foc","SURVEY_START","nsamp","perc.lit.chem","Acres_Chem","trt_date_lag0","YrsTrt","cytrt","yutrt","Trt","lag0","lag1","lag2","lag3","lag4","lag5","lag6","lag7","lag8","obs"
"1","10001300",2020,"Susan",17,71.99,88.33128834,0.815,0.65,-0.484258223414755,135,0.293448027108912,NA,11.938,0.422861105094415,0.45,0.451219512,"5/18/2020",82,0,0,NA,2,0,2,"0",0,"0",1,1,0,0,0,0,0,1
"2","10001300",2023,"Susan",17,71.99,88.33128834,0.815,0.62,-0.529542380648554,141,0.741822031262901,NA,19.558,1.54523814055445,0.23,0.229166667,"5/15/2023",96,7.4315877,5.35,"5/17/2023",5,2,1,"0",0,"1",1,0,0,1,1,0,0,2
"3","27002800",2017,NA,6.5,52.63,52.63,1,0.6,-0.559731818804421,101,-2.24733799643036,NA,3.302,-0.849166201760297,1,1,"4/23/2017",125,14.0604218,7.4,"5/1/2017",1,0,9,"0",0,"0",0,0,0,0,0,0,0,3
"4","27002800",2018,NA,6.5,52.63,52.63,1,0.2,-1.16352058192175,142,0.816551031955233,NA,7.874,-0.175739980484273,0.97,0.968,"5/13/2018",125,14.0604218,7.4,"6/1/2018",2,1,1,"0",0,"1",0,0,0,0,0,0,0,4
"5","27002800",2020,NA,6.5,52.63,52.63,1,0.45,-0.786152604973418,135,0.293448027108912,NA,11.938,0.422861105094415,0.37,0.368,"4/18/2020",125,14.0604218,7.4,"5/1/2020",4,3,1,"0",0,"1",1,1,0,0,0,0,0,5
"6","27002800",2021,NA,6.5,52.63,52.63,1,0.2,-1.16352058192175,110,-1.57477699019938,NA,11.176,0.310623401548411,0.38,0.376,"4/24/2021",125,14.0604218,7.4,"5/1/2021",5,4,1,"0",0,"1",1,1,1,0,0,0,0,6
"7","27002800",2023,NA,6.5,52.63,52.63,1,0.35,-0.93709979575275,141,0.741822031262901,NA,19.558,1.54523814055445,0.05,0.048,"5/13/2023",250,0,0,NA,6,6,1,"0",0,"1",1,1,1,1,1,0,0,7
"8","27003400",2018,"Crystal",39,53,79.11628601,0.6699,0.4,-0.861626200363084,143,0.891280032647565,NA,7.874,-0.175739980484273,0.02,0.02173913,"5/23/2018",46,0,0,NA,1,1,1,"0",0,"1",0,0,0,0,0,0,0,8
"9","27004400",2020,NA,NA,16,16,1,0.5,-0.710679009583752,135,0.293448027108912,NA,11.938,0.422861105094415,0.71,0.71,"4/25/2020",100,13.125,2.1,"5/1/2020",2,1,1,"0",0,"1",0,0,0,0,0,0,0,9
"10","27004400",2023,NA,NA,16,16,1,0.78,-0.288026875401623,141,0.741822031262901,NA,19.558,1.54523814055445,0.01,0.01,"5/13/2023",100,0,0,NA,4,4,1,"0",0,"1",1,1,1,0,0,0,0,10
"11","27004400",2024,NA,NA,16,16,1,1.5,0.798792898209565,123,-0.603299981199066,NA,1.524,-1.11105417670097,0.06,0.06,"4/5/2024",100,5.4375,0.87,"4/25/2024",5,0,2,"0",0,"0",1,1,1,1,0,0,0,11
"12","27004500",2017,NA,7,22.03,22.03,1,NA,NA,101,-2.24733799643036,NA,3.302,-0.849166201760297,1,1,"4/23/2017",128,13.6177939,3,"5/1/2017",1,0,9,"0",0,"0",0,0,0,0,0,0,0,12
"13","27004500",2018,NA,7,22.03,22.03,1,NA,NA,143,0.891280032647565,NA,7.874,-0.175739980484273,0.93,0.9296875,"5/13/2018",128,9.0785293,2,"6/1/2018",2,1,1,"0",0,"1",0,0,0,0,0,0,0,13
"14","27004500",2020,NA,7,22.03,22.03,1,0.7,-0.408784628025089,135,0.293448027108912,NA,11.938,0.422861105094415,0.28,0.28125,"4/25/2020",128,9.0785293,2,"5/1/2020",4,3,1,"0",0,"1",1,1,0,0,0,0,0,14
"15","27004500",2023,NA,7,22.03,22.03,1,1,0.0440569443129063,141,0.741822031262901,NA,19.558,1.54523814055445,0.45,0.4453125,"5/13/2023",128,9.0785293,2,"5/24/2023",7,6,1,"0",0,"1",1,1,1,1,1,0,0,15
"16","27004500",2024,NA,7,22.03,22.03,1,0.99,0.0289622252349731,123,-0.603299981199066,NA,1.524,-1.11105417670097,0.66,0.65625,"4/5/2024",128,9.0785293,2,"4/25/2024",8,7,1,"0",0,"1",1,1,1,1,1,1,0,16
"17","27004800",2018,"Hyland",11.5,83.91,84.33165829,0.995,0.5,-0.710679009583752,142,0.816551031955233,NA,7.874,-0.175739980484273,0.01,0.008064516,"5/18/2018",124,0,0,NA,1,1,1,"0",0,"1",0,0,0,0,0,0,0,17
"18","27004800",2019,"Hyland",11.5,83.91,84.33165829,0.995,0.58,-0.589921256960287,142,0.816551031955233,NA,13.97,0.722161647883759,0.2,0.2,"4/30/2019",125,22.6433083,19,"5/1/2019",2,0,2,"0",0,"0",1,0,0,0,0,0,0,18
"19","27004800",2020,"Hyland",11.5,83.91,84.33165829,0.995,0.7,-0.408784628025089,134,0.218719026416581,NA,11.938,0.422861105094415,0.15,0.14516129,"4/17/2020",124,10.7257776,9,"4/30/2020",3,1,1,"0",0,"1",0,1,0,0,0,0,0,19
"20","27005500",2018,NA,NA,13,13,1,0.7,-0.408784628025089,143,0.891280032647565,NA,7.874,-0.175739980484273,0.08,0.084210526,"5/13/2018",95,24.6153846,3.2,"6/1/2018",1,0,9,"0",0,"0",0,0,0,0,0,0,0,20
"21","27005500",2021,NA,NA,13,13,1,1.1,0.195004135092238,110,-1.57477699019938,NA,11.176,0.310623401548411,0.05,0.052631579,"5/2/2021",95,0,0,NA,3,3,1,"0",0,"1",1,1,0,0,0,0,0,21
"22","27005500",2023,NA,NA,13,13,1,0.56,-0.620110695116153,142,0.816551031955233,NA,19.558,1.54523814055445,0.05,0.052631579,"5/13/2023",95,0,0,NA,4,1,1,"0",0,"1",0,1,1,1,0,0,0,22
"23","27005500",2024,NA,NA,13,13,1,1.13,0.240288292326037,123,-0.603299981199066,NA,1.524,-1.11105417670097,0.19,0.189473684,"4/13/2024",95,24.3076923,3.16,"4/25/2024",5,0,2,"0",0,"0",1,0,1,1,1,0,0,23
"24","27007800",2023,"Staring",16,156.22,164.3556023,0.9505,0.55,-0.635205414194086,140,0.66709303057057,NA,19.558,1.54523814055445,0.16,0.162921348,"5/22/2023",178,0,0,NA,1,0,6,"0",0,"0",0,0,0,0,1,0,0,24
"25","27009800",2021,"Bass",31,149.28,183.1881212,0.8149,0.75,-0.333311032635423,110,-1.57477699019938,NA,11.176,0.310623401548411,0.64,0.642857143,"5/26/2021",98,12.0712755,18.02,"6/1/2021",6,5,1,"0",0,"1",1,1,1,1,0,0,0,25
"26","27010400",2019,"Medicine",47.59999847,434.53,929.6747967,0.4674,1.12,0.225193573248104,141,0.741822031262901,NA,13.97,0.722161647883759,0.26,0.255434783,"4/25/2019",184,11.4077279,49.57,"5/1/2019",3,2,1,"0",0,"1",1,0,0,0,0,0,0,26
"27","27010400",2022,"Medicine",47.59999847,434.53,929.6747967,0.4674,1.81,1.26672918962549,131,-0.00546797566041378,NA,9.652,0.086147994456403,0.54,0.535519126,"4/29/2022",183,27.5009781,119.5,"5/16/2022",6,5,1,"0",0,"1",1,1,1,1,0,0,0,27
"28","27027500",2021,NA,NA,6,6,1,1.1,0.195004135092238,110,-1.57477699019938,NA,11.176,0.310623401548411,0.22,0.225,"5/2/2021",40,21.3333333,1.28,"5/14/2021",1,0,9,"0",0,"0",0,0,0,0,0,0,0,28
"29","27027500",2023,NA,NA,6,6,1,1.37,0.602561550196434,142,0.816551031955233,NA,19.558,1.54523814055445,0,0,"5/13/2023",40,0,0,NA,1,0,2,"0",0,"0",1,0,0,0,0,0,0,29
"30","27027500",2025,NA,NA,6,6,1,0.87,-0.152174403700225,123,-0.603299981199066,NA,3.048,-0.886578769608964,0.4,0.4,"4/26/2025",40,58.3333333,3.5,"5/2/2025",2,0,4,"0",0,"0",0,0,1,0,0,0,0,30
"31","27066900",2021,NA,NA,6,6,1,NA,NA,110,-1.57477699019938,NA,11.176,0.310623401548411,0,0,"5/2/2021",49,0,0,NA,2,2,1,"0",0,"1",1,0,0,0,0,0,0,31
"32","27066900",2023,NA,NA,6,6,1,NA,NA,142,0.816551031955233,NA,19.558,1.54523814055445,0,0,"5/13/2023",49,0,0,NA,3,1,1,"0",0,"1",0,1,1,0,0,0,0,32
"33","27066900",2024,NA,NA,6,6,1,NA,NA,124,-0.528570980506734,NA,1.524,-1.11105417670097,0.1,0.102040816,"4/8/2024",49,19.5,1.17,"4/25/2024",4,0,2,"0",0,"0",1,0,1,1,0,0,0,33
"34","27067700",2023,NA,NA,4,4,1,NA,NA,142,0.816551031955233,NA,19.558,1.54523814055445,0,0,"5/13/2023",25,0,0,NA,1,1,1,"0",0,"1",0,0,0,0,0,0,0,34
"35","27067700",2024,NA,NA,4,4,1,NA,NA,124,-0.528570980506734,NA,1.524,-1.11105417670097,0.16,0.16,"4/8/2024",25,14.75,0.59,"4/25/2024",2,0,2,"0",0,"0",1,0,0,0,0,0,0,35
"36","70002200",2019,"Cleary",9,144.74,146.1724904,0.9902,0.55,-0.635205414194086,141,0.741822031262901,NA,13.97,0.722161647883759,0.81,0.806060606,"4/26/2019",165,100,145,"5/1/2019",1,0,9,"0",0,"0",0,0,0,0,0,0,0,36
"37","70002200",2022,"Cleary",9,144.74,146.1724904,0.9902,0.63,-0.514447661570621,131,-0.00546797566041378,NA,9.652,0.086147994456403,0.48,0.481012658,"4/11/2022",158,100,145,"4/20/2022",4,3,1,"0",0,"1",1,1,0,0,0,0,0,37
"38","71001300",2021,"Orono",17,246.64,248.9552841,0.9907,0.6,-0.559731818804421,112,-1.42531898881471,NA,11.176,0.310623401548411,0,0,"5/15/2021",204,0,0,NA,4,4,1,"0",0,"1",1,1,1,0,0,0,0,38
"39","71001300",2022,"Orono",17,246.64,248.9552841,0.9907,0.5,-0.710679009583752,135,0.293448027108912,NA,9.652,0.086147994456403,0.2,0.200980392,"5/21/2022",204,12.516218,30.87,"6/3/2022",5,0,2,"0",0,"0",1,1,1,1,0,0,0,39
"40","71001300",2023,"Orono",17,246.64,248.9552841,0.9907,0.6,-0.559731818804421,144,0.966009033339896,NA,19.558,1.54523814055445,0.19,0.18627451,"5/20/2023",204,12.516218,30.87,"5/25/2023",6,1,1,"0",0,"1",0,1,1,1,1,0,0,40
"41","82016200",2023,"Shields",25.89999962,25.53,29.53493753,0.8644,3.31,3.53093705131547,146,1.11546703472456,NA,19.558,1.54523814055445,0.55,0.55,"4/25/2023",40,12.0250685,3.07,"5/22/2023",5,4,1,"0",0,"1",1,1,1,0,0,0,0,41
"42","40000200",2015,"Upper Sakatah",NA,899.57,NA,NA,NA,NA,NA,NA,85.35279048,1.3,-1.14404793732342,0.842857143,0.842857143,"4/13/2015",70,0,0,NA,NA,0,NA,"0",0,"0",0,0,0,0,0,0,0,42
"43","27007000",2015,NA,NA,110.62,NA,NA,2.325,2.04410722213905,NA,NA,87.3956651,1.3,-1.14404793732342,0.73480663,0.73480663,"4/28/2015",181,0,0,NA,NA,0,NA,"0",0,"0",0,0,0,0,0,0,0,43
"44","27007000",2015,NA,NA,110.62,NA,NA,2.325,2.04410722213905,NA,NA,87.3956651,1.3,-1.14404793732342,0.682051282,0.682051282,"4/29/2015",195,0,0,NA,NA,0,NA,"0",0,"0",0,0,0,0,0,0,0,44
"45","40000200",2016,"Upper Sakatah",NA,899.57,NA,NA,NA,NA,NA,NA,75.00411574,2,-1.04094243537827,0.35483871,0.35483871,"4/4/2016",31,0,0,NA,NA,0,NA,"0",0,"0",0,0,0,0,0,0,0,45
"46","27007000",2016,NA,NA,110.62,NA,NA,1.5,0.798792898209565,NA,NA,77.04699036,2,-1.04094243537827,0.759562842,0.759562842,"4/29/2016",183,0,0,NA,NA,0,NA,"0",0,"0",0,0,0,0,0,0,0,46
"47","40000200",2017,"Upper Sakatah",NA,899.57,NA,NA,NA,NA,NA,NA,77.70202865,1.3,-1.14404793732342,0.794871795,0.794871795,"4/11/2017",39,2.178818769,19.6,"5/1/2017",NA,0,NA,"1",0,"0",0,0,0,0,0,0,0,47
"48","86026400",2017,NA,NA,58.31,NA,NA,0.8,-0.257837437245757,NA,NA,NA,1.3,-1.14404793732342,0.386792453,0.386792453,"4/22/2017",106,14.74875665,8.6,"5/1/2017",NA,0,NA,"1",0,"0",0,0,0,0,0,0,0,48
"49","70009100",2017,"Cedar",NA,792.5,NA,NA,NA,NA,NA,NA,78.75289659,1.3,-1.14404793732342,0.465608466,0.465608466,"4/25/2017",189,22.71293375,180,"5/1/2017",NA,0,1,"1",0,"1",0,0,0,0,0,0,0,49
"50","41004300",2017,"Dead Coon",NA,2649.41,NA,NA,NA,NA,NA,NA,75.89668637,1.3,-1.14404793732342,0.392405063,0.392405063,"4/27/2017",79,13.31617228,352.8,"5/1/2017",NA,0,NA,"1",0,"0",0,0,0,0,0,0,0,50
"51","70005000",2017,"McMahon",NA,162.26,NA,NA,NA,NA,NA,NA,78.45547922,1.3,-1.14404793732342,0.75,0.75,"4/28/2017",72,10.16886478,16.5,"5/1/2017",NA,0,3,"1",0,"0",0,1,0,0,0,0,0,51
"52","27007000",2014,NA,NA,110.62,NA,NA,1.35,0.572372112040567,NA,NA,106.3571015,9.6,0.0784887285976206,0.320441989,0.320441989,"5/20/2014",181,0,0,NA,NA,0,NA,"0",0,"0",0,0,0,0,0,0,0,52
"53","70005000",2015,"McMahon",NA,162.26,NA,NA,1.1,0.195004135092238,NA,NA,86.10624105,1.3,-1.14404793732342,0.598425197,0.598425197,"5/15/2015",127,0,0,NA,NA,0,1,"0",0,"1",0,0,0,0,0,0,0,53
"54","10004100",2016,NA,NA,156.44,NA,NA,2.433333333,2.20763334498017,NA,NA,77.93104344,2,-1.04094243537827,0.617647059,0.617647059,"5/16/2016",136,0,0,NA,NA,0,NA,"0",0,"0",0,0,0,0,0,0,0,54
"55","70005000",2016,"McMahon",NA,162.26,NA,NA,NA,NA,NA,NA,75.7575663,2,-1.04094243537827,0.487804878,0.487804878,"5/25/2016",123,0,0,NA,NA,0,2,"0",0,"0",1,0,0,0,0,0,0,55
