,...1,Lake.ID,Year,Lake.x,Trt,YrsTrt,PrevAUGSecchi,Snow,APRMAYPcri,JUNPcri,DIFF.4.6,County,Lake.area.acre,Proportion.littoral,Max.depth,Acres_Chem,litt.ac,perc.lit.chem,Ice_off,secchi,secchi.e,phosphorus,phosphorus.e,SURVEY_START,native_rich_mean,survey_native_rich,lag0,trt_acres_lag0,trt_date_lag0,lag1,lag2,lag3,lag4,lag5,lag6,lag7,lag8,nsamp
5,4,2005300,2020,Ham,0,1,2.4,4.7,NA,NA,NA,NA,190.45,0.8936,22,NA,190.45,NA,95.7804594,2.716038095,2.90448,0.0217,0.02175,7/23/2020,2.949152542,14,0,NA,NA,0,0,1,0,0,0,0,0,59
6,4,2005300,2020,Ham,0,1,2.4,4.7,NA,NA,NA,NA,190.45,0.8936,22,NA,190.45,NA,95.7804594,2.716038095,2.90448,0.0217,0.02175,8/24/2020,2.518518519,18,0,NA,NA,0,0,1,0,0,0,0,0,135
3,2,2005300,2019,Ham,0,1,2.07,5.5,NA,NA,NA,NA,190.45,0.8936,22,NA,190.45,NA,101.9364162,2.831578947,3.5375,0.0253,0.025,7/10/2019,1.761904762,12,0,NA,NA,0,1,0,0,0,0,0,0,126
4,2,2005300,2019,Ham,0,1,2.07,5.5,NA,NA,NA,NA,190.45,0.8936,22,NA,190.45,NA,101.9364162,2.831578947,3.5375,0.0253,0.025,8/19/2019,1.969465649,12,0,NA,NA,0,1,0,0,0,0,0,0,131
1,1,2005300,2018,Ham,0,1,2.1,3.1,NA,NA,NA,NA,190.45,0.8936,22,NA,190.45,NA,113.8032234,2.290909091,2.566666667,NA,NA,7/9/2018,1.62406015,11,0,NA,NA,1,0,0,0,0,0,0,0,133
2,1,2005300,2018,Ham,0,1,2.1,3.1,NA,NA,NA,NA,190.45,0.8936,22,NA,190.45,NA,113.8032234,2.290909091,2.566666667,NA,NA,8/8/2018,1.838028169,15,0,NA,NA,1,0,0,0,0,0,0,0,142
7,6,2008400,2017,Crooked,1,1,2.05,1.3,NA,NA,NA,NA,84.017,0.731,26,2.12,84.02,2.52320876,81.63437773,2.328571429,3.05,0.0271,0.02775,8/14/2017,1.738255034,11,1,2.12,5/1/2017,0,0,0,0,0,0,0,0,149
8,7,2008400,2018,Crooked,1,2,2.1,3.1,NA,NA,NA,NA,84.017,0.731,26,13.8,84.02,16.4246608,113.7171976,2.355555556,3.033333333,NA,NA,8/14/2018,1.893333333,14,1,13.8,5/1/2018,1,0,0,0,0,0,0,0,150
17,14,10000200,2022,Riley,1,5,4.5,3.8,NA,0.29,NA,NA,110.083,0.3718,49,16.7,110.08,15.17078488,107.9380451,3.995,4.066666667,0.02996,0.025777778,6/21/2022,1.685393258,10,1,16.7,5/1/2022,1,1,0,1,1,0,0,0,178
18,14,10000200,2022,Riley,1,5,4.5,3.8,NA,0.29,NA,NA,110.083,0.3718,49,16.7,110.08,15.17078488,107.9380451,3.995,4.066666667,0.02996,0.025777778,8/22/2022,1.692307692,9,1,16.7,5/1/2022,1,1,0,1,1,0,0,0,182
14,12,10000200,2020,Riley,1,3,2.02,4.7,0.3,NA,NA,NA,110.083,0.3718,49,16,110.08,14.53488372,95.1242262,4.655555556,4.266666667,0.030703704,0.048444444,5/8/2020,0.578313253,6,1,16,5/1/2020,0,1,1,0,0,0,0,0,166
15,12,10000200,2020,Riley,1,3,2.02,4.7,0.3,NA,NA,NA,110.083,0.3718,49,16,110.08,14.53488372,95.1242262,4.655555556,4.266666667,0.030703704,0.048444444,7/2/2020,0.730769231,5,1,16,5/1/2020,0,1,1,0,0,0,0,0,182
16,12,10000200,2020,Riley,1,3,2.02,4.7,0.3,NA,NA,NA,110.083,0.3718,49,16,110.08,14.53488372,95.1242262,4.655555556,4.266666667,0.030703704,0.048444444,8/25/2020,0.916666667,8,1,16,5/1/2020,0,1,1,0,0,0,0,0,180
19,16,10000200,2023,Riley,1,6,3.9,7.7,0.26,0.29,0.03,NA,110.083,0.3718,49,9,110.08,8.175872093,108.1268822,3.856521739,4.54,0.033291667,0.023833333,5/18/2023,0.819767442,5,1,9,5/17/2023,1,1,1,0,1,1,0,0,172
20,16,10000200,2023,Riley,1,6,3.9,7.7,0.26,0.29,0.03,NA,110.083,0.3718,49,9,110.08,8.175872093,108.1268822,3.856521739,4.54,0.033291667,0.023833333,6/19/2023,1.144444444,8,1,9,5/17/2023,1,1,1,0,1,1,0,0,180
21,16,10000200,2023,Riley,1,6,3.9,7.7,0.26,0.29,0.03,NA,110.083,0.3718,49,9,110.08,8.175872093,108.1268822,3.856521739,4.54,0.033291667,0.023833333,8/22/2023,1.298245614,8,1,9,5/17/2023,1,1,1,0,1,1,0,0,171
9,8,10000200,2017,Riley,1,1,1.63,1.3,0.29,0.22,-0.07,NA,110.083,0.3718,49,20,110.08,18.16860465,81.06417037,3.330769231,4.808333333,0.05169697,0.031333333,5/10/2017,0.778378378,3,1,20,5/1/2017,0,0,0,0,0,0,0,0,185
10,8,10000200,2017,Riley,1,1,1.63,1.3,0.29,0.22,-0.07,NA,110.083,0.3718,49,20,110.08,18.16860465,81.06417037,3.330769231,4.808333333,0.05169697,0.031333333,6/15/2017,1.036144578,3,1,20,5/1/2017,0,0,0,0,0,0,0,0,166
11,8,10000200,2017,Riley,1,1,1.63,1.3,0.29,0.22,-0.07,NA,110.083,0.3718,49,20,110.08,18.16860465,81.06417037,3.330769231,4.808333333,0.05169697,0.031333333,9/6/2017,1,6,1,20,5/1/2017,0,0,0,0,0,0,0,0,175
12,10,10000200,2018,Riley,1,2,1.83,3.1,NA,NA,NA,NA,110.083,0.3718,49,15.7,110.08,14.26235465,113.1469902,2.2,NA,NA,NA,7/11/2018,1.263157895,7,1,15.7,5/1/2018,1,0,0,0,0,0,0,0,171
13,10,10000200,2018,Riley,1,2,1.83,3.1,NA,NA,NA,NA,110.083,0.3718,49,15.7,110.08,14.26235465,113.1469902,2.2,NA,NA,NA,8/22/2018,1.144508671,7,1,15.7,5/1/2018,1,0,0,0,0,0,0,0,173
22,19,10000900,2025,Minnewashta,1,9,2.64,1.2,NA,NA,NA,NA,337.891,0.5021,70,50.1,337.89,14.82731066,89.25334975,2.295555556,2.90375,NA,NA,7/10/2025,2.6796875,12,1,50.1,5/9/2025,1,1,1,1,1,1,1,1,128
23,20,10001300,2017,Susan,1,1,0.37,1.3,0.19,0.03,-0.16,NA,71.994,0.815,17,9,71.99,12.50173635,80.205464,1.699230769,2.725,0.117121212,0.047166667,5/4/2017,0.432098765,3,1,9,5/1/2017,0,0,0,0,0,0,0,0,81
24,20,10001300,2017,Susan,1,1,0.37,1.3,0.19,0.03,-0.16,NA,71.994,0.815,17,9,71.99,12.50173635,80.205464,1.699230769,2.725,0.117121212,0.047166667,6/12/2017,0.571428571,5,1,9,5/1/2017,0,0,0,0,0,0,0,0,91
25,20,10001300,2017,Susan,1,1,0.37,1.3,0.19,0.03,-0.16,NA,71.994,0.815,17,9,71.99,12.50173635,80.205464,1.699230769,2.725,0.117121212,0.047166667,8/1/2017,0.404109589,6,1,9,5/1/2017,0,0,0,0,0,0,0,0,146
33,27,10001300,2023,Susan,1,5,0.62,7.7,0.23,0.12,-0.11,NA,71.994,0.815,17,5.35,71.99,7.431587721,107.2681759,1.01875,1.875,0.142583333,0.127714286,5/15/2023,0.364583333,2,1,5.35,5/17/2023,1,1,0,0,1,1,0,0,96
34,27,10001300,2023,Susan,1,5,0.62,7.7,0.23,0.12,-0.11,NA,71.994,0.815,17,5.35,71.99,7.431587721,107.2681759,1.01875,1.875,0.142583333,0.127714286,6/13/2023,0.167938931,3,1,5.35,5/17/2023,1,1,0,0,1,1,0,0,131
35,27,10001300,2023,Susan,1,5,0.62,7.7,0.23,0.12,-0.11,NA,71.994,0.815,17,5.35,71.99,7.431587721,107.2681759,1.01875,1.875,0.142583333,0.127714286,8/16/2023,0.261538462,7,1,5.35,5/17/2023,1,1,0,0,1,1,0,0,130
28,22,10001300,2020,Susan,0,2,0.65,4.7,0.45,0.25,-0.2,NA,71.994,0.815,17,NA,71.99,NA,94.26551984,1.044444444,2.05,0.151692308,0.079666667,5/18/2020,0.37804878,3,0,NA,NA,0,1,1,0,0,0,0,0,82
29,22,10001300,2020,Susan,0,2,0.65,4.7,0.45,0.25,-0.2,NA,71.994,0.815,17,NA,71.99,NA,94.26551984,1.044444444,2.05,0.151692308,0.079666667,6/18/2020,0.25862069,3,0,NA,NA,0,1,1,0,0,0,0,0,116
30,22,10001300,2020,Susan,0,2,0.65,4.7,0.45,0.25,-0.2,NA,71.994,0.815,17,NA,71.99,NA,94.26551984,1.044444444,2.05,0.151692308,0.079666667,8/13/2020,0.382352941,3,0,NA,NA,0,1,1,0,0,0,0,0,102
31,25,10001300,2022,Susan,1,4,NA,3.8,NA,0.26,NA,NA,71.994,0.815,17,8.25,71.99,11.45992499,107.0793388,0.894444444,1.3,0.257444444,0.160111111,6/28/2022,0.418181818,6,1,8.25,5/1/2022,1,0,0,1,1,0,0,0,110
32,25,10001300,2022,Susan,1,4,NA,3.8,NA,0.26,NA,NA,71.994,0.815,17,8.25,71.99,11.45992499,107.0793388,0.894444444,1.3,0.257444444,0.160111111,8/15/2022,0.402597403,3,1,8.25,5/1/2022,1,0,0,1,1,0,0,0,77
26,21,10001300,2018,Susan,1,2,0.52,3.1,NA,0.07,NA,NA,71.994,0.815,17,7.73,71.99,10.73760244,112.2882838,NA,NA,NA,NA,6/21/2018,0.450980392,5,1,7.73,5/1/2018,1,0,0,0,0,0,0,0,102
27,21,10001300,2018,Susan,1,2,0.52,3.1,NA,0.07,NA,NA,71.994,0.815,17,7.73,71.99,10.73760244,112.2882838,NA,NA,NA,NA,8/3/2018,0.232876712,3,1,7.73,5/1/2018,1,0,0,0,0,0,0,0,146
39,33,13002700,2023,South Center,1,5,1.37,7.7,NA,NA,NA,NA,544.508,0.6548,105.3000031,26.84,544.51,4.929202402,112.3950646,1.792592593,2.627,0.059285714,0.027166667,8/1/2023,1.003787879,10,1,26.84,5/23/2023,0,0,1,1,1,1,0,0,264
36,30,13002700,2025,South Center,1,7,0.72,1.2,NA,0.85,NA,NA,544.508,0.6548,105.3000031,7.01,544.51,1.287396007,92.76366302,1.965,3.22125,0.098769231,0.04925,6/12/2025,0.532258065,10,1,7.01,5/14/2025,1,1,0,0,1,1,1,1,124
37,30,13002700,2025,South Center,1,7,0.72,1.2,NA,0.85,NA,NA,544.508,0.6548,105.3000031,7.01,544.51,1.287396007,92.76366302,1.965,3.22125,0.098769231,0.04925,8/4/2025,0.516260163,10,1,7.01,5/14/2025,1,1,0,0,1,1,1,1,246
38,32,13002700,2018,South Center,1,2,1.12,3.1,NA,NA,NA,NA,544.508,0.6548,105.3000031,8,544.51,1.46921085,117.4151726,2.496296296,4.122222222,0.143866667,0.158666667,7/9/2018,1.015503876,15,1,8,5/1/2018,1,0,0,0,0,0,0,0,387
40,34,13002800,2021,South Lindstrom,0,2,1.2,4.4,NA,NA,NA,NA,261.419,0.4767,33.90000153,NA,261.42,NA,86.89431895,2.4,4,0.026,0.015,8/11/2021,2.004081633,16,0,NA,NA,0,0,1,1,0,0,0,0,245
41,35,13003200,2025,North Center,1,7,NA,1.2,NA,0.88,NA,NA,749.26,0.811467314,NA,7,608,1.151315789,91.48623871,NA,NA,0.03,0.02,6/9/2025,0.193103448,7,1,7,5/14/2025,1,1,0,0,1,1,1,1,145
42,36,18035200,2017,Ossawinnamakee,1,1,6.83,1.3,NA,NA,NA,NA,259.431,0.3756,62.90000153,8,259.43,3.08368346,93.06765817,6.0128,5.918466667,0.0104,0.0105,7/24/2017,3.446202532,24,1,8,5/1/2017,0,0,0,0,0,0,0,0,316
43,37,27002800,2017,NA,1,1,NA,1.3,1,0.01,-0.99,NA,NA,NA,6.5,7.4,NA,NA,NA,NA,NA,NA,NA,4/23/2017,0.16,2,1,7.4,5/1/2017,0,0,0,0,0,0,0,0,125
44,37,27002800,2017,NA,1,1,NA,1.3,1,0.01,-0.99,NA,NA,NA,6.5,7.4,NA,NA,NA,NA,NA,NA,NA,6/10/2017,0.177419355,2,1,7.4,5/1/2017,0,0,0,0,0,0,0,0,124
45,39,27002800,2018,NA,1,2,NA,3.1,0.97,NA,NA,NA,NA,NA,6.5,7.4,NA,NA,NA,NA,NA,NA,NA,5/13/2018,0.104,1,1,7.4,6/1/2018,1,0,0,0,0,0,0,0,125
46,40,27002800,2020,NA,1,4,NA,4.7,0.37,NA,NA,NA,NA,NA,6.5,7.4,NA,NA,NA,0.25,0.75,0.13,0.1,4/18/2020,0.096,2,1,7.4,5/1/2020,1,1,1,0,0,0,0,0,125
47,41,27002800,2021,NA,1,5,NA,4.4,0.38,NA,NA,NA,NA,NA,6.5,7.4,NA,NA,NA,NA,NA,NA,NA,4/24/2021,0.176,2,1,7.4,5/1/2021,1,1,1,1,0,0,0,0,125
48,42,27002800,2022,NA,1,6,NA,3.8,0.12,0.04,-0.08,NA,NA,NA,6.5,4.6,NA,NA,NA,NA,NA,NA,NA,5/7/2022,0.088,2,1,4.6,5/1/2022,1,1,1,1,1,0,0,0,125
49,42,27002800,2022,NA,1,6,NA,3.8,0.12,0.04,-0.08,NA,NA,NA,6.5,4.6,NA,NA,NA,NA,NA,NA,NA,6/21/2022,0.144,5,1,4.6,5/1/2022,1,1,1,1,1,0,0,0,125
50,42,27002800,2022,NA,1,6,NA,3.8,0.12,0.04,-0.08,NA,NA,NA,6.5,4.6,NA,NA,NA,NA,NA,NA,NA,8/9/2022,0.184,4,1,4.6,5/1/2022,1,1,1,1,1,0,0,0,125
51,44,27002800,2023,NA,0,6,NA,7.7,0.05,0.54,0.49,NA,NA,NA,6.5,NA,NA,NA,NA,NA,NA,NA,NA,5/13/2023,0.096,4,0,NA,NA,1,1,1,1,1,1,0,0,250
52,44,27002800,2023,NA,0,6,NA,7.7,0.05,0.54,0.49,NA,NA,NA,6.5,NA,NA,NA,NA,NA,NA,NA,NA,6/26/2023,0.152,4,0,NA,NA,1,1,1,1,1,1,0,0,125
53,44,27002800,2023,NA,0,6,NA,7.7,0.05,0.54,0.49,NA,NA,NA,6.5,NA,NA,NA,NA,NA,NA,NA,NA,8/21/2023,0.184,4,0,NA,NA,1,1,1,1,1,1,0,0,125
54,47,27002800,2024,NA,1,7,NA,0.6,NA,0.32,NA,NA,NA,NA,6.5,49.9,NA,NA,NA,NA,NA,NA,NA,6/12/2024,0.304,5,1,49.9,4/18/2024,0,1,1,1,1,1,1,0,125
55,47,27002800,2024,NA,1,7,NA,0.6,NA,0.32,NA,NA,NA,NA,6.5,49.9,NA,NA,NA,NA,NA,NA,NA,8/12/2024,0.376,4,1,49.9,4/18/2024,0,1,1,1,1,1,1,0,125
56,49,27002800,2025,NA,1,8,NA,1.2,NA,0.06,NA,NA,NA,NA,6.5,49.9,NA,NA,NA,NA,NA,NA,NA,6/10/2025,0.264,5,1,49.9,4/30/2025,1,0,1,1,1,1,1,1,125
57,49,27002800,2025,NA,1,8,NA,1.2,NA,0.06,NA,NA,NA,NA,6.5,49.9,NA,NA,NA,NA,NA,NA,NA,8/12/2025,0.24,4,1,49.9,4/30/2025,1,0,1,1,1,1,1,1,125
62,55,27003400,2021,Crystal,1,3,1.01,4.4,NA,NA,NA,NA,79.12,0.6699,39,5.1,53,9.622641509,82.51598854,0.875833333,0.913333333,0.072307692,0.0675,7/22/2021,0,0,1,5.1,5/10/2021,0,1,0,1,0,0,0,0,57
60,53,27003400,2020,Crystal,0,2,1,4.7,NA,0.04,NA,NA,79.12,0.6699,39,NA,53,NA,93.97618935,1.470666667,2.016666667,0.100045455,0.1027,6/10/2020,0,0,0,NA,NA,1,0,1,0,0,0,0,0,57
61,53,27003400,2020,Crystal,0,2,1,4.7,NA,0.04,NA,NA,79.12,0.6699,39,NA,53,NA,93.97618935,1.470666667,2.016666667,0.100045455,0.1027,9/5/2020,0,0,0,NA,NA,1,0,1,0,0,0,0,0,57
58,51,27003400,2018,Crystal,0,1,NA,3.1,0.02,NA,NA,NA,79.12,0.6699,39,NA,53,NA,111.9989534,0.6,NA,NA,NA,5/23/2018,0,0,0,NA,NA,1,0,0,0,0,0,0,0,46
59,51,27003400,2018,Crystal,0,1,NA,3.1,0.02,NA,NA,NA,79.12,0.6699,39,NA,53,NA,111.9989534,0.6,NA,NA,NA,8/7/2018,0,0,0,NA,NA,1,0,0,0,0,0,0,0,49
63,56,27004400,2020,NA,1,2,NA,4.7,0.71,NA,NA,NA,NA,NA,NA,2.1,NA,NA,94.3985792,0.633333333,0.95,0.104,0.0905,4/25/2020,0,0,1,2.1,5/1/2020,1,0,0,0,0,0,0,0,100
64,57,27004400,2023,NA,0,4,NA,7.7,0.01,NA,NA,NA,NA,NA,NA,NA,NA,NA,107.4012352,NA,NA,NA,NA,5/13/2023,0.27,2,0,NA,NA,1,1,1,1,0,0,0,0,100
65,58,27004400,2024,NA,1,5,NA,0.6,0.06,NA,NA,NA,NA,NA,NA,0.87,NA,NA,67.35070196,NA,NA,NA,NA,4/5/2024,0.96,1,1,0.87,4/25/2024,0,1,1,1,1,0,0,0,100
66,58,27004400,2024,NA,1,5,NA,0.6,0.06,NA,NA,NA,NA,NA,NA,0.87,NA,NA,67.35070196,NA,NA,NA,NA,4/8/2024,0.89,1,1,0.87,4/25/2024,0,1,1,1,1,0,0,0,100
69,62,27004500,2020,NA,1,4,NA,4.7,0.28,NA,NA,NA,NA,NA,7,2,NA,NA,NA,0.708333333,1.05,0.073833333,0.063,4/25/2020,0.0078125,1,1,2,5/1/2020,1,1,1,0,0,0,0,0,128
67,60,27004500,2017,NA,1,1,NA,1.3,1,NA,NA,NA,NA,NA,7,3,NA,NA,NA,NA,NA,NA,NA,4/23/2017,0.046875,4,1,3,5/1/2017,0,0,0,0,0,0,0,0,128
68,61,27004500,2018,NA,1,2,NA,3.1,0.93,NA,NA,NA,NA,NA,7,2,NA,NA,NA,NA,NA,NA,NA,5/13/2018,0.015625,2,1,2,6/1/2018,1,0,0,0,0,0,0,0,128
70,63,27004500,2023,NA,1,7,NA,7.7,0.45,NA,NA,NA,NA,NA,7,2,NA,NA,NA,NA,NA,NA,NA,5/13/2023,0,0,1,2,5/24/2023,1,1,1,1,1,1,0,0,128
71,64,27004500,2024,NA,1,8,NA,0.6,0.66,NA,NA,NA,NA,NA,7,2,NA,NA,NA,NA,NA,NA,NA,4/5/2024,0.0390625,2,1,2,4/25/2024,1,1,1,1,1,1,1,0,128
78,70,27004800,2019,Hyland,1,2,0.58,5.5,0.2,0.2,0,NA,83.913,0.995,11.5,19,83.91,22.64330831,NA,2.033333333,2.16,0.03175,0.03,4/30/2019,0.288,3,1,19,5/1/2019,0,1,0,0,0,0,0,0,125
79,70,27004800,2019,Hyland,1,2,0.58,5.5,0.2,0.2,0,NA,83.913,0.995,11.5,19,83.91,22.64330831,NA,2.033333333,2.16,0.03175,0.03,6/11/2019,0.427419355,6,1,19,5/1/2019,0,1,0,0,0,0,0,0,124
80,70,27004800,2019,Hyland,1,2,0.58,5.5,0.2,0.2,0,NA,83.913,0.995,11.5,19,83.91,22.64330831,NA,2.033333333,2.16,0.03175,0.03,8/15/2019,0.821138211,5,1,19,5/1/2019,0,1,0,0,0,0,0,0,123
72,65,27004800,2017,Hyland,1,1,0.6,1.3,0.15,NA,NA,NA,83.913,0.995,11.5,31.1,83.91,37.06352044,NA,1.341666667,1.966666667,0.067666667,0.043166667,4/19/2017,0.411290323,2,1,31.1,4/1/2017,0,0,0,0,0,0,0,0,124
73,65,27004800,2017,Hyland,1,1,0.6,1.3,0.15,NA,NA,NA,83.913,0.995,11.5,31.1,83.91,37.06352044,NA,1.341666667,1.966666667,0.067666667,0.043166667,5/22/2017,0.564516129,3,1,31.1,4/1/2017,0,0,0,0,0,0,0,0,124
74,65,27004800,2017,Hyland,1,1,0.6,1.3,0.15,NA,NA,NA,83.913,0.995,11.5,31.1,83.91,37.06352044,NA,1.341666667,1.966666667,0.067666667,0.043166667,8/10/2017,0.685483871,4,1,31.1,4/1/2017,0,0,0,0,0,0,0,0,124
75,67,27004800,2018,Hyland,0,1,0.5,3.1,0.01,0.06,0.05,NA,83.913,0.995,11.5,NA,83.91,NA,NA,0.997272727,1.4,0.077272727,0.065,5/18/2018,0.177419355,1,0,NA,NA,1,0,0,0,0,0,0,0,124
76,67,27004800,2018,Hyland,0,1,0.5,3.1,0.01,0.06,0.05,NA,83.913,0.995,11.5,NA,83.91,NA,NA,0.997272727,1.4,0.077272727,0.065,6/6/2018,0.298387097,5,0,NA,NA,1,0,0,0,0,0,0,0,124
77,67,27004800,2018,Hyland,0,1,0.5,3.1,0.01,0.06,0.05,NA,83.913,0.995,11.5,NA,83.91,NA,NA,0.997272727,1.4,0.077272727,0.065,8/10/2018,0.362903226,6,0,NA,NA,1,0,0,0,0,0,0,0,124
81,73,27004800,2020,Hyland,1,3,0.7,4.7,0.15,0.42,0.27,NA,83.913,0.995,11.5,9,83.91,10.72577762,NA,2.066666667,2.516666667,24.6925,20.68833333,4/17/2020,0.217741935,3,1,9,4/30/2020,1,0,1,0,0,0,0,0,124
82,73,27004800,2020,Hyland,1,3,0.7,4.7,0.15,0.42,0.27,NA,83.913,0.995,11.5,9,83.91,10.72577762,NA,2.066666667,2.516666667,24.6925,20.68833333,6/4/2020,0.754098361,6,1,9,4/30/2020,1,0,1,0,0,0,0,0,122
83,75,27005500,2018,NA,1,1,0.7,3.1,0.08,NA,NA,NA,NA,NA,NA,3.2,NA,NA,111.9082892,NA,NA,NA,NA,5/13/2018,0.094736842,2,1,3.2,6/1/2018,0,0,0,0,0,0,0,0,95
84,76,27005500,2021,NA,0,3,NA,4.4,0.05,NA,NA,NA,NA,NA,NA,NA,NA,NA,82.42532443,NA,NA,NA,NA,5/2/2021,0.031578947,2,0,NA,NA,1,1,1,0,0,0,0,0,95
85,77,27005500,2023,NA,0,4,NA,7.7,0.05,NA,NA,NA,NA,NA,NA,NA,NA,NA,106.8881813,NA,NA,NA,NA,5/13/2023,0.063157895,2,0,NA,NA,1,0,1,1,1,0,0,0,95
86,78,27005500,2024,NA,1,5,NA,0.6,0.19,NA,NA,NA,NA,NA,NA,3.16,NA,NA,66.83764799,NA,NA,NA,NA,4/13/2024,0.094736842,2,1,3.16,4/25/2024,0,1,0,1,1,1,0,0,95
89,81,27005700,2024,NA,0,1,NA,0.6,NA,0.64,NA,NA,NA,NA,NA,NA,NA,NA,66.41218133,1.039285714,0.7,0.048,0.067,6/24/2024,1.6,7,0,NA,NA,1,0,0,0,0,0,0,0,55
90,81,27005700,2024,NA,0,1,NA,0.6,NA,0.64,NA,NA,NA,NA,NA,NA,NA,NA,66.41218133,1.039285714,0.7,0.048,0.067,8/29/2024,1.759259259,6,0,NA,NA,1,0,0,0,0,0,0,0,54
87,79,27005700,2023,NA,1,1,1.5,7.7,NA,0,NA,NA,NA,NA,NA,5.91,NA,NA,106.4627146,1,NA,0.0555,NA,6/19/2023,0.345454545,4,1,5.91,5/24/2023,0,0,0,0,0,0,0,0,55
88,79,27005700,2023,NA,1,1,1.5,7.7,NA,0,NA,NA,NA,NA,NA,5.91,NA,NA,106.4627146,1,NA,0.0555,NA,8/14/2023,0.571428571,3,1,5.91,5/24/2023,0,0,0,0,0,0,0,0,56
92,84,27007600,2021,Red Rock,1,5,0.5,4.4,NA,NA,NA,NA,96.611,0.9958,16,13.04,96.61,13.49756754,82.18729191,NA,NA,NA,NA,8/30/2021,0.952054795,9,1,13.04,5/1/2021,1,1,1,1,0,0,0,0,146
91,83,27007600,2018,Red Rock,1,2,NA,3.1,NA,NA,NA,NA,96.611,0.9958,16,13,96.61,13.45616396,111.6702567,NA,NA,NA,NA,7/6/2018,1.206451613,10,1,13,5/1/2018,1,0,0,0,0,0,0,0,155
93,85,27007800,2017,Staring,1,1,0.67,1.3,NA,0.22,NA,NA,156.217,0.9505,16,40,156.22,25.60491614,NA,1.058333333,1.208333333,0.064227273,0.0593,6/20/2017,0.852272727,4,1,40,5/1/2017,0,0,0,0,0,0,0,0,176
94,85,27007800,2017,Staring,1,1,0.67,1.3,NA,0.22,NA,NA,156.217,0.9505,16,40,156.22,25.60491614,NA,1.058333333,1.208333333,0.064227273,0.0593,6/28/2017,0.786127168,7,1,40,5/1/2017,0,0,0,0,0,0,0,0,173
95,85,27007800,2017,Staring,1,1,0.67,1.3,NA,0.22,NA,NA,156.217,0.9505,16,40,156.22,25.60491614,NA,1.058333333,1.208333333,0.064227273,0.0593,8/8/2017,0.578651685,3,1,40,5/1/2017,0,0,0,0,0,0,0,0,178
100,92,27007800,2023,Staring,0,1,0.55,7.7,0.16,0.2,0.04,NA,156.217,0.9505,16,NA,156.22,NA,NA,1.072222222,2.2,0.171888889,0.215166667,5/22/2023,0.359550562,4,0,NA,NA,0,0,0,0,0,1,0,0,178
101,92,27007800,2023,Staring,0,1,0.55,7.7,0.16,0.2,0.04,NA,156.217,0.9505,16,NA,156.22,NA,NA,1.072222222,2.2,0.171888889,0.215166667,6/14/2023,0.45505618,6,0,NA,NA,0,0,0,0,0,1,0,0,178
102,92,27007800,2023,Staring,0,1,0.55,7.7,0.16,0.2,0.04,NA,156.217,0.9505,16,NA,156.22,NA,NA,1.072222222,2.2,0.171888889,0.215166667,8/23/2023,0.327683616,5,0,NA,NA,0,0,0,0,0,1,0,0,177
96,88,27007800,2018,Staring,0,1,0.92,3.1,NA,NA,NA,NA,156.217,0.9505,16,NA,156.22,NA,NA,NA,NA,NA,NA,8/13/2018,0.593220339,3,0,NA,NA,1,0,0,0,0,0,0,0,177
97,89,27007800,2019,Staring,0,1,NA,5.5,NA,0.12,NA,NA,156.217,0.9505,16,NA,156.22,NA,NA,NA,NA,NA,NA,6/3/2019,0.605714286,4,0,NA,NA,0,1,0,0,0,0,0,0,175
98,89,27007800,2019,Staring,0,1,NA,5.5,NA,0.12,NA,NA,156.217,0.9505,16,NA,156.22,NA,NA,NA,NA,NA,NA,6/18/2019,0.824858757,4,0,NA,NA,0,1,0,0,0,0,0,0,177
99,89,27007800,2019,Staring,0,1,NA,5.5,NA,0.12,NA,NA,156.217,0.9505,16,NA,156.22,NA,NA,NA,NA,NA,NA,8/12/2019,0.779761905,7,0,NA,NA,0,1,0,0,0,0,0,0,168
103,95,27009000,2024,Holiday,1,1,NA,0.6,NA,0,NA,NA,8,1,NA,4.2,8,52.5,NA,NA,NA,NA,NA,6/12/2024,1.096153846,6,1,4.2,4/19/2024,0,0,0,0,0,0,0,0,104
104,95,27009000,2024,Holiday,1,1,NA,0.6,NA,0,NA,NA,8,1,NA,4.2,8,52.5,NA,NA,NA,NA,NA,8/12/2024,0.538461538,3,1,4.2,4/19/2024,0,0,0,0,0,0,0,0,104
105,97,27009000,2025,Holiday,1,2,NA,1.2,NA,0.01,NA,NA,8,1,NA,4.2,8,52.5,NA,NA,NA,NA,NA,6/10/2025,0.240384615,3,1,4.2,4/30/2025,1,0,0,0,0,0,0,0,104
106,97,27009000,2025,Holiday,1,2,NA,1.2,NA,0.01,NA,NA,8,1,NA,4.2,8,52.5,NA,NA,NA,NA,NA,8/12/2025,0.201923077,1,1,4.2,4/30/2025,1,0,0,0,0,0,0,0,104
109,100,27009800,2019,Bass,1,4,0.64,5.5,NA,NA,NA,NA,149.282,0.8149,31,20.4,149.28,13.66559486,100.5750171,2.46,2.971428571,0.02835,0.024125,7/29/2019,0.990384615,4,1,20.4,5/1/2019,1,1,1,0,0,0,0,0,104
110,101,27009800,2021,Bass,1,6,0.75,4.4,0.64,NA,NA,NA,149.282,0.8149,31,18.02,149.28,12.07127546,82.95885952,2.728554839,4.023093333,0.0295,0.037333333,5/26/2021,0.632653061,5,1,18.02,6/1/2021,1,1,1,1,1,0,0,0,98
111,101,27009800,2021,Bass,1,6,0.75,4.4,0.64,NA,NA,NA,149.282,0.8149,31,18.02,149.28,12.07127546,82.95885952,2.728554839,4.023093333,0.0295,0.037333333,8/17/2021,0.916666667,8,1,18.02,6/1/2021,1,1,1,1,1,0,0,0,96
107,99,27009800,2018,Bass,1,3,0.6,3.1,0.5,NA,NA,NA,149.282,0.8149,31,12.3,149.28,8.239549839,112.4418243,1.343333333,2.19,0.161212121,0.0775,5/12/2018,0.904255319,6,1,12.3,5/1/2018,1,1,0,0,0,0,0,0,94
108,99,27009800,2018,Bass,1,3,0.6,3.1,0.5,NA,NA,NA,149.282,0.8149,31,12.3,149.28,8.239549839,112.4418243,1.343333333,2.19,0.161212121,0.0775,8/16/2018,0.5,6,1,12.3,5/1/2018,1,1,0,0,0,0,0,0,104
112,103,27009800,2023,Bass,1,8,0.95,7.7,NA,0.02,NA,NA,149.282,0.8149,31,18.66,149.28,12.5,107.4217164,2.057222222,2.563636364,NA,NA,6/7/2023,1.247311828,8,1,18.66,5/24/2023,1,1,1,1,1,1,1,0,93
113,103,27009800,2023,Bass,1,8,0.95,7.7,NA,0.02,NA,NA,149.282,0.8149,31,18.66,149.28,12.5,107.4217164,2.057222222,2.563636364,NA,NA,8/15/2023,0.92,6,1,18.66,5/24/2023,1,1,1,1,1,1,1,0,100
114,103,27009800,2023,Bass,1,8,0.95,7.7,NA,0.02,NA,NA,149.282,0.8149,31,18.66,149.28,12.5,107.4217164,2.057222222,2.563636364,NA,NA,8/21/2023,0.887640449,9,1,18.66,5/24/2023,1,1,1,1,1,1,1,0,89
115,104,27010300,2022,NA,0,4,NA,3.8,NA,0.25,NA,NA,NA,NA,6,NA,NA,NA,105.4289821,0.692888889,0.9703,0.117833333,0.0785,6/21/2022,0.698412698,6,0,NA,NA,0,1,1,1,1,0,0,0,126
116,104,27010300,2022,NA,0,4,NA,3.8,NA,0.25,NA,NA,NA,NA,6,NA,NA,NA,105.4289821,0.692888889,0.9703,0.117833333,0.0785,8/9/2022,0.865079365,7,0,NA,NA,0,1,1,1,1,0,0,0,126
127,111,27010400,2019,Medicine,1,3,1.12,5.5,0.26,0.5,0.24,NA,434.53,0.4674,47.59999847,49.57,434.53,11.40772789,102.7427606,1.738709677,2.561538462,0.14809434,0.056826087,4/25/2019,0.657608696,7,1,49.57,5/1/2019,1,1,0,0,0,0,0,0,184
128,111,27010400,2019,Medicine,1,3,1.12,5.5,0.26,0.5,0.24,NA,434.53,0.4674,47.59999847,49.57,434.53,11.40772789,102.7427606,1.738709677,2.561538462,0.14809434,0.056826087,6/19/2019,1.703296703,13,1,49.57,5/1/2019,1,1,0,0,0,0,0,0,182
129,111,27010400,2019,Medicine,1,3,1.12,5.5,0.26,0.5,0.24,NA,434.53,0.4674,47.59999847,49.57,434.53,11.40772789,102.7427606,1.738709677,2.561538462,0.14809434,0.056826087,8/14/2019,2.005494505,12,1,49.57,5/1/2019,1,1,0,0,0,0,0,0,182
121,107,27010400,2017,Medicine,1,1,0.83,1.3,0.43,0.46,0.03,NA,434.53,0.4674,47.59999847,45,434.53,10.35601685,82.52674794,2.193333333,3.414285714,0.14925,0.051833333,4/20/2017,0.697802198,4,1,45,4/1/2017,0,0,0,0,0,0,0,0,182
122,107,27010400,2017,Medicine,1,1,0.83,1.3,0.43,0.46,0.03,NA,434.53,0.4674,47.59999847,45,434.53,10.35601685,82.52674794,2.193333333,3.414285714,0.14925,0.051833333,6/2/2017,0.907608696,9,1,45,4/1/2017,0,0,0,0,0,0,0,0,184
123,107,27010400,2017,Medicine,1,1,0.83,1.3,0.43,0.46,0.03,NA,434.53,0.4674,47.59999847,45,434.53,10.35601685,82.52674794,2.193333333,3.414285714,0.14925,0.051833333,9/1/2017,1.336956522,14,1,45,4/1/2017,0,0,0,0,0,0,0,0,184
124,109,27010400,2018,Medicine,1,2,1.2,3.1,0.29,0.14,-0.15,NA,434.53,0.4674,47.59999847,35.8,434.53,8.238786735,114.6095678,1.805833333,2.88,0.218181818,0.0625,5/15/2018,0.87431694,7,1,35.8,5/1/2018,1,0,0,0,0,0,0,0,183
125,109,27010400,2018,Medicine,1,2,1.2,3.1,0.29,0.14,-0.15,NA,434.53,0.4674,47.59999847,35.8,434.53,8.238786735,114.6095678,1.805833333,2.88,0.218181818,0.0625,6/27/2018,1.404371585,12,1,35.8,5/1/2018,1,0,0,0,0,0,0,0,183
126,109,27010400,2018,Medicine,1,2,1.2,3.1,0.29,0.14,-0.15,NA,434.53,0.4674,47.59999847,35.8,434.53,8.238786735,114.6095678,1.805833333,2.88,0.218181818,0.0625,8/31/2018,1.699453552,12,1,35.8,5/1/2018,1,0,0,0,0,0,0,0,183
117,106,27010400,2022,Medicine,1,6,1.81,3.8,0.54,0.41,-0.13,NA,434.53,0.4674,47.59999847,119.5,434.53,27.50097807,109.4006227,3.175,3.9,185.7061111,85.26266667,4/29/2022,0.857923497,9,1,119.5,5/16/2022,1,1,1,1,1,0,0,0,183
118,106,27010400,2022,Medicine,1,6,1.81,3.8,0.54,0.41,-0.13,NA,434.53,0.4674,47.59999847,119.5,434.53,27.50097807,109.4006227,3.175,3.9,185.7061111,85.26266667,6/9/2022,1.747252747,17,1,119.5,5/16/2022,1,1,1,1,1,0,0,0,182
119,106,27010400,2022,Medicine,1,6,1.81,3.8,0.54,0.41,-0.13,NA,434.53,0.4674,47.59999847,119.5,434.53,27.50097807,109.4006227,3.175,3.9,185.7061111,85.26266667,7/12/2022,1.935185185,10,1,119.5,5/16/2022,1,1,1,1,1,0,0,0,108
120,106,27010400,2022,Medicine,1,6,1.81,3.8,0.54,0.41,-0.13,NA,434.53,0.4674,47.59999847,119.5,434.53,27.50097807,109.4006227,3.175,3.9,185.7061111,85.26266667,9/7/2022,2.175257732,13,1,119.5,5/16/2022,1,1,1,1,1,0,0,0,291
130,114,27010400,2020,Medicine,1,4,0.85,4.7,NA,0.69,NA,NA,434.53,0.4674,47.59999847,49.4,434.53,11.36860516,96.58680377,2.945833333,3.741666667,NA,NA,6/11/2020,1.368131868,15,1,49.4,5/1/2020,1,1,1,0,0,0,0,0,182
133,117,27012500,2019,Diamond,1,3,0.45,5.5,NA,0.36,NA,NA,405.015,0.9992,8,405,405.02,99.99506197,NA,1.325,2.04,0.11675,0.037,6/25/2019,1,7,1,405,5/1/2019,1,1,0,0,0,0,0,0,105
134,117,27012500,2019,Diamond,1,3,0.45,5.5,NA,0.36,NA,NA,405.015,0.9992,8,405,405.02,99.99506197,NA,1.325,2.04,0.11675,0.037,8/19/2019,0.238095238,4,1,405,5/1/2019,1,1,0,0,0,0,0,0,105
131,115,27012500,2018,Diamond,1,2,0.55,3.1,NA,0.11,NA,NA,405.015,0.9992,8,60,405.02,14.81408326,NA,0.750909091,1.1825,0.134545455,0.07,6/28/2018,0.771428571,5,1,60,5/1/2018,1,0,0,0,0,0,0,0,105
132,115,27012500,2018,Diamond,1,2,0.55,3.1,NA,0.11,NA,NA,405.015,0.9992,8,60,405.02,14.81408326,NA,0.750909091,1.1825,0.134545455,0.07,9/4/2018,0.371428571,3,1,60,5/1/2018,1,0,0,0,0,0,0,0,105
135,119,27012500,2020,Diamond,1,4,0.65,4.7,NA,0.51,NA,NA,405.015,0.9992,8,405,405.02,99.99506197,NA,0.741666667,1.183333333,NA,NA,6/3/2020,0.580952381,6,1,405,4/13/2020,1,1,1,0,0,0,0,0,105
136,120,27019100,2017,Sarah,1,1,NA,1.3,NA,0.15,NA,NA,557.23,0.6694,59,260,373,69.70509383,82.90832173,1,3,0.1,0.1,6/1/2017,0.91160221,9,1,260,5/1/2017,0,0,0,0,0,0,0,0,181
137,120,27019100,2017,Sarah,1,1,NA,1.3,NA,0.15,NA,NA,557.23,0.6694,59,260,373,69.70509383,82.90832173,1,3,0.1,0.1,8/25/2017,1.064864865,10,1,260,5/1/2017,0,0,0,0,0,0,0,0,185
138,122,27019100,2018,Sarah,1,2,NA,3.1,NA,0.04,NA,NA,557.23,0.6694,59,114.5,373,30.69705094,114.9911416,1.25,4,0.12,0.2,6/13/2018,0.79144385,10,1,114.5,5/1/2018,1,0,0,0,0,0,0,0,187
139,122,27019100,2018,Sarah,1,2,NA,3.1,NA,0.04,NA,NA,557.23,0.6694,59,114.5,373,30.69705094,114.9911416,1.25,4,0.12,0.2,8/20/2018,1.048913043,10,1,114.5,5/1/2018,1,0,0,0,0,0,0,0,184
140,124,27019100,2019,Sarah,1,3,NA,5.5,NA,0.15,NA,NA,557.23,0.6694,59,108.6,373,29.1152815,103.1243344,1,1.8,0.09,0.06,6/7/2019,0.783783784,10,1,108.6,5/1/2019,1,1,0,0,0,0,0,0,185
141,124,27019100,2019,Sarah,1,3,NA,5.5,NA,0.15,NA,NA,557.23,0.6694,59,108.6,373,29.1152815,103.1243344,1,1.8,0.09,0.06,9/6/2019,0.730434783,10,1,108.6,5/1/2019,1,1,0,0,0,0,0,0,115
142,124,27019100,2019,Sarah,1,3,NA,5.5,NA,0.15,NA,NA,557.23,0.6694,59,108.6,373,29.1152815,103.1243344,1,1.8,0.09,0.06,9/16/2019,0.72972973,6,1,108.6,5/1/2019,1,1,0,0,0,0,0,0,74
145,129,27027500,2025,NA,1,2,0.87,1.2,0.4,NA,NA,NA,NA,NA,NA,3.5,NA,NA,NA,0.788181818,0.852,NA,NA,4/26/2025,0.925,6,1,3.5,5/2/2025,0,0,0,1,0,0,0,0,40
143,127,27027500,2021,NA,1,1,1.1,4.4,0.22,NA,NA,NA,NA,NA,NA,1.28,NA,NA,NA,1.309,1.522,NA,NA,5/2/2021,1.375,6,1,1.28,5/14/2021,0,0,0,0,0,0,0,0,40
144,128,27027500,2023,NA,0,1,1.37,7.7,0,NA,NA,NA,NA,NA,NA,NA,NA,NA,NA,1.1425,1.4475,NA,NA,5/13/2023,1.3,6,0,NA,NA,0,1,0,0,0,0,0,0,40
146,130,27066900,2021,NA,0,2,NA,4.4,0,NA,NA,NA,NA,NA,NA,NA,NA,NA,NA,NA,NA,NA,NA,5/2/2021,0.632653061,3,0,NA,NA,1,1,0,0,0,0,0,0,49
147,131,27066900,2023,NA,0,3,NA,7.7,0,NA,NA,NA,NA,NA,NA,NA,NA,NA,NA,NA,NA,NA,NA,5/13/2023,0.224489796,2,0,NA,NA,1,0,1,1,0,0,0,0,49
148,132,27066900,2024,NA,1,4,NA,0.6,0.1,NA,NA,NA,NA,NA,NA,1.17,NA,NA,NA,NA,NA,NA,NA,4/8/2024,1.571428571,4,1,1.17,4/25/2024,0,1,0,1,1,0,0,0,49
149,133,27067700,2023,NA,0,1,NA,7.7,0,NA,NA,NA,NA,NA,NA,NA,NA,NA,NA,NA,NA,NA,NA,5/13/2023,0.64,1,0,NA,NA,1,0,0,0,0,0,0,0,25
150,134,27067700,2024,NA,1,2,NA,0.6,0.16,NA,NA,NA,NA,NA,NA,0.59,NA,NA,NA,NA,NA,NA,NA,4/8/2024,0.16,2,1,0.59,4/25/2024,0,1,0,0,0,0,0,0,25
153,136,62000200,2020,Bald Eagle,1,4,1.14,4.7,NA,NA,NA,NA,589.063,0.5613,37,72.6,589.06,12.32472074,97.51186535,2.56064,3.993169231,0.032318841,0.020888889,8/13/2020,1.682352941,14,1,72.6,5/4/2020,1,1,1,0,0,0,0,0,170
154,136,62000200,2020,Bald Eagle,1,4,1.14,4.7,NA,NA,NA,NA,589.063,0.5613,37,72.6,589.06,12.32472074,97.51186535,2.56064,3.993169231,0.032318841,0.020888889,7/9/2020,2.388535032,16,1,72.6,5/4/2020,1,1,1,0,0,0,0,0,157
156,138,62000200,2023,Bald Eagle,1,7,1.21,7.7,NA,NA,NA,NA,589.063,0.5613,37,68.93,589.06,11.70169422,110.5145214,1.932772727,2.414886957,0.0362,0.02485,8/9/2023,1.958083832,17,1,68.93,5/16/2023,1,1,1,1,1,1,0,0,167
151,135,62000200,2019,Bald Eagle,1,3,1.34,5.5,NA,NA,NA,NA,589.063,0.5613,37,68.82,589.06,11.68302041,103.6678221,2.341935484,3.654545455,0.038157143,0.026433333,8/22/2019,1.488235294,16,1,68.82,5/1/2019,1,1,0,0,0,0,0,0,170
152,135,62000200,2019,Bald Eagle,1,3,1.34,5.5,NA,NA,NA,NA,589.063,0.5613,37,68.82,589.06,11.68302041,103.6678221,2.341935484,3.654545455,0.038157143,0.026433333,7/17/2019,1.4875,13,1,68.82,5/1/2019,1,1,0,0,0,0,0,0,160
155,137,62000200,2021,Bald Eagle,1,5,1.19,4.4,NA,NA,NA,NA,589.063,0.5613,37,86.89,589.06,14.75061963,86.05166454,2.404576471,3.558657143,0.038479452,0.020137931,9/13/2021,1.608433735,14,1,86.89,5/1/2021,1,1,1,1,0,0,0,0,166
158,140,62000200,2018,Bald Eagle,1,2,1.8,3.1,NA,0.38,NA,NA,589.063,0.5613,37,19.6,589.06,3.327335076,115.5346293,2.209090909,3.175,0.038867647,0.02275,6/20/2018,1.413793103,11,1,19.6,5/1/2018,1,0,0,0,0,0,0,0,145
159,140,62000200,2018,Bald Eagle,1,2,1.8,3.1,NA,0.38,NA,NA,589.063,0.5613,37,19.6,589.06,3.327335076,115.5346293,2.209090909,3.175,0.038867647,0.02275,8/22/2018,1.424418605,14,1,19.6,5/1/2018,1,0,0,0,0,0,0,0,172
157,139,62000200,2022,Bald Eagle,1,7,1.34,3.8,NA,NA,NA,NA,589.063,0.5613,37,26.47,589.06,4.493599973,110.3256843,1.925245714,2.5153,0.041098765,0.025516129,8/9/2022,1.979166667,16,1,26.47,5/1/2022,1,1,1,1,1,0,0,0,144
164,147,62000600,2025,Kohlman,1,6,0.96,1.2,NA,0.27,NA,NA,82.899,1,11.60000038,15.58,82.9,18.79372738,87.50826959,1.179166667,1.2625,0.059512821,0.056933333,6/23/2025,1.548672566,9,1,15.58,4/30/2025,1,1,1,1,1,0,0,0,113
165,147,62000600,2025,Kohlman,1,6,0.96,1.2,NA,0.27,NA,NA,82.899,1,11.60000038,15.58,82.9,18.79372738,87.50826959,1.179166667,1.2625,0.059512821,0.056933333,8/25/2025,1.221238938,7,1,15.58,4/30/2025,1,1,1,1,1,0,0,0,113
160,143,62000600,2024,Kohlman,1,5,0.6,0.6,NA,0.29,NA,NA,82.899,1,11.60000038,12.4,82.9,14.95778046,67.08913793,1.069,1.2,0.10056,0.106727273,6/27/2024,1.401785714,9,1,12.4,4/30/2024,1,1,1,1,0,0,0,0,112
161,143,62000600,2024,Kohlman,1,5,0.6,0.6,NA,0.29,NA,NA,82.899,1,11.60000038,12.4,82.9,14.95778046,67.08913793,1.069,1.2,0.10056,0.106727273,7/24/2024,1.504424779,9,1,12.4,4/30/2024,1,1,1,1,0,0,0,0,113
162,143,62000600,2024,Kohlman,1,5,0.6,0.6,NA,0.29,NA,NA,82.899,1,11.60000038,12.4,82.9,14.95778046,67.08913793,1.069,1.2,0.10056,0.106727273,8/20/2024,1.464285714,10,1,12.4,4/30/2024,1,1,1,1,0,0,0,0,112
163,143,62000600,2024,Kohlman,1,5,0.6,0.6,NA,0.29,NA,NA,82.899,1,11.60000038,12.4,82.9,14.95778046,67.08913793,1.069,1.2,0.10056,0.106727273,9/11/2024,1.026548673,7,1,12.4,4/30/2024,1,1,1,1,0,0,0,0,113
166,149,62005500,2024,Como,1,7,0.78,0.6,NA,0.55,NA,NA,65.645,0.9775,16,71.3,65.65,108.6062452,66.6033456,1.16482,1.370181818,0.108592593,0.078155556,6/14/2024,0.866666667,4,1,71.3,4/4/2024,1,0,1,1,1,1,1,0,60
167,149,62005500,2024,Como,1,7,0.78,0.6,NA,0.55,NA,NA,65.645,0.9775,16,71.3,65.65,108.6062452,66.6033456,1.16482,1.370181818,0.108592593,0.078155556,7/9/2024,0.783333333,4,1,71.3,4/4/2024,1,0,1,1,1,1,1,0,60
168,149,62005500,2024,Como,1,7,0.78,0.6,NA,0.55,NA,NA,65.645,0.9775,16,71.3,65.65,108.6062452,66.6033456,1.16482,1.370181818,0.108592593,0.078155556,8/6/2024,0.616666667,6,1,71.3,4/4/2024,1,0,1,1,1,1,1,0,60
169,152,62005500,2025,Como,1,8,0.6,1.2,NA,0.25,NA,NA,65.645,0.9775,16,71.3,65.65,108.6062452,87.02247726,1.17,1.55,0.144325,0.079875,6/2/2025,0.5,1,1,71.3,4/15/2025,1,1,0,1,1,1,1,1,60
170,152,62005500,2025,Como,1,8,0.6,1.2,NA,0.25,NA,NA,65.645,0.9775,16,71.3,65.65,108.6062452,87.02247726,1.17,1.55,0.144325,0.079875,7/2/2025,0.666666667,4,1,71.3,4/15/2025,1,1,0,1,1,1,1,1,60
171,152,62005500,2025,Como,1,8,0.6,1.2,NA,0.25,NA,NA,65.645,0.9775,16,71.3,65.65,108.6062452,87.02247726,1.17,1.55,0.144325,0.079875,8/4/2025,0.183333333,1,1,71.3,4/15/2025,1,1,0,1,1,1,1,1,60
175,156,70002200,2019,Cleary,1,1,0.55,5.5,0.81,0.84,0.03,NA,144.743,0.9902,9,145,144.74,100.1796324,99.31458848,1.625,2.08,0.08225,0.0586,4/26/2019,0.872727273,3,1,145,5/1/2019,0,0,0,0,0,0,0,0,165
176,156,70002200,2019,Cleary,1,1,0.55,5.5,0.81,0.84,0.03,NA,144.743,0.9902,9,145,144.74,100.1796324,99.31458848,1.625,2.08,0.08225,0.0586,6/14/2019,1.351515152,7,1,145,5/1/2019,0,0,0,0,0,0,0,0,165
177,156,70002200,2019,Cleary,1,1,0.55,5.5,0.81,0.84,0.03,NA,144.743,0.9902,9,145,144.74,100.1796324,99.31458848,1.625,2.08,0.08225,0.0586,9/3/2019,1.018292683,6,1,145,5/1/2019,0,0,0,0,0,0,0,0,164
172,155,70002200,2022,Cleary,1,4,0.63,3.8,0.48,0.07,-0.41,NA,144.743,0.9902,9,145,144.74,100.1796324,105.9724506,0.8,1.28,171.2333333,98.046,4/11/2022,0.670886076,2,1,145,4/20/2022,1,1,1,0,0,0,0,0,158
173,155,70002200,2022,Cleary,1,4,0.63,3.8,0.48,0.07,-0.41,NA,144.743,0.9902,9,145,144.74,100.1796324,105.9724506,0.8,1.28,171.2333333,98.046,6/2/2022,0.684848485,6,1,145,4/20/2022,1,1,1,0,0,0,0,0,165
174,155,70002200,2022,Cleary,1,4,0.63,3.8,0.48,0.07,-0.41,NA,144.743,0.9902,9,145,144.74,100.1796324,105.9724506,0.8,1.28,171.2333333,98.046,8/4/2022,1.245283019,5,1,145,4/20/2022,1,1,1,0,0,0,0,0,159
178,159,70002200,2020,Cleary,1,2,1.55,4.7,NA,0.41,NA,NA,144.743,0.9902,9,145,144.74,100.1796324,93.15863169,1.366666667,1.733333333,NA,NA,6/5/2020,1.085365854,6,1,145,4/14/2020,1,0,0,0,0,0,0,0,164
179,160,70007200,2019,Upper Prior,1,1,0.74,5.5,NA,NA,NA,NA,310.512,0.8132,40.29999924,14.3,310.51,4.605326721,101.435135,0.961111111,1.05,0.223305556,0.13,7/29/2019,0.328947368,3,1,14.3,5/1/2019,0,0,0,0,0,0,0,0,76
180,161,70007200,2020,Upper Prior,1,2,1.1,4.7,NA,NA,NA,NA,310.512,0.8132,40.29999924,17.7,310.51,5.700299507,95.2791782,1.901111111,2.6935,NA,NA,7/20/2020,0.430232558,5,1,17.7,5/1/2020,1,0,0,0,0,0,0,0,86
181,162,71001300,2017,Orono,1,1,NA,1.3,NA,0.32,NA,NA,246.642,0.9907,17,4.3,246.64,1.743431722,82.26014926,1.5,1.65,0.073,0.072,6/12/2017,0.5,11,1,4.3,5/1/2017,0,0,0,0,0,0,0,0,204
182,162,71001300,2017,Orono,1,1,NA,1.3,NA,0.32,NA,NA,246.642,0.9907,17,4.3,246.64,1.743431722,82.26014926,1.5,1.65,0.073,0.072,7/26/2017,0.735294118,6,1,4.3,5/1/2017,0,0,0,0,0,0,0,0,204
183,164,71001300,2018,Orono,1,2,NA,3.1,NA,0.17,NA,NA,246.642,0.9907,17,21.91,246.64,8.883392799,114.3429691,NA,NA,NA,NA,6/10/2018,0.705882353,10,1,21.91,5/1/2018,1,0,0,0,0,0,0,0,204
184,164,71001300,2018,Orono,1,2,NA,3.1,NA,0.17,NA,NA,246.642,0.9907,17,21.91,246.64,8.883392799,114.3429691,NA,NA,NA,NA,7/21/2018,0.946078431,8,1,21.91,5/1/2018,1,0,0,0,0,0,0,0,204
185,166,71001300,2019,Orono,1,3,NA,5.5,0.15,NA,NA,NA,246.642,0.9907,17,9.4,246.64,3.811222835,102.4761619,1.52,1.3625,0.07,0.066,5/18/2019,0.421568627,7,1,9.4,5/1/2019,1,1,0,0,0,0,0,0,204
186,166,71001300,2019,Orono,1,3,NA,5.5,0.15,NA,NA,NA,246.642,0.9907,17,9.4,246.64,3.811222835,102.4761619,1.52,1.3625,0.07,0.066,7/25/2019,0.838235294,8,1,9.4,5/1/2019,1,1,0,0,0,0,0,0,204
187,167,71001300,2020,Orono,1,4,NA,4.7,0.28,NA,NA,NA,246.642,0.9907,17,25.5,246.64,10.33895556,96.3202051,0.92,1.4125,0.1,0.065,5/20/2020,0.62254902,7,1,25.5,5/1/2020,1,1,1,0,0,0,0,0,204
188,167,71001300,2020,Orono,1,4,NA,4.7,0.28,NA,NA,NA,246.642,0.9907,17,25.5,246.64,10.33895556,96.3202051,0.92,1.4125,0.1,0.065,7/21/2020,1,7,1,25.5,5/1/2020,1,1,1,0,0,0,0,0,204
189,168,71001300,2021,Orono,0,4,NA,4.4,0,0.22,0.22,NA,246.642,0.9907,17,NA,246.64,NA,84.86000429,1.05156,1.4859,NA,NA,5/15/2021,0.053921569,6,0,NA,NA,1,1,1,1,0,0,0,0,204
190,168,71001300,2021,Orono,0,4,NA,4.4,0,0.22,0.22,NA,246.642,0.9907,17,NA,246.64,NA,84.86000429,1.05156,1.4859,NA,NA,6/13/2021,0.333333333,9,0,NA,NA,1,1,1,1,0,0,0,0,204
191,168,71001300,2021,Orono,0,4,NA,4.4,0,0.22,0.22,NA,246.642,0.9907,17,NA,246.64,NA,84.86000429,1.05156,1.4859,NA,NA,7/22/2021,0.62745098,6,0,NA,NA,1,1,1,1,0,0,0,0,204
192,171,71001300,2022,Orono,1,5,NA,3.8,0.2,NA,NA,NA,246.642,0.9907,17,30.87,246.64,12.51621797,109.134024,0.9906,0.89535,NA,NA,5/21/2022,0.617647059,7,1,30.87,6/3/2022,0,1,1,1,1,0,0,0,204
193,171,71001300,2022,Orono,1,5,NA,3.8,0.2,NA,NA,NA,246.642,0.9907,17,30.87,246.64,12.51621797,109.134024,0.9906,0.89535,NA,NA,7/19/2022,1.0591133,9,1,30.87,6/3/2022,0,1,1,1,1,0,0,0,203
194,173,71001300,2023,Orono,1,6,NA,7.7,0.19,NA,NA,NA,246.642,0.9907,17,30.87,246.64,12.51621797,109.3228611,0.99822,1.35255,NA,NA,5/20/2023,0.524509804,6,1,30.87,5/25/2023,1,0,1,1,1,1,0,0,204
195,173,71001300,2023,Orono,1,6,NA,7.7,0.19,NA,NA,NA,246.642,0.9907,17,30.87,246.64,12.51621797,109.3228611,0.99822,1.35255,NA,NA,7/21/2023,0.647058824,7,1,30.87,5/25/2023,1,0,1,1,1,1,0,0,204
196,175,71001300,2024,Orono,1,7,NA,0.6,NA,NA,NA,NA,246.642,0.9907,17,30.87,246.64,12.51621797,69.27232785,0.979714286,0.8636,NA,NA,7/19/2024,0.710784314,9,1,30.87,4/24/2024,1,1,0,1,1,1,1,0,204
197,176,71001300,2025,Orono,1,8,NA,1.2,NA,NA,NA,NA,246.642,0.9907,17,31,246.64,12.56892637,89.69145951,1.065,NA,NA,NA,7/14/2025,0.588235294,8,1,31,5/14/2025,1,1,1,0,1,1,1,1,204
198,177,71014700,2018,Rush,1,2,NA,3.1,NA,NA,NA,NA,160.818,1,10,10.8,160.82,6.715582639,115.6944635,NA,NA,NA,NA,8/10/2018,1.357142857,11,1,10.8,5/1/2018,1,0,0,0,0,0,0,0,112
199,178,73001400,2017,Marie,1,1,1.18,1.3,NA,NA,NA,NA,124.967,0.8513,30,14.8,124.97,11.84284228,84.67768708,1.75,4.3,0.05575,0.033,7/28/2017,1.466666667,7,1,14.8,5/1/2017,0,0,0,0,0,0,0,0,120
200,179,73001400,2018,Marie,1,2,0.9,3.1,NA,NA,NA,NA,124.967,0.8513,30,12.84,124.97,10.27446587,116.7605069,NA,NA,NA,NA,7/16/2018,1.416666667,8,1,12.84,5/1/2018,1,0,0,0,0,0,0,0,120
203,182,73008200,2023,Schneider,0,2,NA,7.7,NA,NA,NA,NA,25.135,0.462,55,NA,25.14,NA,113.4293501,3.232,3.735,0.0322,0.0335,9/12/2023,1.027027027,7,0,NA,NA,0,0,1,0,0,1,0,0,37
201,180,73008200,2020,Schneider,1,2,2.44,4.7,NA,NA,NA,NA,25.135,0.462,55,1.7,25.14,6.76213206,100.4266941,NA,NA,NA,NA,7/31/2020,1.56,9,1,1.7,5/1/2020,0,0,1,0,0,0,0,0,25
202,181,73008200,2022,Schneider,0,2,NA,3.8,NA,0.5,NA,NA,25.135,0.462,55,NA,25.14,NA,113.240513,NA,NA,NA,NA,6/21/2022,1.625,4,0,NA,NA,0,1,0,0,1,0,0,0,8
204,183,73008300,2020,Great Northern,1,1,NA,4.7,NA,NA,NA,NA,185.346,0.9221,16.20000076,1.7,185.35,0.917183707,99.49144854,0.59055,0.762,NA,NA,7/31/2020,1.531914894,10,1,1.7,5/1/2020,0,0,0,0,0,0,0,0,94
207,186,73008600,2023,Knaus,1,4,NA,7.7,NA,NA,NA,NA,209.7,0.9682,16.20000076,6,209.7,2.861230329,112.5455052,1.556,1.375,0.1078,0.1065,9/12/2023,1.232227488,7,1,6,5/24/2023,1,1,1,0,0,0,0,0,211
205,184,73008600,2020,Knaus,1,1,0.84,4.7,NA,NA,NA,NA,209.7,0.9682,16.20000076,4,209.7,1.907486886,99.5428492,0.870857143,1.274618182,NA,NA,7/15/2020,0.769911504,8,1,4,5/1/2020,0,0,0,0,0,0,0,0,113
206,185,73008600,2022,Knaus,1,3,NA,3.8,NA,0.34,NA,NA,209.7,0.9682,16.20000076,10.8,209.7,5.150214592,112.3566681,NA,NA,NA,NA,6/21/2022,1.240963855,8,1,10.8,5/23/2022,1,1,0,0,0,0,0,0,83
208,187,73008700,2020,Krays,1,1,0.82,4.7,NA,NA,NA,NA,86.938,0.9048,40.20000076,1.8,86.94,2.070393375,NA,1.15824,1.719942857,NA,NA,7/15/2020,0.866666667,5,1,1.8,5/1/2020,0,0,0,0,0,0,0,0,45
211,190,73008800,2023,Bolfing,0,3,NA,7.7,NA,NA,NA,NA,67.37,0.6299,35,NA,67.37,NA,112.2822586,2.866,4.345,0.0368,0.0415,9/12/2023,1.307692308,5,0,NA,NA,1,1,1,0,0,0,0,0,65
209,188,73008800,2020,Bolfing,1,1,NA,4.7,NA,NA,NA,NA,67.37,0.6299,35,1,67.37,1.484340211,99.27960256,NA,NA,NA,NA,7/15/2020,0.625,4,1,1,5/1/2020,0,0,0,0,0,0,0,0,40
210,189,73008800,2022,Bolfing,1,3,NA,3.8,NA,0.22,NA,NA,67.37,0.6299,35,0.3,67.37,0.445302063,112.0934215,NA,NA,NA,NA,6/21/2022,0.555555556,4,1,0.3,5/23/2022,1,1,0,0,0,0,0,0,9
212,191,73008900,2020,Zumwalde,1,1,0.76,4.7,NA,NA,NA,NA,118.616,0.9816,21.29999924,1.7,118.62,1.433147867,NA,0.88392,1.2192,NA,NA,8/4/2020,0.416666667,5,1,1.7,5/1/2020,0,0,0,0,0,0,0,0,60
213,192,73008900,2022,Zumwalde,0,2,NA,3.8,NA,0.86,NA,NA,118.616,0.9816,21.29999924,NA,118.62,NA,NA,NA,NA,NA,NA,6/21/2022,0.820512821,7,0,NA,NA,1,1,0,0,0,0,0,0,78
214,193,73013300,2020,Cedar Island,0,1,NA,4.7,NA,NA,NA,NA,985.77,0.7659,NA,NA,755,NA,NA,NA,NA,NA,NA,8/22/2020,0.732804233,15,0,NA,NA,0,0,1,0,0,0,0,0,378
215,194,73013300,2022,Cedar Island,1,3,NA,3.8,NA,0.26,NA,NA,985.77,0.7659,NA,43.7,755,5.78807947,NA,NA,NA,NA,NA,6/21/2022,0.684895833,10,1,43.7,5/23/2022,1,0,0,0,1,0,0,0,384
216,194,73013300,2022,Cedar Island,1,3,NA,3.8,NA,0.26,NA,NA,985.77,0.7659,NA,43.7,755,5.78807947,NA,NA,NA,NA,NA,9/28/2022,0.400468384,11,1,43.7,5/23/2022,1,0,0,0,1,0,0,0,427
217,196,73013900,2020,Long,1,2,0.85,4.7,NA,NA,NA,NA,331.225,0.672,34,2,331.23,0.603810041,100.1538767,1.439333333,3.0988,NA,NA,7/30/2020,0.791411043,10,1,2,5/21/2020,0,0,1,0,0,0,0,0,163
221,200,73015700,2023,Horseshoe,0,4,NA,7.7,NA,NA,NA,NA,341.053,0.5437,57,NA,341.05,NA,113.4651645,1.676,2.44,0.073166667,0.075,8/7/2023,0.899845917,11,0,NA,NA,1,1,1,0,0,1,0,0,649
218,197,73015700,2020,Horseshoe,1,2,1.15,4.7,NA,NA,NA,NA,341.053,0.5437,57,5.4,341.05,1.583345551,100.4625085,1.24968,1.6764,NA,NA,8/15/2020,0.769230769,9,1,5.4,5/21/2020,0,0,1,0,0,0,0,0,169
219,198,73015700,2022,Horseshoe,1,4,NA,3.8,NA,0.35,NA,NA,341.053,0.5437,57,3.9,341.05,1.143527342,113.2763274,NA,NA,NA,NA,6/21/2022,0.837037037,5,1,3.9,5/23/2022,1,1,0,0,1,0,0,0,135
220,198,73015700,2022,Horseshoe,1,4,NA,3.8,NA,0.35,NA,NA,341.053,0.5437,57,3.9,341.05,1.143527342,113.2763274,NA,NA,NA,NA,9/28/2022,0.818487395,12,1,3.9,5/23/2022,1,1,0,0,1,0,0,0,595
222,201,82010100,2024,DeMontreville,1,1,NA,0.6,NA,0.02,NA,NA,142.617,0.9081,24,12,142.62,8.413967186,68.09691909,2.790909091,3.825,0.0259,0.0155,6/18/2024,1.436781609,12,1,12,4/24/2024,0,0,0,0,0,0,0,0,87
223,202,82010100,2025,DeMontreville,1,2,1.8,1.2,NA,0,NA,NA,142.617,0.9081,24,21.2,142.62,14.86467536,88.51605075,NA,NA,NA,NA,6/19/2025,1.662162162,10,1,21.2,5/13/2025,1,0,0,0,0,0,0,0,74
224,203,82010300,2025,Olson,1,1,3.2,1.2,NA,0,NA,NA,87.384,1,14.5,6.6,87.38,7.553215839,87.8025972,NA,NA,NA,NA,6/19/2025,2.324675325,11,1,6.6,5/13/2025,0,0,0,0,0,0,0,0,77
225,204,82016200,2023,Shields,1,5,NA,7.7,0.55,NA,NA,NA,25.527,0.8644,25.89999962,3.07,25.53,12.02506855,NA,NA,NA,NA,NA,4/25/2023,0.4,1,1,3.07,5/22/2023,1,1,1,1,0,0,0,0,40
227,206,86002300,2022,Beebe,1,6,NA,3.8,NA,0.02,NA,NA,179.487,0.5899,23.5,14.39,179.49,8.01715973,110.7646903,1.3,1.5,0.033,0.0315,6/15/2022,0.164835165,5,1,14.39,5/17/2022,1,1,1,1,1,0,0,0,91
226,205,86002300,2017,Beebe,1,1,0.88,1.3,NA,NA,NA,NA,179.487,0.5899,23.5,26.5,179.49,14.76405371,83.89081555,1.458717241,1.963058824,0.0364,0.04,8/15/2017,0.956521739,8,1,26.5,5/1/2017,0,0,0,0,0,0,0,0,115
228,207,86023400,2018,Bass,1,2,3.69,3.1,NA,NA,NA,NA,95.961,0.449,34,3.1,95.96,3.230512714,117.158988,4.724242424,5.825,0.0122,0.011,7/12/2018,3.73255814,16,1,3.1,5/1/2018,1,0,0,0,0,0,0,0,86
229,208,86028200,2017,Louisa,1,1,1.2,1.3,NA,NA,NA,NA,129.566,0.6673,44,13.85,129.57,10.68920275,84.20953346,2.25,5.8,0.05325,0.05,7/28/2017,1.466666667,7,1,13.85,5/1/2017,0,0,0,0,0,0,0,0,120
230,209,86028200,2018,Louisa,1,2,0.9,3.1,NA,NA,NA,NA,129.566,0.6673,44,15.69,129.57,12.10928456,116.2923533,NA,NA,NA,NA,7/17/2018,1.703389831,7,1,15.69,5/1/2018,1,0,0,0,0,0,0,0,118
