Lake.ID,Lake.x,lake_year,Year,SURVEY_START,litt.ac,Lake.area.acre,Proportion.littoral,Max.depth,Trt,YrsTrt,cytrt,yutrt,perc.lit.chem,trt_date_lag0,trt_acres_lag0,Acres_Chem,native_rich_mean,native_vegetated,survey_native_rich,nsamp,APM_permitted_acres,APM_perc_lit,secchi,secchi.sc,secchi.e,secchi.e.sc,phosphorus,phosphorus.e,phosphorus.sc,phosphorus.e.sc,lag0,lag1,lag2,lag3,lag4,lag5,lag6,lag7,lag8,APRMAYPcri,JUNPcri,DIFF.4.6,obs
2005300,Ham,Ham2020,2020,8/24/2020,190.45,190.45,0.8936,22,0,1,0,3,0,NA,NA,0,2.518518519,0.854961832,18,135,2.74,1.44,2.716038095,0.814159135,2.90448,0.214500006,0.0217,0.02175,-0.20706234,-0.208742601,0,0,0,1,0,0,0,0,0,NA,NA,NA,2
2005300,Ham,Ham2020,2020,7/23/2020,190.45,190.45,0.8936,22,0,1,0,3,0,NA,NA,0,2.949152542,1,14,59,2.74,1.44,2.716038095,0.814159135,2.90448,0.214500006,0.0217,0.02175,-0.20706234,-0.208742601,0,0,0,1,0,0,0,0,0,NA,NA,NA,1
2005300,Ham,Ham2019,2019,8/19/2019,190.45,190.45,0.8936,22,0,1,0,2,0,NA,NA,0,1.969465649,0.857142857,12,131,2.2,1.16,2.831578947,0.926647218,3.5375,0.700213085,0.0253,0.025,-0.2069628,-0.208562496,0,0,1,0,0,0,0,0,0,NA,NA,NA,4
2005300,Ham,Ham2019,2019,7/10/2019,190.45,190.45,0.8936,22,0,1,0,2,0,NA,NA,0,1.761904762,0.857142857,12,126,2.2,1.16,2.831578947,0.926647218,3.5375,0.700213085,0.0253,0.025,-0.2069628,-0.208562496,0,0,1,0,0,0,0,0,0,NA,NA,NA,3
2005300,Ham,Ham2018,2018,8/8/2018,190.45,190.45,0.8936,22,0,1,0,1,0,NA,NA,0,1.838028169,0.774647887,15,142,1.94,1.02,2.290909091,0.400262702,2.566666667,-0.044702474,NA,NA,NA,NA,0,1,0,0,0,0,0,0,0,NA,NA,NA,6
2005300,Ham,Ham2018,2018,7/9/2018,190.45,190.45,0.8936,22,0,1,0,1,0,NA,NA,0,1.62406015,0.812030075,11,133,1.94,1.02,2.290909091,0.400262702,2.566666667,-0.044702474,NA,NA,NA,NA,0,1,0,0,0,0,0,0,0,NA,NA,NA,5
2008400,Crooked,Crooked2018,2018,8/14/2018,84.02,84.02,0.731,26,1,2,2,0,16.4246608,5/1/2018,13.8,13.8,1.893333333,0.793333333,14,150,0.02,0.02,2.355555556,0.463201107,3.033333333,0.313368524,NA,NA,NA,NA,1,1,0,0,0,0,0,0,0,NA,NA,NA,8
2008400,Crooked,Crooked2017,2017,8/14/2017,84.02,84.02,0.731,26,1,1,1,0,2.52320876,5/1/2017,2.12,2.12,1.738255034,0.825503356,11,149,0.02,0.02,2.328571429,0.436929943,3.05,0.326156774,0.0271,0.02775,-0.20691303,-0.208410101,1,0,0,0,0,0,0,0,0,NA,NA,NA,7
10000200,Riley,Riley2023,2023,8/22/2023,110.08,110.08,0.3718,49,1,6,4,0,8.175872093,5/17/2023,9,9,1.298245614,0.842105263,8,171,5.75,5.22,3.856521739,1.924509424,4.54,1.469426319,0.033291667,0.023833333,-0.206741832,-0.208627149,1,1,1,1,0,1,1,0,0,0.26,0.29,0.03,12
10000200,Riley,Riley2022,2022,8/22/2022,110.08,110.08,0.3718,49,1,5,3,0,15.17078488,5/1/2022,16.7,16.7,1.692307692,0.983516484,9,182,4.59,4.17,3.995,2.059328874,4.066666667,1.106240021,0.02996,0.025777778,-0.206833952,-0.208519395,1,1,1,0,1,1,0,0,0,NA,0.29,NA,9
10000200,Riley,Riley2020,2020,8/25/2020,110.08,110.08,0.3718,49,1,3,1,0,14.53488372,5/1/2020,16,16,0.916666667,0.733333333,8,180,4.27,3.88,4.655555556,2.702431523,4.266666667,1.25969902,0.030703704,0.048444444,-0.206813388,-0.207263283,1,0,1,1,0,0,0,0,0,0.3,NA,NA,11
10000200,Riley,Riley2020,2020,7/2/2020,110.08,110.08,0.3718,49,1,3,1,0,14.53488372,5/1/2020,16,16,0.730769231,0.637362637,5,182,4.27,3.88,4.655555556,2.702431523,4.266666667,1.25969902,0.030703704,0.048444444,-0.206813388,-0.207263283,1,0,1,1,0,0,0,0,0,0.3,NA,NA,10
10000200,Riley,Riley2018,2018,8/22/2018,110.08,110.08,0.3718,49,1,2,2,0,14.26235465,5/1/2018,15.7,15.7,1.144508671,0.74566474,7,173,4.06,3.69,2.2,0.311755571,4.555,1.480935744,NA,NA,NA,NA,1,1,0,0,0,0,0,0,0,NA,NA,NA,15
10000200,Riley,Riley2018,2018,7/11/2018,110.08,110.08,0.3718,49,1,2,2,0,14.26235465,5/1/2018,15.7,15.7,1.263157895,0.807017544,7,171,4.06,3.69,2.2,0.311755571,4.555,1.480935744,NA,NA,NA,NA,1,1,0,0,0,0,0,0,0,NA,NA,NA,14
10000200,Riley,Riley2017,2017,9/6/2017,110.08,110.08,0.3718,49,1,1,1,0,18.16860465,5/1/2017,20,20,1,0.765714286,6,175,3.98,3.62,3.330769231,1.412648117,4.808333333,1.675317143,0.05169697,0.031333333,-0.206232927,-0.208211524,1,0,0,0,0,0,0,0,0,0.29,0.22,-0.07,13
10000900,Minnewashta,Minnewashta2025,2025,7/10/2025,337.89,337.89,0.5021,70,1,9,9,0,14.82731066,5/9/2025,50.1,50.1,2.6796875,0.890625,12,128,16.49,4.88,2.295555556,0.4047864,2.90375,0.213939881,NA,NA,NA,NA,1,1,1,1,1,1,1,1,1,NA,NA,NA,16
10001300,Susan,Susan2023,2023,8/16/2023,71.99,71.99,0.815,17,1,5,3,0,7.431587721,5/17/2023,5.35,5.35,0.261538462,0.176923077,7,130,7.16,9.95,1.01875,-0.838283963,1.875,-0.575414847,0.142583333,0.127714286,-0.203719932,-0.20287041,1,1,1,0,0,1,1,0,0,0.23,0.12,-0.11,18
10001300,Susan,Susan2022,2022,8/15/2022,71.99,71.99,0.815,17,1,4,2,0,11.45992499,5/1/2022,8.25,8.25,0.402597403,0.285714286,3,77,9.51,13.21,0.894444444,-0.959305173,1.3,-1.01660947,0.257444444,0.160111111,-0.200544037,-0.201075085,1,1,0,0,1,1,0,0,0,NA,0.26,NA,20
10001300,Susan,Susan2020,2020,8/13/2020,71.99,71.99,0.815,17,0,2,0,2,0,NA,NA,0,0.382352941,0.362745098,3,102,8.69,12.07,1.044444444,-0.813268406,2.05,-0.441138223,0.151692308,0.079666667,-0.20346807,-0.20553305,0,0,1,1,0,0,0,0,0,0.45,0.25,-0.2,19
10001300,Susan,Susan2018,2018,8/3/2018,71.99,71.99,0.815,17,1,2,2,0,10.73760244,5/1/2018,7.73,7.73,0.232876712,0.205479452,3,146,10.62,14.75,1.868,-0.011472472,3.59,0.740496072,NA,NA,NA,NA,1,1,0,0,0,0,0,0,0,NA,0.07,NA,21
10001300,Susan,Susan2017,2017,8/1/2017,71.99,71.99,0.815,17,1,1,1,0,12.50173635,5/1/2017,9,9,0.404109589,0.301369863,6,146,0.94,1.31,1.699230769,-0.175782556,2.725,0.0767859,0.117121212,0.047166667,-0.204423956,-0.207334093,1,0,0,0,0,0,0,0,0,0.19,0.03,-0.16,17
10004100,NA,NA,2019,9/13/2019,156.44,NA,NA,NA,0,NA,0,NA,0,NA,0,0,1.448818898,0.929133858,12,127,7.1,4.54,3.404761905,1.484685789,3.9,0.978357521,NA,NA,NA,NA,0,0,0,0,0,0,0,0,0,NA,NA,NA,153
10004100,NA,NA,2019,7/9/2019,156.44,NA,NA,NA,0,NA,0,NA,0,NA,0,0,1.88976378,0.960629921,13,127,7.1,4.54,3.404761905,1.484685789,3.9,0.978357521,NA,NA,NA,NA,0,0,0,0,0,0,0,0,0,NA,NA,NA,127
10004100,NA,NA,2018,8/30/2018,156.44,NA,NA,NA,0,NA,0,NA,0,NA,0,0,1.222222222,0.936507937,4,63,0,0,3.349090909,1.430485708,4.26,1.25458372,NA,NA,NA,NA,0,0,0,0,0,0,0,0,0,NA,NA,NA,143
10004100,NA,NA,2018,8/14/2018,156.44,NA,NA,NA,0,NA,0,NA,0,NA,0,0,1.464566929,0.921259843,11,127,0,0,3.349090909,1.430485708,4.26,1.25458372,NA,NA,NA,NA,0,0,0,0,0,0,0,0,0,NA,NA,NA,142
10004100,NA,NA,2017,9/13/2017,156.44,NA,NA,NA,0,NA,0,NA,0,NA,0,0,1.656934307,0.912408759,13,137,2.88,1.84,3.616666667,1.690991697,4.816666667,1.681711268,NA,NA,NA,NA,0,0,0,0,0,0,0,0,0,NA,NA,NA,152
10004100,NA,NA,2016,9/16/2016,156.44,NA,NA,NA,0,NA,0,NA,0,NA,0,0,1.594202899,0.942028986,12,138,8.59,5.49,3.46,1.538464408,4.45,1.400369769,NA,NA,NA,NA,0,0,0,0,0,0,0,0,0,NA,NA,NA,151
10004100,NA,NA,2015,9/14/2015,156.44,NA,NA,NA,0,NA,0,NA,0,NA,0,0,1.265306122,0.93877551,12,196,0,0,3.353125,1.434413212,3.878571429,0.961915486,NA,NA,NA,NA,0,0,0,0,0,0,0,0,0,NA,NA,NA,150
13002700,South Center,South Center2025,2025,8/4/2025,544.51,544.51,0.6548,105.3000031,1,7,3,0,1.287396007,5/14/2025,7.01,7.01,0.516260163,0.317073171,10,246,542.11,99.56,1.965,0.082964637,3.22125,0.457556042,0.098769231,0.04925,-0.204931386,-0.207218642,1,1,1,0,0,1,1,1,1,NA,0.85,NA,23
13002700,South Center,South Center2023,2023,8/1/2023,544.51,544.51,0.6548,105.3000031,1,5,1,0,4.929202402,5/23/2023,26.84,26.84,1.003787879,0.681818182,10,264,590.89,108.52,1.792592593,-0.084887497,2.627,0.00159099,0.059285714,0.027166667,-0.2060231,-0.208442427,1,0,0,1,1,1,1,0,0,NA,NA,NA,22
13002700,South Center,South Center2018,2018,7/9/2018,544.51,544.51,0.6548,105.3000031,1,2,2,0,1.46921085,5/1/2018,8,8,1.015503876,0.607235142,15,387,542.47,99.63,2.496296296,0.600223257,4.122222222,1.14886752,0.143866667,0.158666667,-0.203684448,-0.201155131,1,1,0,0,0,0,0,0,0,NA,NA,NA,24
13002800,South Lindstrom,South Lindstrom2021,2021,8/11/2021,261.42,261.42,0.4767,33.90000153,0,2,0,3,0,NA,NA,0,2.004081633,0.759183673,16,245,4.02,1.54,2.4,0.506471259,4,1.055087021,0.026,0.015,-0.206943445,-0.209116663,0,0,0,1,1,0,0,0,0,NA,NA,NA,25
18035200,Ossawinnamakee,Ossawinnamakee2017,2017,7/24/2017,259.43,259.43,0.3756,62.90000153,1,1,1,0,3.08368346,5/1/2017,8,8,3.446202532,0.965189873,24,316,9.92,3.82,6.0128,4.023815453,5.918466667,2.527116895,0.0104,0.0105,-0.207374783,-0.209366039,1,0,0,0,0,0,0,0,0,NA,NA,NA,26
21007600,NA,NA,2022,7/5/2022,240.38,NA,NA,NA,1,NA,2,0,68.22530993,5/1/2022,164,164,1.718120805,0.718120805,13,149,3.16,1.31,4.726,2.771014715,6.37,2.873576163,NA,NA,NA,NA,1,1,0,0,0,0,0,0,0,NA,NA,NA,129
21007600,NA,NA,2019,8/16/2019,240.38,NA,NA,NA,0,NA,0,NA,0,NA,0,0,3.052083333,0.947916667,13,96,7.67,3.19,3.6,1.674765389,4.35,1.323640269,NA,NA,NA,NA,0,0,0,0,0,0,0,0,0,NA,NA,NA,144
27002800,NA,NA2025,2025,8/12/2025,52.63,52.63,NA,6.5,1,8,2,0,NA,4/30/2025,49.9,49.9,0.24,0.16,4,125,26.15,49.69,0.685,-1.163215768,0.9,-1.323527469,NA,NA,NA,NA,1,1,0,1,1,1,1,1,1,NA,0.06,NA,30
27002800,NA,NA2024,2024,8/12/2024,52.63,52.63,NA,6.5,1,7,1,0,NA,4/18/2024,49.9,49.9,0.376,0.304,4,125,26.07,49.53,0.917,-0.93734557,1.205,-1.089502495,NA,NA,NA,NA,1,0,1,1,1,1,1,1,0,NA,0.32,NA,29
27002800,NA,NA2023,2023,8/21/2023,52.63,52.63,NA,6.5,0,6,0,1,0,NA,NA,0,0.184,0.16,4,125,26.07,49.53,0.752,-1.097986012,0.97,-1.269816819,NA,NA,NA,NA,0,1,1,1,1,1,1,0,0,0.05,0.54,0.49,28
27002800,NA,NA2022,2022,8/9/2022,52.63,52.63,NA,6.5,1,6,6,0,NA,5/1/2022,4.6,4.6,0.184,0.16,4,125,26.11,49.61,0.567,-1.278098024,0.755,-1.434785243,NA,NA,NA,NA,1,1,1,1,1,1,0,0,0,0.12,0.04,-0.08,27
27003400,Crystal,Crystal2021,2021,7/22/2021,53,53,0.6699,39,1,3,1,0,9.622641509,5/10/2021,5.1,5.1,0,0,0,57,0,0,0.875833333,-0.977424549,0.913333333,-1.313296869,0.072307692,0.0675,-0.205663044,-0.206207287,1,0,1,0,1,0,0,0,0,NA,NA,NA,31
27003400,Crystal,Crystal2020,2020,9/5/2020,53,53,0.6699,39,0,2,0,1,0,NA,NA,0,0,0,0,57,0,0,1.470666667,-0.398307639,2.016666667,-0.466714722,0.100045455,0.1027,-0.204896098,-0.204256619,0,1,0,1,0,0,0,0,0,NA,0.04,NA,32
27003400,Crystal,Crystal2018,2018,8/7/2018,53,53,0.6699,39,0,1,0,1,0,NA,NA,0,0,0,0,49,0,0,0.6,-1.245969936,1.975,-0.498685348,NA,NA,NA,NA,0,1,0,0,0,0,0,0,0,0.02,NA,NA,33
27004800,Hyland,Hyland2019,2019,8/15/2019,83.91,83.91,0.995,11.5,1,2,1,0,22.64330831,5/1/2019,19,19,0.821138211,0.536585366,5,123,1.21,1.44,2.033333333,0.149492497,2.16,-0.356735773,0.03175,0.03,-0.206784458,-0.208285413,1,0,1,0,0,0,0,0,0,0.2,0.2,0,34
27004800,Hyland,Hyland2018,2018,8/10/2018,83.91,83.91,0.995,11.5,0,1,0,1,0,NA,NA,0,0.362903226,0.225806452,6,124,1.21,1.44,0.997272727,-0.859193773,1.4,-0.939879971,0.077272727,0.065,-0.205525761,-0.206345829,0,1,0,0,0,0,0,0,0,0.01,0.06,0.05,36
27004800,Hyland,Hyland2017,2017,8/10/2017,83.91,83.91,0.995,11.5,1,1,1,0,37.06352044,4/1/2017,31.1,31.1,0.685483871,0.508064516,4,124,1.21,1.44,1.341666667,-0.523899258,1.966666667,-0.505079472,0.067666667,0.043166667,-0.205791367,-0.20755576,1,0,0,0,0,0,0,0,0,0.15,NA,NA,35
27005700,NA,NA2024,2024,8/29/2024,11,11,NA,NA,0,1,0,1,0,NA,NA,0,1.759259259,0.944444444,6,54,0,0,1.039285714,-0.818290835,0.7,-1.476986468,0.048,0.067,-0.206335148,-0.206234995,0,1,0,0,0,0,0,0,0,NA,0.64,NA,37
27005700,NA,NA2023,2023,8/14/2023,11,11,NA,NA,1,1,1,0,NA,5/24/2023,5.91,5.91,0.571428571,0.5,3,56,0.03,0.27,1,-0.856538559,1.21,-1.08566602,0.0555,NA,-0.206127774,NA,1,0,0,0,0,0,0,0,0,NA,0,NA,38
27007000,NA,NA,2017,8/14/2017,110.62,NA,NA,NA,1,NA,1,0,8.587958778,5/1/2017,9.5,9.5,0.745945946,0.6,7,185,9.5,8.59,1.86,-0.019261099,2.566666667,-0.044702474,NA,NA,NA,NA,1,0,0,0,0,0,0,0,0,NA,NA,NA,141
27007000,NA,NA,2016,8/10/2016,110.62,NA,NA,NA,0,NA,0,NA,0,NA,0,0,0.664864865,0.464864865,8,185,0,0,1.275,-0.588804487,3.1,0.364521524,NA,NA,NA,NA,0,0,0,0,0,0,0,0,0,NA,NA,NA,140
27007000,NA,NA,2015,8/25/2015,110.62,NA,NA,NA,0,NA,0,NA,0,NA,0,0,0.818681319,0.582417582,4,182,0,0,2.646153846,0.746121337,4.75,1.630558268,NA,NA,NA,NA,0,0,0,0,0,0,0,0,0,NA,NA,NA,137
27007000,NA,NA,2014,8/8/2014,110.62,NA,NA,NA,0,NA,0,NA,0,NA,0,0,1.307692308,0.697802198,7,182,0,0,3.125,1.21231563,4.64,1.546155818,NA,NA,NA,NA,0,0,0,0,0,0,0,0,0,NA,NA,NA,133
27007000,NA,NA,2013,8/20/2013,110.62,NA,NA,NA,0,NA,0,NA,0,NA,0,0,1.706666667,0.98,10,150,0,0,1.842857143,-0.035951015,2.52,-0.080509574,NA,NA,NA,NA,0,0,0,0,0,0,0,0,0,NA,NA,NA,131
27007600,Red Rock,Red Rock2021,2021,8/30/2021,96.61,96.61,0.9958,16,1,5,5,0,13.49756754,5/1/2021,13.04,13.04,0.952054795,0.609589041,9,146,8.78,9.09,2.044,0.159877334,3.17,0.418232173,NA,NA,NA,NA,1,1,1,1,1,0,0,0,0,NA,NA,NA,39
27007600,Red Rock,Red Rock2018,2018,7/6/2018,96.61,96.61,0.9958,16,1,2,2,0,13.45616396,5/1/2018,13,13,1.206451613,0.84516129,10,155,2.3,2.38,1.978,0.095621157,3.8,0.901628021,NA,NA,NA,NA,1,1,0,0,0,0,0,0,0,NA,NA,NA,40
27007800,Staring,Staring2023,2023,8/23/2023,156.22,156.22,0.9505,16,0,1,0,6,0,NA,NA,0,0.327683616,0.214689266,5,177,0.43,0.28,1.072222222,-0.786224561,2.2,-0.326043973,0.171888889,0.215166667,-0.202909637,-0.198024088,0,0,0,0,0,0,1,0,0,0.16,0.2,0.04,42
27007800,Staring,Staring2019,2019,8/12/2019,156.22,156.22,0.9505,16,0,1,0,2,0,NA,NA,0,0.779761905,0.68452381,7,168,0.43,0.28,1.378,-0.488525908,1.67,-0.732710322,NA,NA,NA,NA,0,0,1,0,0,0,0,0,0,NA,0.12,NA,44
27007800,Staring,Staring2018,2018,8/13/2018,156.22,156.22,0.9505,16,0,1,0,1,0,NA,NA,0,0.593220339,0.548022599,3,177,0.77,0.49,1.102,-0.757233558,1.585,-0.797930396,NA,NA,NA,NA,0,1,0,0,0,0,0,0,0,NA,NA,NA,43
27007800,Staring,Staring2017,2017,8/8/2017,156.22,156.22,0.9505,16,1,1,1,0,25.60491614,5/1/2017,40,40,0.578651685,0.426966292,3,178,0.77,0.49,1.058333333,-0.799746483,1.208333333,-1.086944845,0.064227273,0.0593,-0.205886466,-0.206661704,1,0,0,0,0,0,0,0,0,NA,0.22,NA,41
27009000,Holiday,Holiday2025,2025,8/12/2025,8,8,1,NA,1,2,2,0,52.5,4/30/2025,4.2,4.2,0.201923077,0.201923077,1,104,0,0,0.696,-1.152506405,1.12,-1.15472257,NA,NA,NA,NA,1,1,0,0,0,0,0,0,0,NA,0.01,NA,46
27009000,Holiday,Holiday2024,2024,8/12/2024,8,8,1,NA,1,1,1,0,52.5,4/19/2024,4.2,4.2,0.538461538,0.384615385,3,104,0,0,0.536,-1.308278956,0.825,-1.381074594,NA,NA,NA,NA,1,0,0,0,0,0,0,0,0,NA,0,NA,45
27009800,Bass,Bass2023,2023,8/21/2023,149.28,149.28,0.8149,31,1,8,8,0,12.5,5/24/2023,18.66,18.66,0.887640449,0.662921348,9,89,71.14,47.66,2.057222222,0.172750204,2.563636364,-0.047027611,NA,NA,NA,NA,1,1,1,1,1,1,1,1,0,NA,0.02,NA,51
27009800,Bass,Bass2023,2023,8/15/2023,149.28,149.28,0.8149,31,1,8,8,0,12.5,5/24/2023,18.66,18.66,0.92,0.56,6,100,71.14,47.66,2.057222222,0.172750204,2.563636364,-0.047027611,NA,NA,NA,NA,1,1,1,1,1,1,1,1,0,NA,0.02,NA,50
27009800,Bass,Bass2021,2021,8/17/2021,149.28,149.28,0.8149,31,1,6,6,0,12.07127546,6/1/2021,18.02,18.02,0.916666667,0.572916667,8,96,60.29,40.39,2.728554839,0.826345168,4.023093333,1.072806419,0.0295,0.037333333,-0.206846671,-0.207879024,1,1,1,1,1,1,0,0,0,0.64,NA,NA,48
27009800,Bass,Bass2019,2019,7/29/2019,149.28,149.28,0.8149,31,1,4,4,0,13.66559486,5/1/2019,20.4,20.4,0.990384615,0.625,4,104,56.16,37.62,2.46,0.564885966,2.971428571,0.265869309,0.02835,0.024125,-0.206878468,-0.208610986,1,1,1,1,0,0,0,0,0,NA,NA,NA,47
27009800,Bass,Bass2018,2018,8/16/2018,149.28,149.28,0.8149,31,1,3,3,0,8.239549839,5/1/2018,12.3,12.3,0.5,0.317307692,6,104,311.84,208.9,1.343333333,-0.522276628,2.19,-0.333716923,0.161212121,0.0775,-0.203204848,-0.20565312,1,1,1,0,0,0,0,0,0,0.5,NA,NA,49
27010300,NA,NA2022,2022,8/9/2022,NA,NA,NA,6,0,4,0,2,0,NA,NA,0,0.865079365,0.571428571,7,126,0,0,0.692888889,-1.155535316,0.9703,-1.269586631,0.117833333,0.0785,-0.204404266,-0.205597703,0,0,1,1,1,1,0,0,0,NA,0.25,NA,52
27010400,Medicine,Medicine2022,2022,9/7/2022,434.53,434.53,0.4674,47.59999847,1,6,6,0,27.50097807,5/16/2022,119.5,119.5,2.175257732,0.917525773,13,291,10.38,2.39,3.175,1.260994552,3.9,0.978357521,185.7061111,85.26266667,4.927086579,4.515027425,1,1,1,1,1,1,0,0,0,0.54,0.41,-0.13,57
27010400,Medicine,Medicine2022,2022,7/12/2022,434.53,434.53,0.4674,47.59999847,1,6,6,0,27.50097807,5/16/2022,119.5,119.5,1.935185185,0.907407407,10,108,10.38,2.39,3.175,1.260994552,3.9,0.978357521,185.7061111,85.26266667,4.927086579,4.515027425,1,1,1,1,1,1,0,0,0,0.54,0.41,-0.13,56
27010400,Medicine,Medicine2019,2019,8/14/2019,434.53,434.53,0.4674,47.59999847,1,3,3,0,11.40772789,5/1/2019,49.57,49.57,2.005494505,0.769230769,12,182,8.93,2.06,1.738709677,-0.137346743,2.561538462,-0.04863732,0.14809434,0.056826087,-0.203567553,-0.2067988,1,1,1,0,0,0,0,0,0,0.26,0.5,0.24,53
27010400,Medicine,Medicine2018,2018,8/31/2018,434.53,434.53,0.4674,47.59999847,1,2,2,0,8.238786735,5/1/2018,35.8,35.8,1.699453552,0.74863388,12,183,8.19,1.88,1.805833333,-0.071996598,2.88,0.195716624,0.218181818,0.0625,-0.201629644,-0.20648437,1,1,0,0,0,0,0,0,0,0.29,0.14,-0.15,55
27010400,Medicine,Medicine2017,2017,9/1/2017,434.53,434.53,0.4674,47.59999847,1,1,1,0,10.35601685,4/1/2017,45,45,1.336956522,0.722826087,14,184,7.76,1.79,2.193333333,0.305265048,3.414285714,0.60567138,0.14925,0.051833333,-0.203535599,-0.207075482,1,0,0,0,0,0,0,0,0,0.43,0.46,0.03,54
27012500,Diamond,Diamond2019,2019,8/19/2019,405.02,405.02,0.9992,8,1,3,3,0,99.99506197,5/1/2019,405,405,0.238095238,0.152380952,4,105,0,0,1.325,-0.540125565,2.04,-0.448811173,0.11675,0.037,-0.20443422,-0.207897496,1,1,1,0,0,0,0,0,0,NA,0.36,NA,58
27012500,Diamond,Diamond2018,2018,9/4/2018,405.02,405.02,0.9992,8,1,2,2,0,14.81408326,5/1/2018,60,60,0.371428571,0.257142857,3,105,0,0,0.750909091,-1.099048098,1.1825,-1.106766632,0.134545455,0.07,-0.203942178,-0.206068745,1,1,0,0,0,0,0,0,0,NA,0.11,NA,59
27019100,Sarah,Sarah2019,2019,9/16/2019,373,373,0.6694,59,1,3,3,0,29.1152815,5/1/2019,108.6,108.6,0.72972973,0.567567568,6,74,1.67,0.45,1,-0.856538559,1.8,-0.632961972,0.09,0.06,-0.205173854,-0.206622912,1,1,1,0,0,0,0,0,0,NA,0.15,NA,63
27019100,Sarah,Sarah2019,2019,9/6/2019,373,373,0.6694,59,1,3,3,0,29.1152815,5/1/2019,108.6,108.6,0.730434783,0.530434783,10,115,1.67,0.45,1,-0.856538559,1.8,-0.632961972,0.09,0.06,-0.205173854,-0.206622912,1,1,1,0,0,0,0,0,0,NA,0.15,NA,62
27019100,Sarah,Sarah2018,2018,8/20/2018,373,373,0.6694,59,1,2,2,0,30.69705094,5/1/2018,114.5,114.5,1.048913043,0.673913043,10,184,7.14,1.91,1.25,-0.613143948,4,1.055087021,0.12,0.2,-0.204344358,-0.198864575,1,1,0,0,0,0,0,0,0,NA,0.04,NA,61
27019100,Sarah,Sarah2017,2017,8/25/2017,373,373,0.6694,59,1,1,1,0,69.70509383,5/1/2017,260,260,1.064864865,0.654054054,10,185,8.32,2.23,1,-0.856538559,3,0.287792024,0.1,0.1,-0.204897355,-0.204406244,1,0,0,0,0,0,0,0,0,NA,0.15,NA,60
29025000,NA,NA,2014,8/7/2014,427.62,NA,NA,NA,0,NA,0,NA,0,NA,0,0,1.632786885,0.750819672,14,305,0,0,2.593103448,0.694472613,2.06,-0.433465273,NA,NA,NA,NA,0,0,0,0,0,0,0,0,0,NA,NA,NA,132
40000200,Upper Sakatah,NA,2014,7/7/2014,899.57,NA,NA,NA,0,NA,0,NA,0,NA,0,0,1.821917808,0.808219178,5,73,0,0,NA,NA,NA,NA,NA,NA,NA,NA,0,0,0,0,0,0,0,0,0,NA,NA,NA,120
40000200,Upper Sakatah,NA,2014,7/7/2014,899.57,NA,NA,NA,0,NA,0,NA,0,NA,0,0,0.147727273,0.119318182,4,176,0,0,NA,NA,NA,NA,NA,NA,NA,NA,0,0,0,0,0,0,0,0,0,NA,NA,NA,121
41004300,Dead Coon,NA,2016,8/8/2016,2649.41,NA,NA,NA,0,NA,0,NA,0,NA,0,0,0.003802281,0.003802281,1,263,0,0,NA,NA,NA,NA,NA,NA,NA,NA,0,0,0,0,0,0,0,0,0,NA,NA,NA,138
41004300,Dead Coon,NA,2015,8/12/2015,2649.41,NA,NA,NA,0,NA,0,NA,0,NA,0,0,0.007604563,0.007604563,1,263,0,0,NA,NA,NA,NA,NA,NA,NA,NA,0,0,0,0,0,0,0,0,0,NA,NA,NA,135
41004300,Dead Coon,NA,2014,8/18/2014,2649.41,NA,NA,NA,0,NA,0,NA,0,NA,0,0,0.003831418,0.003831418,1,261,0,0,NA,NA,NA,NA,NA,NA,NA,NA,0,0,0,0,0,0,0,0,0,NA,NA,NA,134
41004300,Dead Coon,NA,2012,8/13/2012,2649.41,NA,NA,NA,0,NA,0,NA,0,NA,0,0,0.001919386,0.001919386,1,521,0,0,NA,NA,NA,NA,NA,NA,NA,NA,0,0,0,0,0,0,0,0,0,NA,NA,NA,130
62000200,Bald Eagle,Bald Eagle2023,2023,8/9/2023,589.06,589.06,0.5613,37,1,7,7,0,11.70169422,5/16/2023,68.93,68.93,1.958083832,0.622754491,17,167,20.3,3.45,1.932772727,0.051588859,2.414886957,-0.161162286,0.0362,0.02485,-0.206661417,-0.208570809,1,1,1,1,1,1,1,0,0,NA,NA,NA,66
62000200,Bald Eagle,Bald Eagle2022,2022,8/9/2022,589.06,589.06,0.5613,37,1,7,6,0,4.493599973,5/1/2022,26.47,26.47,1.979166667,0.6875,16,144,21.46,3.64,1.925245714,0.044260721,2.5153,-0.084115861,0.041098765,0.025516129,-0.206525966,-0.208533894,1,1,1,1,1,1,0,0,0,NA,NA,NA,71
62000200,Bald Eagle,Bald Eagle2021,2021,9/13/2021,589.06,589.06,0.5613,37,1,5,5,0,14.75061963,5/1/2021,86.89,86.89,1.608433735,0.572289157,14,166,20.11,3.41,2.404576471,0.510926813,3.558657143,0.716446855,0.038479452,0.020137931,-0.20659839,-0.208831936,1,1,1,1,1,0,0,0,0,NA,NA,NA,69
62000200,Bald Eagle,Bald Eagle2020,2020,8/13/2020,589.06,589.06,0.5613,37,1,4,4,0,12.32472074,5/4/2020,72.6,72.6,1.682352941,0.652941176,14,170,19.93,3.38,2.56064,0.6628669,3.993169231,1.049845806,0.032318841,0.020888889,-0.20676873,-0.208790321,1,1,1,1,0,0,0,0,0,NA,NA,NA,64
62000200,Bald Eagle,Bald Eagle2020,2020,7/9/2020,589.06,589.06,0.5613,37,1,4,4,0,12.32472074,5/4/2020,72.6,72.6,2.388535032,0.859872611,16,157,19.93,3.38,2.56064,0.6628669,3.993169231,1.049845806,0.032318841,0.020888889,-0.20676873,-0.208790321,1,1,1,1,0,0,0,0,0,NA,NA,NA,65
62000200,Bald Eagle,Bald Eagle2019,2019,8/22/2019,589.06,589.06,0.5613,37,1,3,3,0,11.68302041,5/1/2019,68.82,68.82,1.488235294,0.558823529,16,170,17.27,2.93,2.341935484,0.449940898,3.654545455,0.790021477,0.038157143,0.026433333,-0.206607302,-0.208483066,1,1,1,0,0,0,0,0,0,NA,NA,NA,67
62000200,Bald Eagle,Bald Eagle2019,2019,7/17/2019,589.06,589.06,0.5613,37,1,3,3,0,11.68302041,5/1/2019,68.82,68.82,1.4875,0.7,13,160,17.27,2.93,2.341935484,0.449940898,3.654545455,0.790021477,0.038157143,0.026433333,-0.206607302,-0.208483066,1,1,1,0,0,0,0,0,0,NA,NA,NA,68
62000200,Bald Eagle,Bald Eagle2018,2018,8/22/2018,589.06,589.06,0.5613,37,1,2,2,0,3.327335076,5/1/2018,19.6,19.6,1.424418605,0.703488372,14,172,16.05,2.72,2.209090909,0.320606284,3.175,0.422068648,0.038867647,0.02275,-0.206587656,-0.208687184,1,1,0,0,0,0,0,0,0,NA,0.38,NA,70
62000600,Kohlman,Kohlman2025,2025,8/25/2025,82.9,82.9,1,11.60000038,1,6,6,0,18.79372738,4/30/2025,15.58,15.58,1.221238938,0.663716814,7,113,4.89,5.9,1.179166667,-0.682105754,1.2625,-1.045383033,0.059512821,0.056933333,-0.20601682,-0.206792857,1,1,1,1,1,1,0,0,0,NA,0.27,NA,72
62000600,Kohlman,Kohlman2024,2024,9/11/2024,82.9,82.9,1,11.60000038,1,5,5,0,14.95778046,4/30/2024,12.4,12.4,1.026548673,0.628318584,7,113,4.04,4.87,1.069,-0.789361646,1.2,-1.09333897,0.10056,0.106727273,-0.204881871,-0.204033441,1,1,1,1,1,0,0,0,0,NA,0.29,NA,75
62000600,Kohlman,Kohlman2024,2024,8/20/2024,82.9,82.9,1,11.60000038,1,5,5,0,14.95778046,4/30/2024,12.4,12.4,1.464285714,0.642857143,10,112,4.04,4.87,1.069,-0.789361646,1.2,-1.09333897,0.10056,0.106727273,-0.204881871,-0.204033441,1,1,1,1,1,0,0,0,0,NA,0.29,NA,74
62000600,Kohlman,Kohlman2024,2024,7/24/2024,82.9,82.9,1,11.60000038,1,5,5,0,14.95778046,4/30/2024,12.4,12.4,1.504424779,0.725663717,9,113,4.04,4.87,1.069,-0.789361646,1.2,-1.09333897,0.10056,0.106727273,-0.204881871,-0.204033441,1,1,1,1,1,0,0,0,0,NA,0.29,NA,73
62005500,Como,Como2025,2025,8/4/2025,65.65,65.65,0.9775,16,1,8,3,0,108.6062452,4/15/2025,71.3,71.3,0.183333333,0.183333333,1,60,0.02,0.03,1.17,-0.691030224,1.55,-0.824785721,0.144325,0.079875,-0.203671775,-0.205521505,1,1,1,0,1,1,1,1,1,NA,0.25,NA,79
62005500,Como,Como2025,2025,7/2/2025,65.65,65.65,0.9775,16,1,8,3,0,108.6062452,4/15/2025,71.3,71.3,0.666666667,0.616666667,4,60,0.02,0.03,1.17,-0.691030224,1.55,-0.824785721,0.144325,0.079875,-0.203671775,-0.205521505,1,1,1,0,1,1,1,1,1,NA,0.25,NA,78
62005500,Como,Como2024,2024,8/6/2024,65.65,65.65,0.9775,16,1,7,2,0,108.6062452,4/4/2024,71.3,71.3,0.616666667,0.5,6,60,0,0,1.16482,-0.69607336,1.370181818,-0.962759313,0.108592593,0.078155556,-0.204659771,-0.205616791,1,1,0,1,1,1,1,1,0,NA,0.55,NA,77
62005500,Como,Como2024,2024,7/9/2024,65.65,65.65,0.9775,16,1,7,2,0,108.6062452,4/4/2024,71.3,71.3,0.783333333,0.7,4,60,0,0,1.16482,-0.69607336,1.370181818,-0.962759313,0.108592593,0.078155556,-0.204659771,-0.205616791,1,1,0,1,1,1,1,1,0,NA,0.55,NA,76
66003800,NA,NA,2020,7/29/2020,379.03,NA,NA,NA,1,NA,4,0,0.897026621,5/1/2020,3.4,3.4,0.447368421,0.236842105,9,190,18.8,4.96,0.892,-0.961685031,1.56,-0.817112771,NA,NA,NA,NA,1,1,1,1,0,0,0,0,0,NA,NA,NA,128
70002200,Cleary,Cleary2022,2022,8/4/2022,144.74,144.74,0.9902,9,1,4,4,0,100.1796324,4/20/2022,145,145,1.245283019,0.767295597,5,159,34.65,23.94,0.8,-1.051254247,1.28,-1.03195537,171.2333333,98.046,4.526916225,5.223437531,1,1,1,1,0,0,0,0,0,0.48,0.07,-0.41,81
70002200,Cleary,Cleary2019,2019,9/3/2019,144.74,144.74,0.9902,9,1,1,1,0,100.1796324,5/1/2019,145,145,1.018292683,0.841463415,6,164,34.65,23.94,1.625,-0.248052033,2.08,-0.418119373,0.08225,0.0586,-0.20538814,-0.206700495,1,0,0,0,0,0,0,0,0,0.81,0.84,0.03,80
70005000,NA,NA,2018,7/12/2018,162.26,NA,NA,NA,1,NA,2,0,10.16886478,5/1/2018,16.5,16.5,0.848684211,0.447368421,8,152,0.52,0.32,1.705,-0.170165758,3.65,0.786533772,NA,NA,NA,NA,1,1,0,0,1,0,0,0,0,NA,NA,NA,126
70005000,NA,NA,2013,9/23/2013,162.26,NA,NA,NA,0,NA,0,NA,0,NA,0,0,0.725,0.425,3,40,0,0,1.7875,-0.089845536,3,0.287792024,NA,NA,NA,NA,0,0,0,0,0,0,0,0,0,NA,NA,NA,149
70007200,Upper Prior,Upper Prior2020,2020,7/20/2020,310.51,310.51,0.8132,40.29999924,1,2,2,0,5.700299507,5/1/2020,17.7,17.7,0.430232558,0.325581395,5,86,16.41,5.28,1.901111111,0.020763792,2.6935,0.052616108,NA,NA,NA,NA,1,1,0,0,0,0,0,0,0,NA,NA,NA,83
70007200,Upper Prior,Upper Prior2019,2019,7/29/2019,310.51,310.51,0.8132,40.29999924,1,1,1,0,4.605326721,5/1/2019,14.3,14.3,0.328947368,0.276315789,3,76,16.31,5.25,0.961111111,-0.894399943,1.05,-1.208433219,0.223305556,0.13,-0.201487973,-0.202743743,1,0,0,0,0,0,0,0,0,NA,NA,NA,82
70009100,NA,NA,2018,7/11/2018,792.5,NA,NA,NA,1,NA,3,0,49.96845426,5/1/2018,396,396,0.302083333,0.197916667,8,192,9.36,1.18,0.8,-1.051254247,2.715,0.06911295,NA,NA,NA,NA,1,1,1,0,0,0,0,0,0,NA,NA,NA,125
70009100,Cedar,NA,2016,8/8/2016,792.5,NA,NA,NA,1,NA,1,0,1.062460568,5/1/2016,8.42,8.42,0.54973822,0.256544503,6,191,3.53,0.45,NA,NA,NA,NA,NA,NA,NA,NA,1,0,0,0,0,0,0,0,0,NA,NA,NA,139
70009100,Cedar,NA,2015,8/13/2015,792.5,NA,NA,NA,0,NA,0,NA,0,NA,0,0,0.459183673,0.214285714,6,196,0,0,NA,NA,NA,NA,NA,NA,NA,NA,0,0,0,0,0,0,0,0,0,NA,NA,NA,136
70009100,NA,NA,2014,7/31/2014,792.5,NA,NA,NA,0,NA,0,NA,0,NA,0,0,0.413265306,0.25,6,196,0,0,1.063157895,-0.795049394,1.8,-0.632961972,NA,NA,NA,NA,0,0,0,0,0,0,0,0,0,NA,NA,NA,123
70009100,NA,NA,2013,7/29/2013,792.5,NA,NA,NA,0,NA,0,NA,0,NA,0,0,0.435897436,0.241025641,6,195,0,0,1.1,-0.759180715,1.49,-0.870823421,NA,NA,NA,NA,0,0,0,0,0,0,0,0,0,NA,NA,NA,119
71001300,Orono,Orono2025,2025,7/14/2025,246.64,246.64,0.9907,17,1,8,4,0,12.56892637,5/14/2025,31,31,0.588235294,0.362745098,8,204,119,48.25,1.065,-0.79325596,1.975,-0.498685348,NA,NA,NA,NA,1,1,1,1,0,1,1,1,1,NA,NA,NA,92
71001300,Orono,Orono2024,2024,7/19/2024,246.64,246.64,0.9907,17,1,7,3,0,12.51621797,4/24/2024,30.87,30.87,0.710784314,0.406862745,9,204,121.55,49.28,0.979714286,-0.876288293,0.8636,-1.351457007,NA,NA,NA,NA,1,1,1,0,1,1,1,1,0,NA,NA,NA,91
71001300,Orono,Orono2023,2023,7/21/2023,246.64,246.64,0.9907,17,1,6,2,0,12.51621797,5/25/2023,30.87,30.87,0.647058824,0.37254902,7,204,119.45,48.43,0.99822,-0.858271529,1.35255,-0.976288118,NA,NA,NA,NA,1,1,0,1,1,1,1,0,0,0.19,NA,NA,90
71001300,Orono,Orono2022,2022,7/19/2022,246.64,246.64,0.9907,17,1,5,1,0,12.51621797,6/3/2022,30.87,30.87,1.0591133,0.556650246,9,203,76.24,30.91,0.9906,-0.865690196,0.89535,-1.327095391,NA,NA,NA,NA,1,0,1,1,1,1,0,0,0,0.2,NA,NA,89
71001300,Orono,Orono2021,2021,7/22/2021,246.64,246.64,0.9907,17,0,4,0,1,0,NA,NA,0,0.62745098,0.460784314,6,204,0.44,0.18,1.05156,-0.806340854,1.4859,-0.87396933,NA,NA,NA,NA,0,1,1,1,1,0,0,0,0,0,0.22,0.22,88
71001300,Orono,Orono2020,2020,7/21/2020,246.64,246.64,0.9907,17,1,4,4,0,10.33895556,5/1/2020,25.5,25.5,1,0.495098039,7,204,70.29,28.5,0.92,-0.934424834,1.4125,-0.930288783,0.1,0.065,-0.204897355,-0.206345829,1,1,1,1,0,0,0,0,0,0.28,NA,NA,87
71001300,Orono,Orono2019,2019,7/25/2019,246.64,246.64,0.9907,17,1,3,3,0,3.811222835,5/1/2019,9.4,9.4,0.838235294,0.455882353,8,204,68.05,27.59,1.52,-0.350277769,1.3625,-0.968653533,0.07,0.066,-0.205726851,-0.206290412,1,1,1,0,0,0,0,0,0,0.15,NA,NA,86
71001300,Orono,Orono2018,2018,7/21/2018,246.64,246.64,0.9907,17,1,2,2,0,8.883392799,5/1/2018,21.91,21.91,0.946078431,0.450980392,8,204,87.76,35.58,1.245,-0.618011841,1.47,-0.886169321,NA,NA,NA,NA,1,1,0,0,0,0,0,0,0,NA,0.17,NA,85
71001300,Orono,Orono2017,2017,7/26/2017,246.64,246.64,0.9907,17,1,1,1,0,1.743431722,5/1/2017,4.3,4.3,0.735294118,0.411764706,6,204,98.08,39.77,1.5,-0.369749338,1.65,-0.748056221,0.073,0.072,-0.205643901,-0.205957912,1,0,0,0,0,0,0,0,0,NA,0.32,NA,84
71014700,Rush,Rush2018,2018,8/10/2018,160.82,160.82,1,10,1,2,2,0,6.715582639,5/1/2018,10.8,10.8,1.357142857,0.580357143,11,112,3.78,2.35,0.595,-1.250837828,1.02,-1.231452069,NA,NA,NA,NA,1,1,0,0,0,0,0,0,0,NA,NA,NA,93
73001400,Marie,Marie2018,2018,7/16/2018,124.97,124.97,0.8513,30,1,2,2,0,10.27446587,5/1/2018,12.84,12.84,1.416666667,0.85,8,120,1.28,1.02,1.77,-0.106883159,2.485,-0.107364899,NA,NA,NA,NA,1,1,0,0,0,0,0,0,0,NA,NA,NA,95
73001400,Marie,Marie2017,2017,7/28/2017,124.97,124.97,0.8513,30,1,1,1,0,11.84284228,5/1/2017,14.8,14.8,1.466666667,0.833333333,7,120,0.09,0.07,1.75,-0.126354728,4.3,1.28527552,0.05575,0.033,-0.206120862,-0.208119163,1,0,0,0,0,0,0,0,0,NA,NA,NA,94
73003700,NA,NA,2014,7/10/2014,558.63,NA,NA,NA,0,NA,0,NA,0,NA,0,0,0.935,0.635,15,400,0.04,0.01,1.692,-0.182822277,2.333333333,-0.223737974,NA,NA,NA,NA,0,0,0,0,0,0,0,0,0,NA,NA,NA,122
73003700,NA,NA,2012,9/4/2012,558.63,NA,NA,NA,0,NA,0,NA,0,NA,0,0,0.595800525,0.278215223,11,381,0,0,1.206788571,NA,1.55392,NA,NA,NA,NA,NA,0,0,0,0,0,0,0,0,0,NA,NA,NA,146
73008200,Schneider,Schneider2023,2023,9/12/2023,25.14,25.14,0.462,55,0,2,0,3,0,NA,NA,0,1.027027027,0.756756757,7,37,0.66,2.63,3.232,1.316488523,3.735,0.851753847,0.0322,0.0335,-0.206772016,-0.208091455,0,0,0,1,0,0,1,0,0,NA,NA,NA,96
73008200,Schneider,Schneider2020,2020,7/31/2020,25.14,25.14,0.462,55,1,2,1,0,6.76213206,5/1/2020,1.7,1.7,1.56,0.76,9,25,0.57,2.27,2.475,0.579489642,3.69,0.817225572,NA,NA,NA,NA,1,0,0,1,0,0,0,0,0,NA,NA,NA,98
73008300,Great Northern,Great Northern2020,2020,7/31/2020,185.35,185.35,0.9221,16.20000076,1,1,1,0,0.917183707,5/1/2020,1.7,1.7,1.531914894,0.765957447,10,94,0.34,0.18,0.59055,-1.255170252,0.762,-1.429414179,NA,NA,NA,NA,1,0,0,0,0,0,0,0,0,NA,NA,NA,101
73008600,Knaus,Knaus2023,2023,9/12/2023,209.7,209.7,0.9682,16.20000076,1,4,4,0,2.861230329,5/24/2023,6,6,1.232227488,0.872037915,7,211,0.6,0.29,1.556,-0.315228945,1.375,-0.959062346,0.1078,0.1065,-0.204681686,-0.204046036,1,1,1,1,0,0,0,0,0,NA,NA,NA,102
73008600,Knaus,Knaus2020,2020,7/15/2020,209.7,209.7,0.9682,16.20000076,1,1,1,0,1.907486886,5/1/2020,4,4,0.769911504,0.513274336,8,113,2.18,1.04,0.870857143,-0.98226926,1.274618182,-1.036084812,NA,NA,NA,NA,1,0,0,0,0,0,0,0,0,NA,NA,NA,103
73008700,Krays,Krays2020,2020,7/15/2020,86.94,86.94,0.9048,40.20000076,1,1,1,0,2.070393375,5/1/2020,1.8,1.8,0.866666667,0.6,5,45,0.01,0.01,1.15824,-0.702479506,1.719942857,-0.694389417,NA,NA,NA,NA,1,0,0,0,0,0,0,0,0,NA,NA,NA,104
73008800,Bolfing,Bolfing2023,2023,9/12/2023,67.37,67.37,0.6299,35,0,3,0,1,0,NA,NA,0,1.307692308,0.923076923,5,65,1.06,1.57,2.866,0.960158813,4.345,1.319803794,0.0368,0.0415,-0.206644827,-0.207648121,0,1,1,1,0,0,0,0,0,NA,NA,NA,106
73008800,Bolfing,Bolfing2020,2020,7/15/2020,67.37,67.37,0.6299,35,1,1,1,0,1.484340211,5/1/2020,1,1,0.625,0.525,4,40,1.49,2.21,2.2425,0.353132655,3.65,0.786533772,NA,NA,NA,NA,1,0,0,0,0,0,0,0,0,NA,NA,NA,107
73008900,Zumwalde,Zumwalde2020,2020,8/4/2020,118.62,118.62,0.9816,21.29999924,1,1,1,0,1.433147867,5/1/2020,1.7,1.7,0.416666667,0.316666667,5,60,0.29,0.24,0.88392,-0.969551544,1.2192,-1.078606906,NA,NA,NA,NA,1,0,0,0,0,0,0,0,0,NA,NA,NA,108
73013300,Cedar Island,Cedar Island2022,2022,9/28/2022,755,755,0.7659,NA,1,3,2,0,5.78807947,5/23/2022,43.7,43.7,0.400468384,0.325526932,11,427,3.96,0.52,1.417826087,-0.449752088,1.237,-1.064949055,NA,NA,NA,NA,1,1,0,0,0,1,0,0,0,NA,0.26,NA,110
73013300,Cedar Island,Cedar Island2020,2020,8/22/2020,755,755,0.7659,NA,0,1,0,3,0,NA,NA,0,0.732804233,0.510582011,15,378,4.85,0.64,1.237083333,-0.625719337,1.697,-0.711993357,NA,NA,NA,NA,0,0,0,1,0,0,0,0,0,NA,NA,NA,109
73013900,Long,Long2020,2020,7/30/2020,331.23,331.23,0.672,34,1,2,1,0,0.603810041,5/21/2020,2,2,0.791411043,0.478527607,10,163,0.41,0.12,1.439333333,-0.428813097,3.0988,0.36360077,NA,NA,NA,NA,1,0,0,1,0,0,0,0,0,NA,NA,NA,111
73015700,Horseshoe,Horseshoe2023,2023,8/7/2023,341.05,341.05,0.5437,57,0,4,0,1,0,NA,NA,0,0.899845917,0.6394453,11,649,1.97,0.58,1.676,-0.198399532,2.44,-0.141893174,0.073166667,0.075,-0.205639293,-0.205791662,0,1,1,1,0,0,1,0,0,NA,NA,NA,112
73015700,Horseshoe,Horseshoe2022,2022,9/28/2022,341.05,341.05,0.5437,57,1,4,3,0,1.143527342,5/23/2022,3.9,3.9,0.818487395,0.593277311,12,595,1.09,0.32,1.752,-0.124407571,1.335,-0.989754145,NA,NA,NA,NA,1,1,1,0,0,1,0,0,0,NA,0.35,NA,114
73015700,Horseshoe,Horseshoe2020,2020,8/15/2020,341.05,341.05,0.5437,57,1,2,1,0,1.583345551,5/21/2020,5.4,5.4,0.769230769,0.520710059,9,169,0.49,0.14,1.24968,-0.613455494,1.6764,-0.727799634,NA,NA,NA,NA,1,0,0,1,0,0,0,0,0,NA,NA,NA,113
86002300,Beebe,Beebe2017,2017,8/15/2017,179.49,179.49,0.5899,23.5,1,1,1,0,14.76405371,5/1/2017,26.5,26.5,0.956521739,0.52173913,8,115,0.11,0.06,1.458717241,-0.409941342,1.963058824,-0.507847752,0.0364,0.04,-0.206655887,-0.207731246,1,0,0,0,0,0,0,0,0,NA,NA,NA,115
86023400,Bass,Bass2018,2018,7/12/2018,95.96,95.96,0.449,34,1,2,2,0,3.230512714,5/1/2018,3.1,3.1,3.73255814,1,16,86,1.05,1.09,4.724242424,2.769303577,5.825,2.455400389,0.0122,0.011,-0.207325013,-0.20933833,1,1,0,0,0,0,0,0,0,NA,NA,NA,116
86026400,NA,NA,2016,7/30/2016,58.31,NA,NA,NA,0,NA,0,NA,0,NA,0,0,0.366071429,0.25,8,112,0,0,1.84,-0.038732668,3.5,0.671439522,NA,NA,NA,NA,0,0,0,0,0,0,0,0,0,NA,NA,NA,124
86028200,Louisa,Louisa2018,2018,7/17/2018,129.57,129.57,0.6673,44,1,2,2,0,12.10928456,5/1/2018,15.69,15.69,1.703389831,0.889830508,7,118,0.06,0.05,2.048,0.163771648,3.345,0.552508798,NA,NA,NA,NA,1,1,0,0,0,0,0,0,0,NA,NA,NA,118
86028200,Louisa,Louisa2017,2017,7/28/2017,129.57,129.57,0.6673,44,1,1,1,0,10.68920275,5/1/2017,13.85,13.85,1.466666667,0.833333333,7,120,0.06,0.05,2.25,0.360434493,5.8,2.436218015,0.05325,0.05,-0.206189986,-0.207177079,1,0,0,0,0,0,0,0,0,NA,NA,NA,117
