App_year,species_code,Pesticide_trade_name,k_Lake_ID,Permit_number,County_name,Lake_parent_name,start_date,end_date,treatment_size
2025,CLP,FlumigardSC,49007900,2018-0371,Morrison,Alexander,5/8/2025,5/8/2025,16.45
2021,CLP,Aquathol K,65000600,2021-0311,Renville,Allie,5/5/2021,5/16/2023,12.162
2024,CLP,Semera,21008500,2023-0301,Douglas,Andrew,5/8/2024,5/8/2024,39.8
2025,CLP,Flumigard,21008500,2023-0301,Douglas,Andrew,5/22/2025,5/22/2025,32.3
2022,CLP,Aquathol K,86019000,2017-0447,Wright,Ann,5/23/2024,5/23/2024,11.9
2024,CLP,Aquathol K,86019000,2017-0447,Wright,Ann,5/14/2024,5/14/2024,11.9
2024,CLP,Aquathol K,33004000,2018-0833,Kanabec,Ann,5/5/2024,5/5/2024,11
2021,EWM,ProcellaCOR EC,29020800,2018-0332,Hubbard,Bad Axe,8/26/2021,8/26/2021,2.07
2021,EWM,Tribune,29020800,2018-0332,Hubbard,Bad Axe,8/26/2021,8/26/2021,2.07
2025,EWM,ProcellaCOR EC,29020800,2018-0332,Hubbard,Bad Axe,7/24/2025,7/24/2025,2
2020,CLP,Diquat Herbicide,62000200,2017-1154,Ramsey,Bald Eagle,5/4/2020,5/4/2020,72.6
2022,CLP,Tribune,62000200,2017-1154,Ramsey,Bald Eagle,5/16/2023,5/16/2023,68.93
2022,EWM,"2,4-D Amine",7005400,2017-1500,Blue Earth,Ballantyne,6/22/2022,6/22/2022,37.1
2023,EWM,"2,4-D Amine",7005400,2017-1500,Blue Earth,Ballantyne,6/27/2023,6/27/2023,10.6
2021,EWM,"2,4-D Amine",7005400,2021-1320,Blue Earth,Ballantyne,7/5/2021,7/5/2021,27.8
2020,CLP,Aquathol K,86023400,2018-0912,Wright,Bass,5/20/2020,5/20/2020,6.06
2021,CLP,Aquathol K,86023400,2018-0912,Wright,Bass,5/19/2021,5/19/2021,11.4
2022,CLP,Aquathol K,86023400,2018-0912,Wright,Bass,5/19/2022,5/19/2022,2.5
2023,CLP,Semera,22007400,2022-1832,Faribault,Bass,5/26/2023,5/26/2023,6.67
2025,CLP,FlumigardSC,22007400,2022-1832,Faribault,Bass,5/8/2025,5/8/2025,17.3
2024,EWM,Platoon,18003400,2017-1984,Crow Wing,Bay,10/9/2024,10/9/2024,4.41
2020,EWM,"2,4-D Amine",18003400,2017-1985,Crow Wing,Bay,6/22/2020,10/19/2020,44.74
2021,EWM,"2,4-D Amine",18003400,2017-1985,Crow Wing,Bay,10/11/2021,10/12/2021,83.34
2021,EWM,Dibrox,18003400,2017-1985,Crow Wing,Bay,10/11/2021,10/11/2021,6.5
2021,EWM,Platoon,18003400,2017-1985,Crow Wing,Bay,6/22/2021,6/22/2021,7.288
2022,EWM,"2,4-D Amine",18003400,2017-1985,Crow Wing,Bay,6/27/2022,10/4/2022,48.473
2024,EWM,Platoon,18003400,2017-1985,Crow Wing,Bay,10/8/2024,10/9/2024,33.68
2020,EWM,Diquat Herbicide,18003400,NA,Crow Wing,Bay,6/22/2020,6/22/2020,4.86
2020,EWM,ProcellaCOR EC,9003400,2017-3015,Carlton,Bear,9/9/2020,9/9/2020,0.76
2022,CLP,Aquathol K,86002300,2017-0892,Wright,Beebe,5/17/2022,5/17/2022,14.39
2023,CLP,Aquathol K,86002300,2017-0892,Wright,Beebe,5/7/2023,5/7/2023,14.39
2020,EWM,"2,4-D Amine",86002300,2017-459,Wright,Beebe,7/31/2020,7/31/2020,4
2022,EWM,Tribune,86002300,2018-1380,Wright,Beebe,7/16/2022,7/16/2022,3.7
2020,CLP,Aquathol K,86002300,NA,Wright,Beebe,5/15/2020,5/15/2020,14.5
2020,CLP,Sonar A.S.,41004300,2017-1050,Lincoln,Benton,5/14/2020,5/14/2020,1034
2021,CLP,Sonar A.S.,41004300,2017-1050,Lincoln,Benton,4/14/2021,4/14/2021,1034
2020,CLP,Sonar A.S.,41004300,NA,Lincoln,Benton,4/23/2020,4/23/2020,1034
2020,EWM,"2,4-D Amine",71008200,2017-0422,Sherburne,Big,7/17/2020,7/17/2020,15
2020,EWM,"2,4-D Amine",71008200,2017-0442,Sherburne,Big,7/17/2020,7/17/2020,1.65
2023,EWM,ProcellaCOR EC,71008200,2017-0442,Sherburne,Big,7/21/2023,7/21/2023,4.5
2020,EWM,"2,4-D Amine",71008200,2017-0445,Sherburne,Big,7/17/2020,7/17/2020,6.4
2020,EWM,ProcellaCOR EC,82005200,2017-1210,Washington,Big Marine,7/16/2020,7/16/2020,3.76
2022,EWM,ProcellaCOR,82005200,2017-1210,Washington,Big Marine,8/4/2022,8/4/2022,5.18
2022,EWM,Tribune,82005200,2017-1210,Washington,Big Marine,8/4/2022,8/4/2022,5.18
2022,CLP,Aquathol K,56013000,2018-0611,Otter Tail,Big Pine,5/30/2023,5/30/2023,65
2021,CLP,Aquathol K,73010200,2018-1097,Stearns,Big Watab,5/6/2021,5/6/2021,1
2020,CLP,Aquathol K,30010700,2018-0898,Isanti,Blue,5/22/2020,5/22/2020,15.76
2021,CLP,Diquat Herbicide,30010700,2018-0898,Isanti,Blue,5/17/2021,5/17/2021,16
2023,CLP,Tribune,30010700,2018-0898,Isanti,Blue,5/23/2023,5/23/2023,16
2022,CLP,Galleon SC,80003400,2022-0242,Wadena,Blueberry,6/10/2022,6/10/2022,25
2020,CLP,Aquathol K,73008800,2017-0121,Stearns,Bolfing,5/21/2020,5/21/2020,1
2020,CLP,Aquathol K,82005400,2017-1709,Washington,Bone,5/12/2020,5/12/2020,5.14
2021,CLP,Aquathol K,82005400,2017-1709,Washington,Bone,5/26/2021,5/26/2021,4.38
2020,CLP,Aquathol K,71014600,2018-0670,Sherburne,Briggs,5/15/2020,5/15/2020,32
2021,CLP,Aquathol K,71014600,2018-0670,Sherburne,Briggs,5/5/2021,5/5/2021,32.25
2023,CLP,Aquathol K,71014600,2018-0670,Sherburne,Briggs,5/23/2023,5/23/2023,25.3
2025,CLP,FlumigardSC,71014600,2018-0670,Sherburne,Briggs,4/30/2025,4/30/2025,27.8
2022,CLP,Aquathol K,86026400,2017-0663,Wright,Brooks,5/22/2022,5/22/2022,5.12
2023,CLP,Aquathol K,86026400,2017-0663,Wright,Brooks,5/15/2022,5/15/2023,5.12
2024,CLP,Aquathol K,86026400,2017-0663,Wright,Brooks,4/24/2024,4/24/2024,7.12
2022,CLP,Tribune,19000600,2021-0413,Dakota,Byllesby,6/1/2022,6/1/2022,65.26
2023,CLP,Tribune,19000600,2021-0413,Dakota,Byllesby,5/31/2023,5/31/2023,30.23
2025,CLP,FlumigardSC,19000600,2021-0413,Dakota,Byllesby,5/30/2025,5/30/2025,29.06
2025,FR,Tribune,19000600,2025-2868,Dakota,Byllesby,8/26/2025,8/26/2025,2
2022,CLP,Tribune,70009100,2017-0562,Scott,Cedar,6/7/2022,6/7/2022,132.6
2023,CLP,Sonar A.S.,70009100,2017-0562,Scott,Cedar,4/14/2023,4/14/2023,793
2020,CLP,Tribune,86022700,2017-0820,Wright,Cedar,5/19/2020,5/19/2020,13.5
2020,CLP,Aquathol K,66005200,2017-1306,Rice,Cedar,5/11/2020,5/11/2020,24.5
2021,CLP,Aquathol K,66005200,2017-1306,Rice,Cedar,5/12/2021,5/12/2021,18.8
2022,CLP,Aquathol K,66005200,2017-1306,Rice,Cedar,5/10/2022,5/10/2022,35
2023,CLP,Aquathol K,66005200,2017-1306,Rice,Cedar,5/11/2023,5/11/2023,50
2022,CLP,Tribune,86022700,2018-0750,Wright,Cedar,5/23/2022,5/23/2022,7.6
2022,EWM,Tribune,86022700,2018-0750,Wright,Cedar,5/23/2022,5/23/2022,7.6
2020,CLP,Aquathol K,66005200,NA,Rice,Cedar,5/11/2020,5/12/2020,18.8
2022,CLP,Sonar A.S.,70009100,NA,Scott,Cedar,6/7/2023,NA,793
2022,CLP,Tribune,86022700,NA,Wright,Cedar,5/17/2023,5/17/2023,4.1
2022,EWM,Tribune,86022700,NA,Wright,Cedar,5/17/2023,5/17/2023,4.1
2024,CLP,Semera,1020900,NA,Aitkin,Cedar,4/29/2024,4/29/2024,0.7
2025,CLP,FlumigardSC,73013300,2017-0040,Stearns,Cedar Island,5/6/2025,5/6/2025,14
2021,CLP,Tribune,2000600,2020-0903,Anoka,Centerville,5/12/2021,5/12/2021,40.64
2022,CLP,Diquat Herbicide,2000600,2020-0903,Anoka,Centerville,5/17/2022,5/17/2022,40.76
2022,CLP,Tribune,2000600,2020-0903,Anoka,Centerville,5/16/2023,5/16/2023,40.81
2024,CLP,Diquat Herbicide,2000600,2020-0903,Anoka,Centerville,4/15/2024,4/15/2024,42.49
2023,EWM,ProcellaCOR EC,86001100,2017-1032,Wright,Charlotte,6/28/2023,6/28/2023,11
2022,CLP,Aquathol K,13001200,2018-1132,Chisago,Chisago,5/23/2022,5/23/2022,11
2022,CLP,Weedar 64,13001200,2022-0175,Chisago,Chisago,6/22/2022,6/22/2022,11.95
2024,EWM,Weedar 64,13001200,2022-0175,Chisago,Chisago,6/24/2024,6/24/2024,88.8
2020,EWM,ProcellaCOR EC,9000800,2017-1512,Carlton,Chub,7/10/2020,7/10/2020,11
2021,EWM,ProcellaCOR,9000800,2017-1512,Carlton,Chub,6/24/2021,6/24/2021,13.2
2022,CLP,Aquathol K,66002700,2022-0176,Rice,Circle,5/18/2022,5/18/2022,17.2
2022,CLP,FlumigardSC,66002700,NA,Rice,Circle,5/16/2023,5/16/2023,29.2
2022,EWM,FlumigardSC,66002700,NA,Rice,Circle,5/16/2023,5/16/2023,29.2
2024,EWM,Sonar A.S.,82016300,2017-0666,Washington,Clear,5/30/2024,9/10/2024,1715.6
2020,CLP,Aquathol K,82016300,2017-0667,Washington,Clear,5/12/2020,5/12/2020,5.31
2020,CLP,Aquathol K,81001401,2017-1307,Waseca,Clear,5/6/2020,5/6/2020,30
2021,EWM,"2,4-D Amine",81001401,2021-0484,Waseca,Clear,6/22/2021,6/22/2021,56.8
2022,EWM,Sonar A.S.,81001401,2022-0248,Waseca,Clear,6/14/2022,7/18/2022,1296
2023,CLP,Aquathol K,81001401,2023-0468,Waseca,Clear,5/9/2023,5/9/2023,74.4
2020,CLP,Aquathol K,81001401,NA,Waseca,Clear,5/6/2020,5/6/2020,3.3
2025,CLP,Aquathol K,81001401,NA,Waseca,Clear,5/5/2025,5/5/2025,38
2020,EWM,Dibrox,86025200,2018-0180,Wright,Clearwater,9/10/2020,9/10/2020,2.24
2021,EWM,Dibrox,86025200,2018-0180,Wright,Clearwater,8/23/2021,8/23/2021,5.27
2020,CLP,Aquathol K,86025200,2020-0172,Wright,Clearwater,5/15/2020,5/15/2020,27.3
2021,CLP,Aquathol K,86025200,2020-0172,Wright,Clearwater,5/12/2021,5/12/2021,23.51
2020,EWM,ProcellaCOR EC,18003800,2020-0177,Crow Wing,Clearwater,10/7/2020,10/7/2020,36.4
2021,EWM,ProcellaCOR EC,18003800,2020-0177,Crow Wing,Clearwater,9/30/2021,9/30/2021,0.54
2021,EWM,Tribune,18003800,2020-0177,Crow Wing,Clearwater,9/30/2021,9/30/2021,0.54
2024,SSW,Mizzen,86025200,2023-2720,Wright,Clearwater,7/26/2024,10/10/2024,17.6
2021,EWM,Aquathol K,86025200,NA,Wright,Clearwater,5/12/2021,5/12/2021,7.77
2020,CLP,Sonar A.S.,70002200,2019-0880,Scott,Cleary,4/14/2020,5/6/2020,290
2021,CLP,Sonar A.S.,70002200,2019-0880,Scott,Cleary,4/7/2021,4/7/2021,145
2022,CLP,Sonar A.S.,70002200,2019-0880,Scott,Cleary,4/20/2022,4/20/2022,145
2021,CLP,Sonar A.S.,70002200,NA,Scott,Cleary,4/28/2021,4/28/2021,145
2022,CLP,Sonar A.S.,70002200,NA,Scott,Cleary,5/11/2022,5/11/2022,144.75
2022,CLP,Sonar A.S.,82009400,2022-0318,Washington,Colby,10/5/2022,11/2/2022,141.88
2022,CLP,Sonar A.S.,82009400,NA,Washington,Colby,4/25/2023,4/25/2023,70.94
2022,EWM,Sonar A.S.,82009400,NA,Washington,Colby,4/25/2023,4/25/2023,70.94
2022,EWM,Sonar A.S.,13005300,2019-2082,Chisago,Comfort,6/22/2022,7/28/2022,436
2022,EWM,Sonar A.S.,13005300,NA,Chisago,Comfort,9/20/2022,NA,218
2024,CLP,Tribune,86005100,2018-0910,Wright,Constance,4/29/2024,4/29/2024,8.2
2021,CLP,Tribune,2004200,2017-1083,Anoka,Coon,5/5/2021,5/5/2021,9.2
2021,EWM,ProcellaCOR EC,2004200,2017-1092,Anoka,Coon,7/12/2021,7/12/2021,22.83
2021,EWM,Tribune,2004200,2017-1092,Anoka,Coon,7/12/2021,7/12/2021,22.83
2022,EWM,ProcellaCOR EC,2004200,2017-1092,Anoka,Coon,7/22/2022,7/22/2022,40.3
2020,CLP,Tribune,2004200,2020-0043,Anoka,Coon,5/13/2020,5/13/2020,29.11
2021,CLP,Tribune,2004200,2020-0043,Anoka,Coon,5/5/2021,5/5/2021,26.2
2025,CLP,FlumigardSC,NA,2025-0088,Douglas,Cowdry,5/22/2025,5/22/2025,8.4
2020,CLP,Tribune,2008400,2017-2184,Anoka,Crooked,5/13/2020,5/13/2020,5.9
2021,CLP,Tribune,2008400,2017-2184,Anoka,Crooked,5/18/2021,5/18/2021,1.9
2021,EWM,ProcellaCOR,2008400,2018-3528,Anoka,Crooked,9/27/2021,9/27/2021,11.3
2021,EWM,Tribune,2008400,2018-3528,Anoka,Crooked,9/27/2021,9/27/2021,11.3
2024,EWM,Sonar A.S.,2008400,2018-3528,Anoka,Crooked,4/11/2024,5/22/2024,230
2023,EWM,ProcellaCOR EC,18004100,2021-2453,Crow Wing,Crooked,10/10/2023,10/10/2023,1.8
2025,EWM,ProcellaCOR EC,18004100,2021-2453,Crow Wing,Crooked,9/17/2025,9/17/2025,1.17
2020,EWM,ProcellaCOR EC,49013300,2019-0627,Morrison,Crookneck,10/8/2020,10/8/2020,0.86
2021,CLP,Aquathol K,18015500,NA,Crow Wing,Crow Wing,5/18/2021,5/18/2021,16.4
2022,CLP,Aquathol K,18015500,NA,Crow Wing,Crow Wing,5/15/2023,5/15/2023,19.9
2024,CLP,Aquathol K,18015500,NA,Crow Wing,Crow Wing,5/8/2024,5/8/2024,24
2021,CLP,Aquathol K,27003400,2017-0968,Hennepin,Crystal,5/10/2021,5/10/2021,5.1
2021,CLP,Aquathol K,3036300,2019-1846,Becker,Curfman,5/26/2021,5/26/2021,7.9
2022,CLP,Aquathol K,3036300,2019-1846,Becker,Curfman,6/3/2022,6/3/2022,7.2
2020,CLP,Aquathol K,21008000,2019-3431,Douglas,Darling,5/15/2020,5/15/2020,9
2022,CLP,Tribune,21008000,2019-3431,Douglas,Darling,6/3/2022,6/3/2022,26
2020,CLP,Aquathol K,21008000,NA,Douglas,Darling,5/13/2020,5/13/2020,5
2021,CLP,Aquathol K,86004100,2021-0100,Wright,Dean,4/28/2021,4/28/2021,9.6
2021,CLP,Tribune,86004100,2021-0100,Wright,Dean,5/2/2021,5/2/2021,6
2023,EWM,Sonar A.S.,82010100,2017-0525,Washington,Demontreville,5/2/2023,5/2/2023,157.06
2021,CLP,Aquathol K,3038100,2017-0533,Becker,Detroit,5/26/2021,5/26/2021,8.2
2020,CLP,Sonar A.S.,27012500,2017-0742,Hennepin,Diamond,4/13/2020,4/13/2020,405
2021,CLP,Sonar A.S.,27012500,2017-0742,Hennepin,Diamond,4/7/2021,4/27/2021,810
2022,CLP,Sonar A.S.,27012500,2017-0742,Hennepin,Diamond,4/20/2022,4/20/2022,405
2023,CLP,Tribune,27012500,2017-0742,Hennepin,Diamond,5/15/2023,5/15/2023,45.1
2024,CLP,Tribune,27012500,2017-0742,Hennepin,Diamond,4/24/2024,4/24/2024,59.7
2020,CLP,Dibrox,7005300,2018-1014,Blue Earth,Duck,5/6/2020,5/6/2020,23.7
2020,CLP,Dibrox,7005300,NA,Blue Earth,Duck,5/6/2020,5/6/2020,16.5
2020,CLP,Aquathol K,71006700,2018-1228,Sherburne,Eagle,5/16/2020,5/16/2020,46.5
2020,CLP,Aquathol K,71006700,NA,Sherburne,Eagle,5/16/2020,5/16/2020,33.5
2023,CLP,Aquathol K,40009201,2017-0511,Le Sueur,East Jefferson,5/9/2023,5/9/2023,6.58
2021,CLP,Aquathol K,13006901,2018-1045,Chisago,East Rush,5/5/2021,5/5/2021,24.53
2023,CLP,Semera,13006901,2018-1045,Chisago,East Rush,5/31/2023,5/31/2023,37.95
2023,EWM,Platoon,86028900,2017-1367,Wright,East Sylvia,8/25/2023,8/25/2023,3.06
2022,CLP,Aquathol K,18030500,2022-0315,Crow Wing,Edward,6/1/2022,6/1/2022,16
2022,EWM,ProcellaCOR,71014100,2021-0460,Sherburne,Elk,7/15/2022,NA,10.4
2022,EWM,Tribune,71014100,2021-0460,Sherburne,Elk,7/15/2022,NA,10.4
2022,EWM,ProcellaCOR EC,82010600,2017-2067,Washington,Elmo,6/22/2022,6/22/2022,12
2023,EWM,ProcellaCOR EC,82010600,2017-2067,Washington,Elmo,6/16/2023,6/16/2023,12
2021,CLP,Dibrox,30003600,2020-3343,Isanti,Elms,5/6/2021,5/6/2021,4.59
2024,CLP,Diquat Herbicide,30003600,2020-3343,Isanti,Elms,4/29/2024,4/29/2024,5
2020,EWM,ProcellaCOR EC,18020300,2019-0017,Crow Wing,Emily,10/2/2020,10/2/2020,11.3
2022,EWM,ProcellaCOR EC,47006400,2019-2512,Meeker,Erie,7/27/2022,7/27/2022,10
2022,EWM,ProcellaCOR EC,47006400,NA,Meeker,Erie,6/29/2023,6/29/2023,6.7
2020,CLP,Aquathol K,30004300,2018-0293,Isanti,Fannie,5/5/2020,5/5/2020,36.35
2021,CLP,Aquathol K,30004300,2018-0293,Isanti,Fannie,5/7/2021,5/7/2021,27.6
2022,CLP,Aquathol K,30004300,2018-0293,Isanti,Fannie,5/24/2022,5/24/2022,13.3
2022,EWM,Tribune,30004300,2018-0293,Isanti,Fannie,5/24/2022,5/24/2022,6.6
2024,CLP,Flumioxazin 51WDG Prime,30004300,2018-0293,Isanti,Fannie,5/9/2024,5/9/2024,18.96
2025,CLP,Flumioxazin 51WDG Prime,30004300,2018-0293,Isanti,Fannie,5/12/2025,5/12/2025,38.15
2020,EWM,"2,4-D Amine",30004300,2019-3248,Isanti,Fannie,8/10/2020,8/10/2020,3.2
2021,EWM,Aquathol K,30004300,NA,Isanti,Fannie,5/7/2021,5/7/2021,27.9
2022,CLP,Aquathol K,30004300,NA,Isanti,Fannie,5/26/2023,5/26/2023,12.28
2022,CLP,Tribune,30004300,NA,Isanti,Fannie,8/18/2022,8/18/2022,6.6
2022,EWM,Aquathol K,30004300,NA,Isanti,Fannie,5/26/2023,5/26/2023,12.28
2022,EWM,Tribune,30004300,NA,Isanti,Fannie,8/18/2022,8/18/2022,6.6
2021,CLP,Aquathol K,19002300,2017-1297,Dakota,Farquar,5/5/2021,5/5/2021,10
2022,CLP,Aquathol K,19002300,2017-1297,Dakota,Farquar,5/10/2022,5/10/2022,9.27
2021,EWM,ProcellaCOR,86018300,2017-0600,Wright,Fish,7/16/2021,7/16/2021,5.3
2022,EWM,ProcellaCOR EC,86018300,2017-0600,Wright,Fish,9/28/2022,9/28/2022,3.3
2024,CLP,ProcellaCOR EC,86018300,2017-0600,Wright,Fish,7/12/2024,7/12/2024,7.9
2020,CLP,Aquathol K,33003600,2018-1159,Kanabec,Fish,5/27/2020,5/27/2020,16
2021,CLP,Aquathol K,33003600,2018-1159,Kanabec,Fish,5/12/2021,5/12/2021,23
2023,CLP,Aquathol K,33003600,2018-1159,Kanabec,Fish,5/21/2023,5/21/2023,17.2
2024,CLP,Aquathol K,33003600,2018-1159,Kanabec,Fish,5/5/2024,5/5/2024,16
2020,CLP,Aquathol K,49013700,2018-0543,Morrison,Fish Trap,5/21/2020,5/21/2020,9.24
2022,CLP,Aquathol K,49013700,2018-0543,Morrison,Fish Trap,6/6/2022,6/6/2022,40.5
2024,CLP,Aquathol K,49013700,2018-0543,Morrison,Fish Trap,5/8/2024,5/8/2024,39
2021,CLP,Dibrox,30003500,2020-3342,Isanti,Florence,5/6/2021,5/6/2021,15.6
2022,CLP,Tribune,30003500,2020-3342,Isanti,Florence,5/23/2022,5/23/2022,15
2021,CLP,Dibrox,30003500,NA,Isanti,Florence,5/6/2021,5/6/2021,15.6
2022,CLP,Tribune,30003500,NA,Isanti,Florence,5/22/2023,5/22/2023,0
2020,CLP,Aquathol K,82015900,2017-0917,Washington,Forest,5/12/2020,5/12/2020,59.31
2020,FR,Tribune,82015900,2017-3409,Washington,Forest,8/6/2020,9/2/2020,11.05
2023,EWM,"2,4-D Amine",40005700,2019-3016,Le Sueur,Frances,8/24/2023,8/24/2023,11
2021,EWM,ProcellaCOR,40005700,NA,Le Sueur,Frances,8/25/2021,8/25/2021,3.08
2021,EWM,Tribune,40005700,NA,Le Sueur,Frances,8/25/2021,8/25/2021,3.08
2021,EWM,ProcellaCOR EC,30008000,2019-3016,Isanti,Francis,8/25/2021,8/25/2021,3.08
2021,EWM,Tribune,30008000,2019-3016,Isanti,Francis,8/25/2021,8/25/2021,3.08
2021,CLP,Aquathol K,30008000,NA,Isanti,Francis,5/5/2021,5/5/2021,13.02
2022,CLP,Aquathol K,30008000,NA,Isanti,Francis,5/15/2023,5/15/2023,39.7
2021,EWM,ProcellaCOR,86027300,2018-0333,Wright,French,7/27/2021,7/27/2021,11.2
2023,EWM,ProcellaCOR,86027300,2018-0333,Wright,French,9/26/2023,9/26/2023,7.8
2022,EWM,"2,4-D Amine",66003800,2022-1398,Rice,French,7/25/2022,7/25/2022,10.97
2022,CLP,ProcellaCOR,66003800,NA,Rice,French,6/22/2023,6/22/2023,11
2022,EWM,ProcellaCOR,66003800,NA,Rice,French,6/22/2023,6/22/2023,11
2025,CLP,FlumigardSC,34022400,2024-0113,Kandiyohi,Games,4/29/2025,4/29/2025,28.3
2020,CLP,Dibrox,2009100,2017-1027,Anoka,George,5/11/2020,5/11/2020,46.9
2021,CLP,Dibrox,2009100,2017-1027,Anoka,George,5/24/2021,5/24/2021,28.33
2022,EWM,Tribune,2009100,2017-1028,Anoka,George,5/27/2022,5/27/2022,37.65
2024,EWM,Dibrox,2009100,2017-1028,Anoka,George,5/20/2024,5/20/2024,37.1
2025,EWM,Diquat Herbicide,2009100,2017-1028,Anoka,George,5/14/2025,5/14/2025,32.23
2020,EWM,Dibrox,2009100,NA,Anoka,George,5/11/2020,5/11/2020,51.4
2022,CLP,Tribune,2009100,NA,Anoka,George,5/31/2023,NA,39.81
2022,EWM,Tribune,2009100,NA,Anoka,George,5/31/2023,NA,39.81
2024,CLP,Dibrox,2009100,NA,Anoka,George,5/20/2024,5/20/2024,37.1
2022,CLP,Aquathol K,40006300,2022-0180,Le Sueur,German,5/24/2022,5/24/2022,22.5
2022,CLP,Tribune,62000700,2020-0147,Ramsey,Gervais,6/7/2022,6/7/2022,5.8
2021,EWM,ProcellaCOR,11017400,2018-0035,Cass,Girl,8/4/2021,8/4/2021,0.27
2023,EWM,"2,4-D Amine",13008300,2018-1459,Chisago,Goose,7/6/2023,7/7/2023,51.1
2024,EWM,"2,4-D Amine",13008302,2018-1459,Chisago,Goose,7/8/2024,7/8/2024,51.1
2025,EWM,Weedar 64,13008300,2018-1459,Chisago,Goose,7/10/2025,7/10/2025,51.1
2025,CLP,Aquathol K,40003200,2025-1371,Le Sueur,Gorman,5/2/2025,5/2/2025,36.2
2020,CLP,Aquathol K,73005500,2018-0668,Stearns,Grand,5/22/2020,5/22/2020,32.3
2021,CLP,Aquathol K,73005500,2018-0668,Stearns,Grand,5/7/2021,5/7/2021,32.41
2023,CLP,Aquathol K,73005500,2018-0668,Stearns,Grand,5/20/2023,5/20/2023,29.9
2024,CLP,Aquathol K,73005500,2018-0668,Stearns,Grand,4/24/2024,4/24/2024,33
2020,EWM,ProcellaCOR EC,86021700,2017-1034,Wright,Granite,7/9/2020,7/9/2020,6.9
2025,EWM,ProcellaCOR EC,86021700,2017-1034,Wright,Granite,9/22/2025,9/22/2025,6.5
2020,FR,Cide-Kick 2.5 Gal,86021700,2018-2938,Wright,Granite,7/9/2020,7/9/2020,0.1
2020,FR,Tribune,86021700,2018-2938,Wright,Granite,7/9/2020,7/9/2020,0.1
2023,EWM,Habitat,86021700,NA,Wright,Granite,6/21/2024,6/21/2024,0.77
2023,EWM,ProcellaCOR EC,86021700,NA,Wright,Granite,6/21/2024,6/21/2024,3.86
2023,FR,Habitat,86021700,NA,Wright,Granite,6/21/2024,6/21/2024,0.77
2023,FR,ProcellaCOR EC,86021700,NA,Wright,Granite,6/21/2024,6/21/2024,3.86
2025,CLP,FlumigardSC,18011000,2017-1826,Crow Wing,Grave,5/5/2025,5/5/2025,5.5
2020,CLP,Aquathol K,73008300,2017-0123,Stearns,Great Northern,5/21/2020,5/21/2020,1.7
2020,CLP,Dibrox,30013600,2018-1015,Isanti,Green,5/20/2020,5/20/2020,50.5
2021,CLP,Aquathol K,13004100,NA,Chisago,Green,5/11/2021,5/11/2021,42.11
2021,EWM,Aquathol K,13004100,NA,Chisago,Green,5/11/2021,5/11/2021,42.11
2024,CLP,Aquathol K,49003500,2019-1068,Morrison,Green Prairie Fish,4/30/2024,4/30/2024,5.5
2025,CLP,FlumigardSC,49003500,2019-1068,Morrison,Green Prairie Fish,5/8/2025,5/8/2025,5.81
2020,CLP,Aquathol K,1009900,2017-0743,Aitkin,Gun,5/27/2020,5/27/2020,2.73
2023,CLP,Sonar A.S.,27010900,NA,Hennepin,Hadley,4/25/2023,4/3/2024,74
2023,EWM,ProcellaCOR EC,18004400,2022-2614,Crow Wing,Hanks,10/11/2023,10/11/2023,0.5
2020,EWM,ProcellaCOR EC,34011600,2019-0039,Kandiyohi,Henderson,7/10/2020,7/10/2020,3.1
2025,CLP,Galleon SC,27009000,2024-0169,Hennepin,Holiday,4/30/2025,4/30/2025,4.2
2020,CLP,Aquathol K,73015700,2017-0045,Stearns,Horseshoe,5/21/2020,5/21/2020,5.4
2022,EWM,"2,4-D Amine",86019900,2017-1379,Wright,Howard,8/22/2022,8/22/2022,44.4
2020,CLP,Tribune,27004800,2017-0522,Hennepin,Hyland,4/30/2020,4/30/2020,9
2021,CLP,Sonar A.S.,27004800,2017-0522,Hennepin,Hyland,4/5/2021,4/28/2021,168
2024,CLP,Sonar A.S.,27004800,2017-0522,Hennepin,Hyland,4/2/2024,4/29/2024,74
2021,CLP,Aquathol K,21012300,2018-0334,Douglas,Ida,5/24/2021,5/24/2021,18.7
2022,CLP,Aquathol K,21012300,2018-0334,Douglas,Ida,6/3/2022,6/3/2022,13.8
2024,CLP,Semera,21012300,2018-0334,Douglas,Ida,5/23/2024,5/23/2024,12.7
2020,CLP,Aquathol K,86022300,2017-0871,Wright,Indian,5/27/2020,5/27/2020,2.5
2021,CLP,Aquathol K,86022300,2017-0871,Wright,Indian,5/5/2021,5/5/2021,4.6
2022,CLP,Aquathol K,86022300,2017-0871,Wright,Indian,5/23/2022,5/23/2022,2.73
2020,EWM,"2,4-D Amine",86022300,2017-0873,Wright,Indian,7/1/2020,7/1/2020,8.5
2022,EWM,"2,4-D Amine",86022300,2017-0873,Wright,Indian,7/25/2022,7/25/2022,5.75
2022,CLP,Galleon SC,21007600,2021-0006,Douglas,Irene,5/24/2022,5/24/2022,164
2025,CLP,FlumigardSC,3015300,2025-0025,Becker,Island,5/7/2025,5/7/2025,6.85
2020,EWM,ProcellaCOR EC,82010400,2017-1978,Washington,Jane,9/18/2020,9/18/2020,6.71
2021,CLP,Aquathol K,40009204,2017-0512,Le Sueur,Jefferson,5/19/2021,5/19/2021,29.9
2022,CLP,Aquathol K,40009204,2017-0512,Le Sueur,Jefferson,5/18/2022,5/18/2022,27.6
2024,CLP,Aquathol K,40009204,2017-0512,Le Sueur,Jefferson,5/3/2024,5/3/2024,18.69
2022,CLP,Aquathol K,40009204,NA,Le Sueur,Jefferson,5/9/2023,5/9/2023,18.69
2020,CLP,Aquathol K,47001500,2020-0108,Meeker,Jennie,6/2/2020,6/2/2020,18
2021,CLP,Diquat SPC 2 L,47001500,2021-0437,Meeker,Jennie,5/19/2021,5/19/2021,115
2024,CLP,Aquathol K,47001500,2023-0167,Meeker,Jennie,5/9/2024,5/9/2024,32.2
2021,CLP,Tribune,62007800,2021-0465,Ramsey,Johanna,5/12/2021,5/12/2021,12.3
2020,"EWM, CLP",Sonar A.S.,62005700,2017-0384,Ramsey,Josephine,4/30/2020,7/24/2020,351
2022,CLP,Galleon SC,62005700,2019-1554,Ramsey,Josephine,5/24/2022,5/24/2022,10
2024,CLP,Flumigard SC,62005700,2019-1554,Ramsey,Josephine,4/15/2024,4/15/2024,8.15
2020,CLP,Sonar A.S.,62005700,NA,Ramsey,Josephine,4/30/2020,7/24/2020,351
2020,CLP,Aquathol K,71014500,2018-0672,Sherburne,Julia,5/15/2020,5/15/2020,8
2021,CLP,Aquathol K,71014500,2018-0672,Sherburne,Julia,5/5/2021,5/5/2021,10.5
2022,CLP,Aquathol K,71014500,2018-0672,Sherburne,Julia,5/26/2022,5/26/2022,3.7
2022,CLP,Tribune,62001002,2020-0145,Ramsey,Keller,6/7/2022,10/26/2022,11.9
2022,CLP,Tribune,62001002,NA,Ramsey,Keller,6/6/2023,6/6/2023,5.9
2020,CLP,Aquathol K,73008600,2017-0120,Stearns,Knaus,5/21/2020,5/21/2020,4
2024,CLP,Schooner 51.0% WDG,73008600,2020-0120,Stearns,Knaus,4/30/2024,4/30/2024,11
2020,CLP,Aquathol K,33002800,2017-0038,Kanabec,Knife,5/27/2020,5/27/2020,31.2
2021,CLP,Aquathol K,33002800,2017-0038,Kanabec,Knife,5/5/2021,5/5/2021,24.28
2022,CLP,Aquathol K,33002800,NA,Kanabec,Knife,5/23/2023,5/23/2023,50.3
2022,CLP,Tribune,62000600,2020-0148,Ramsey,Kohlman,6/7/2022,10/26/2022,15.9
2022,CLP,Tribune,62000600,NA,Ramsey,Kohlman,6/6/2023,6/6/2023,8
2024,SSW,Mizzen,73020002,2018-0182,Stearns,Koronis,7/8/2024,8/19/2024,215.4
2020,CLP,Aquathol K,73008700,2017-0122,Stearns,Krays,5/21/2020,5/21/2020,1.8
2022,EWM,Weedar 64,13001300,2022-0173,Chisago,Kroon,6/22/2022,6/22/2022,12.94
2024,EWM,Weedar 64,13001300,2022-0173,Chisago,Kroon,6/3/2024,6/3/2024,20.1
2023,CLP,Sonar A.S.,82009700,NA,Washington,La,11/2/2023,4/2/2024,90
2020,CLP,Aquathol K,77010500,2018-0187,Todd,Latimer,5/26/2020,5/26/2020,8
2021,CLP,Aquathol K,33003200,2017-0830,Kanabec,Lewis,5/26/2021,5/26/2021,1.17
2024,CLP,Propeller,33003200,2017-0830,Kanabec,Lewis,4/29/2025,4/29/2025,5.13
2022,CLP,Aquathol K,56074702,2019-0258,Otter Tail,Lida,6/2/2022,6/2/2022,5.5
2021,CLP,Aquathol K,56074702,NA,Otter Tail,Lida,6/3/2021,6/3/2021,13
2020,CLP,Aquathol K,86016300,2018-0395,Wright,Limestone,5/4/2020,5/4/2020,7.9
2021,CLP,Aquathol K,86016300,2018-0395,Wright,Limestone,5/1/2021,5/1/2021,7.9
2022,CLP,Aquathol K,86016300,2018-0395,Wright,Limestone,5/23/2022,5/23/2022,7.9
2020,CLP,Dibrox,2002600,2017-0621,Anoka,Linwood,5/4/2020,5/4/2020,40.9
2021,CLP,Dibrox,2002600,2017-0621,Anoka,Linwood,5/5/2021,5/5/2021,42.3
2024,EWM,Platoon,2002600,2017-0823,Anoka,Linwood,8/26/2024,8/26/2024,28.8
2025,CLP,FlumigardSC,77008900,2020-0924,Todd,Little Birch,5/13/2025,5/13/2025,2.7
2022,CLP,Aquathol K,56076100,2017-0378,Otter Tail,Little Pelican,6/3/2022,6/3/2022,8.4
2022,CLP,Tribune,21014400,2022-0338,Douglas,Lobster,6/15/2022,6/15/2022,6.4
2025,CLP,Diquat Herbicide,21014400,2022-0338,Douglas,Lobster,5/25/2025,5/25/2025,5.6
2020,CLP,Aquathol K,73013900,2017-0047,Stearns,Long,5/21/2020,5/21/2020,2
2020,CLP,Aquathol K,47017700,2017-0365,Meeker,Long,5/6/2020,5/6/2020,19
2021,CLP,Aquathol K,47017700,2017-0365,Meeker,Long,5/12/2021,5/12/2021,18.5
2021,CLP,Tribune,47017700,2017-0365,Meeker,Long,5/12/2021,5/12/2021,7
2024,CLP,Tribune,47017700,2017-0365,Meeker,Long,5/8/2024,4/26/2025,97.6
2020,EWM,Dibrox,62006700,2017-0653,Ramsey,Long,7/20/2020,7/20/2020,4.91
2025,EWM,ProcellaCOR EC,62006700,2017-0653,Ramsey,Long,7/2/2025,7/2/2025,8.79
2022,CLP,Tribune,47017700,2017-365,Meeker,Long,5/22/2022,5/22/2022,43.62
2021,CLP,Aquathol K,30007200,2018-1016,Isanti,Long,5/5/2021,5/5/2021,7.8
2021,CLP,Tribune,56078400,2019-1039,Otter Tail,Long,5/26/2021,5/26/2021,6
2020,EWM,ProcellaCOR EC,82011800,2019-1328,Washington,Long,5/21/2020,5/21/2020,8.32
2020,EWM,Tribune,82011800,2019-1328,Washington,Long,5/21/2020,5/21/2020,8.32
2024,SSW,Komeen Descend,34006600,2023-2342,Kandiyohi,Long,8/7/2024,10/1/2024,1.02
2024,SSW,Hydrothol 191,29016100,2023-2655,Hubbard,Long,8/6/2024,8/6/2024,0.5
2024,SSW,Komeen Descend,29016100,2023-2655,Hubbard,Long,10/2/2024,6/20/2025,0.75
2022,CLP,Semera,49001500,NA,Morrison,Long,5/15/2023,5/15/2023,2.5
2024,CLP,Aquathol K,56078400,NA,Otter Tail,Long,5/5/2024,5/5/2024,3.1
2024,CLP,FlumigardSC,49001500,NA,Morrison,Long,4/29/2024,5/6/2025,2.8
2024,CLP,Propeller,56078400,NA,Otter Tail,Long,5/5/2024,5/5/2024,3.4
2024,CLP,Sonar A.S.,10000600,NA,Carver,Lotus,4/29/2024,4/29/2024,245
2024,EWM,Sonar A.S.,10000600,NA,Carver,Lotus,4/29/2024,4/29/2024,245
2024,CLP,FlumigardSC,86028200,NA,Wright,Louisa,4/24/2024,4/24/2024,15
2024,EWM,FlumigardSC,86028200,NA,Wright,Louisa,4/24/2024,4/24/2024,15
2020,CLP,Aquathol K,18040300,2020-0139,Crow Wing,Lower Cullen,5/19/2020,5/19/2020,22.05
2025,CLP,FlumigardSC,18040300,2020-0139,Crow Wing,Lower Cullen,5/14/2025,5/14/2025,8.6
2020,EWM,Tribune,70002600,2017-0417,Scott,Lower Prior,6/3/2020,6/3/2020,5
2022,EWM,Tribune,70002600,2017-0417,Scott,Lower Prior,6/10/2022,6/10/2022,5
2022,CLP,Tribune,70002600,NA,Scott,Lower Prior,6/19/2023,6/19/2023,18.41
2022,EWM,Tribune,70002600,NA,Scott,Lower Prior,6/19/2023,6/19/2023,18.41
2020,EWM,"2,4-D Amine",73012300,2020-2645,Stearns,Lower Spunk,8/20/2020,8/20/2020,9.9
2021,EWM,Platoon,73012300,2020-2645,Stearns,Lower Spunk,8/9/2021,8/9/2021,5.18
2022,CLP,Tribune,10000700,2017-0407,Carver,Lucy,5/17/2022,5/17/2022,7.7
2023,EWM,ProcellaCOR EC,13007400,2023-1190,Chisago,Mandall,7/24/2023,7/24/2023,0.5
2025,EWM,ProcellaCOR EC,13007400,2023-1190,Chisago,Mandall,7/10/2025,7/10/2025,0.5
2024,EWM,ProcellaCOR EC,13007400,NA,Chisago,Mandall,7/26/2024,7/26/2024,0.5
2020,CLP,Tribune,86013400,2017-1507,Wright,Maple,5/12/2020,5/12/2020,10.1
2021,CLP,Tribune,86013400,2017-1507,Wright,Maple,5/11/2021,5/11/2021,10.1
2020,EWM,ProcellaCOR EC,86013400,2018-2174,Wright,Maple,6/23/2020,6/23/2020,23.5
2021,EWM,ProcellaCOR EC,86013400,2018-2174,Wright,Maple,7/20/2021,7/20/2021,38.9
2020,CLP,Aquathol K,11022200,2018-0241,Cass,Margaret,5/26/2020,5/26/2020,7.4
2022,CLP,Aquathol K,73001400,2017-1036,Stearns,Marie,5/26/2022,5/26/2022,14.3
2021,CLP,Tribune,19002600,2017-1565,Dakota,Marion,5/17/2021,5/17/2021,16.46
2022,CLP,Tribune,82008900,2022-0321,Washington,Markgrafs,5/11/2023,5/11/2023,6.89
2021,CLP,Aquathol K,86000900,2021-0483,Wright,Martha,4/28/2021,4/28/2021,8
2022,CLP,Aquathol K,86000900,2021-0483,Wright,Martha,5/11/2022,5/11/2022,10
2020,EWM,ProcellaCOR,18018500,2019-0018,Crow Wing,Mary,10/2/2020,10/2/2020,4.3
2024,CLP,Aquathol K,21009200,NA,Douglas,Mary,5/14/2024,5/14/2024,32
2024,EWM,ProcellaCOR EC,18018500,NA,Crow Wing,Mary,10/3/2024,10/3/2024,1.2
2022,CLP,Aquathol K,18040800,2017-1707,Crow Wing,Mayo,5/19/2022,5/19/2022,9.6
2022,CLP,Aquathol K,18040800,NA,Crow Wing,Mayo,5/23/2023,5/23/2023,3.7
2020,EWM,"2,4-D Amine",31037000,2020-0208,Itasca,McKinney,9/18/2020,9/18/2020,10
2022,EWM,Captain,31037000,2020-0208,Itasca,McKinney,9/12/2022,9/12/2022,14.63
2021,CLP,Tribune,70005000,2017-0566,Scott,McMahon,5/17/2021,5/17/2021,16.5
2021,CLP,Tribune,27010400,2017-0857,Hennepin,Medicine,5/6/2021,5/6/2021,63.21
2022,SSW,Galleon SC,27010400,2017-0857,Hennepin,Medicine,5/16/2022,5/16/2022,119.5
2022,SSW,Kammo Plus,27010400,2017-0857,Hennepin,Medicine,5/16/2022,5/16/2022,119.5
2022,SSW,Tribune,27010400,2017-0857,Hennepin,Medicine,5/16/2022,5/16/2022,119.5
2021,FR,Tribune,3047500,2017-1313,Becker,Melissa,6/28/2021,6/28/2021,24
2023,CLP,Semera,3047500,NA,Becker,Melissa,5/20/2024,5/20/2024,11.3
2020,CLP,Aquathol K,18015500,2020-0140,Crow Wing,Middle Cullen,5/26/2020,5/26/2020,5.5
2020,CLP,Aquathol K,18037700,2020-0140,Crow Wing,Middle Cullen,5/18/2020,5/19/2020,9.37
2020,CLP,Aquathol Super K,18037700,2020-0140,Crow Wing,Middle Cullen,5/19/2020,5/19/2020,3.8
2021,CLP,Aquathol K,18037700,2020-0140,Crow Wing,Middle Cullen,5/19/2021,5/19/2021,5.5
2025,CLP,FlumigardSC,18037700,2020-0140,Crow Wing,Middle Cullen,5/14/2025,5/14/2025,3.6
2025,SSW,Komeen Descend,18037700,2025-0951,Crow Wing,Middle Cullen,6/9/2025,6/9/2025,3
2020,EWM,"2,4-D Amine",73012800,2017-0825,Stearns,Middle Spunk,8/20/2020,8/20/2020,6.82
2021,EWM,Platoon,73012800,2017-0825,Stearns,Middle Spunk,8/9/2021,8/9/2021,1.23
2022,EWM,"2,4-D Amine",73012800,2017-0825,Stearns,Middle Spunk,8/4/2022,8/4/2022,18.3
2020,CLP,Tribune,27013303,2017-1037,Hennepin,Minnetonka,5/15/2020,5/15/2020,4.8
2021,CLP,Tribune,27013303,2017-1037,Hennepin,Minnetonka,5/24/2021,5/24/2021,14.1
2022,CLP,Tribune,27013303,2017-1037,Hennepin,Minnetonka,6/1/2022,6/1/2022,23.4
2020,EWM,Kammo Plus,27013303,2017-1038,Hennepin,Minnetonka,7/10/2020,7/10/2020,4.95
2020,EWM,ProcellaCOR EC,27013303,2017-1038,Hennepin,Minnetonka,7/10/2020,7/10/2020,4.95
2020,EWM,Tribune,27013303,2017-1038,Hennepin,Minnetonka,7/10/2020,7/10/2020,4.95
2021,EWM,ProcellaCOR,27013303,2017-1038,Hennepin,Minnetonka,6/29/2021,6/29/2021,10.5
2021,EWM,Tribune,27013303,2017-1038,Hennepin,Minnetonka,6/29/2021,6/29/2021,10.5
2022,EWM,Tribune,27013303,2017-1038,Hennepin,Minnetonka,8/9/2022,8/9/2022,12
2025,CLP,Sonar A.S.,27013303,2017-1038,Hennepin,Minnetonka,4/29/2025,4/29/2025,115
2020,EWM,ProcellaCOR EC,27013301,2017-1039,Hennepin,Minnetonka,7/8/2020,7/8/2020,33.25
2020,EWM,Tribune,27013301,2017-1039,Hennepin,Minnetonka,7/8/2020,7/8/2020,33.25
2021,EWM,ProcellaCOR,27013301,2017-1039,Hennepin,Minnetonka,6/29/2021,6/29/2021,22.98
2021,EWM,Tribune,27013301,2017-1039,Hennepin,Minnetonka,6/29/2021,6/29/2021,22.98
2021,EWM,ProcellaCOR EC,27013300,2017-1041,Hennepin,Minnetonka,6/18/2021,6/18/2021,11.6
2021,EWM,Tribune,27013300,2017-1041,Hennepin,Minnetonka,6/18/2021,6/18/2021,11.6
2022,EWM,ProcellaCOR EC,27013305,2017-1041,Hennepin,Minnetonka,7/1/2022,7/1/2022,12
2020,CLP,Tribune,27013304,2017-1042,Hennepin,Minnetonka,5/29/2020,5/29/2020,12.7
2021,CLP,Tribune,27013304,2017-1042,Hennepin,Minnetonka,5/26/2021,5/26/2021,28.2
2020,EWM,Kammo Plus,27013304,2017-1043,Hennepin,Minnetonka,7/23/2020,7/23/2020,3.84
2020,EWM,ProcellaCOR EC,27013304,2017-1043,Hennepin,Minnetonka,7/23/2020,7/23/2020,3.84
2020,EWM,Tribune,27013304,2017-1043,Hennepin,Minnetonka,7/23/2020,7/23/2020,3.84
2022,CLP,Sonar A.S.,27013304,2017-1043,Hennepin,Minnetonka,5/11/2022,5/11/2022,160
2022,EWM,Sonar,27013304,2017-1043,Hennepin,Minnetonka,7/13/2022,7/13/2022,160
2022,NA,Sonar A.S.,27013304,2017-1043,Hennepin,Minnetonka,6/9/2022,6/9/2022,100
2020,CLP,Tribune,27013313,2017-1044,Hennepin,Minnetonka,5/15/2020,5/15/2020,47.7
2021,CLP,Tribune,27013313,2017-1044,Hennepin,Minnetonka,5/26/2021,5/26/2021,50.1
2025,CLP,Tribune,27013313,2017-1044,Hennepin,Minnetonka,5/7/2025,5/7/2025,53.62
2020,EWM,Tribune,27013310,2017-1047,Hennepin,Minnetonka,6/11/2020,6/11/2020,17
2022,EWM,ProcellaCOR,27013310,2017-1047,Hennepin,Minnetonka,7/26/2022,7/26/2022,52.9
2020,CLP,Tribune,27013300,2017-1881,Hennepin,Minnetonka,5/15/2020,5/15/2020,27.3
2022,CLP,Tribune,27013305,2017-1881,Hennepin,Minnetonka,6/1/2022,6/1/2022,25
2020,EWM,Kammo Plus,27013301,2017-2771,Hennepin,Minnetonka,7/8/2020,7/8/2020,1
2020,EWM,Tribune,27013301,2017-2771,Hennepin,Minnetonka,7/8/2020,7/8/2020,1
2020,EWM,ProcellaCOR EC,27013300,2018-1041,Hennepin,Minnetonka,7/15/2020,7/15/2020,6.65
2020,EWM,Tribune,27013300,2018-1041,Hennepin,Minnetonka,7/15/2020,7/15/2020,6.65
2020,CLP,Tribune,27013300,2019-1617,Hennepin,Minnetonka,5/15/2020,5/15/2020,18.9
2020,EWM,Kammo Plus,27013300,2019-1617,Hennepin,Minnetonka,7/10/2020,7/10/2020,3.49
2020,EWM,ProcellaCOR EC,27013300,2019-1617,Hennepin,Minnetonka,7/10/2020,7/10/2020,3.49
2020,EWM,Tribune,27013300,2019-1617,Hennepin,Minnetonka,7/10/2020,7/10/2020,3.49
2025,CLP,Tribune,27013300,2019-1617,Hennepin,Minnetonka,5/6/2025,5/6/2025,45.9
2020,EWM,Kammo Plus,27013300,2020-0211,Hennepin,Minnetonka,7/13/2020,7/13/2020,21.29
2020,EWM,Tribune,27013300,2020-0211,Hennepin,Minnetonka,7/13/2020,7/13/2020,21.29
2021,EWM,ProcellaCOR EC,27013300,2020-0211,Hennepin,Minnetonka,6/26/2021,7/16/2021,12
2021,EWM,Tribune,27013300,2020-0211,Hennepin,Minnetonka,6/26/2021,7/16/2021,12
2022,EWM,ProcellaCOR EC,27013305,2020-0211,Hennepin,Minnetonka,7/25/2022,7/25/2022,4
2022,EWM,Tribune,27013305,2020-0211,Hennepin,Minnetonka,7/25/2022,7/25/2022,4
2021,CLP,Tribune,27013301,2021-1772,Hennepin,Minnetonka,5/24/2021,5/24/2021,18.26
2025,CLP,Tribune,27013301,2021-1772,Hennepin,Minnetonka,5/13/2025,5/13/2025,27
2022,CLP,Tribune,27013305,2022-0347,Hennepin,Minnetonka,6/1/2022,6/1/2022,30.13
2022,EWM,Tribune,27013302,2022-0350,Hennepin,Minnetonka,6/1/2022,6/1/2022,52.3
2023,CLP,Tribune,27013314,NA,Hennepin,Minnetonka,4/30/2024,4/30/2024,42.5
2023,EWM,Tribune,27013314,NA,Hennepin,Minnetonka,4/30/2024,4/30/2024,42.5
2024,CLP,Tribune,27013312,NA,Hennepin,Minnetonka,5/28/2024,5/28/2024,16.68
2024,EWM,Tribune,27013312,NA,Hennepin,Minnetonka,5/28/2024,5/28/2024,16.68
2024,FR,Tribune,27013300,NA,Hennepin,Minnetonka,8/20/2024,6/23/2025,37.86
2020,CLP,Dibrox,10000900,2017-1097,Carver,Minnewashta,5/19/2020,5/19/2020,36.6
2021,CLP,Dibrox,10000900,2017-1097,Carver,Minnewashta,5/18/2021,5/18/2021,41.1
2024,CLP,Dibrox,10000900,NA,Carver,Minnewashta,4/10/2024,4/10/2024,42.3
2024,EWM,Dibrox,10000900,NA,Carver,Minnewashta,4/10/2024,4/10/2024,42.3
2020,EWM,"2,4-D Amine",61013000,2017-1486,Pope,Minnewaska,8/21/2020,8/21/2020,18.14
2021,EWM,"2,4-D Amine",61013000,2017-1486,Pope,Minnewaska,7/16/2021,7/16/2021,16.74
2022,EWM,"2,4-D Amine",61013000,2017-1486,Pope,Minnewaska,9/13/2022,9/13/2022,5.27
2024,EWM,"2,4-D Amine",61013000,NA,Pope,Minnewaska,7/17/2024,7/17/2024,6.3
2024,EWM,Cutrine-Plus,61013000,NA,Pope,Minnewaska,7/15/2024,7/15/2024,1.7
2024,EWM,ProcellaCOR EC,61013000,NA,Pope,Minnewaska,7/17/2024,7/17/2024,2.1
2024,SSW,"2,4-D Amine",61013000,NA,Pope,Minnewaska,7/17/2024,7/17/2024,6.3
2024,SSW,Cutrine-Plus,61013000,NA,Pope,Minnewaska,7/15/2024,7/15/2024,1.7
2024,SSW,ProcellaCOR EC,61013000,NA,Pope,Minnewaska,7/17/2024,7/17/2024,2.1
2021,CLP,Aquathol K,47011900,2021-0388,Meeker,Minnie-Belle,5/11/2021,5/11/2021,3.5
2022,EWM,ProcellaCOR EC,47011900,2021-0389,Meeker,Minnie-Belle,7/29/2022,7/29/2022,41.2
2021,CLP,ProcellaCOR,47011900,NA,Meeker,Minnie-Belle,7/13/2021,7/13/2021,19
2021,EWM,ProcellaCOR,47011900,NA,Meeker,Minnie-Belle,7/13/2021,7/13/2021,19
2020,EWM,"2,4-D Amine",71008100,2017-0445,Sherburne,Mitchell,7/17/2020,7/17/2020,6.9
2024,CLP,FlumigardSC,27007000,NA,Hennepin,Mitchell,5/1/2024,5/1/2024,13.9
2020,CLP,Aquathol K,13002300,2019-1460,Chisago,Moody,5/22/2020,5/22/2020,3.11
2021,CLP,Dibrox,27013400,2017-0753,Hennepin,Mooney,5/7/2021,5/7/2021,9.1
2021,CLP,Tribune,3036000,2018-1864,Becker,Muskrat,5/26/2021,5/26/2021,8.9
2020,CLP,Cygnet Plus,73014700,2018-0849,Stearns,North Brown,5/22/2020,5/22/2020,18
2020,CLP,Tribune,73014700,2018-0849,Stearns,North Brown,5/22/2020,5/22/2020,18
2021,CLP,Aquathol K,73014700,2018-0849,Stearns,North Brown's,5/24/2021,5/24/2021,18
2024,CLP,Semera,73014700,NA,Stearns,North Brown's,4/24/2024,4/24/2024,18
2020,CLP,Aquathol K,13003200,2018-0126,Chisago,North Center,5/22/2020,5/22/2020,18.58
2020,EWM,"2,4-D Amine",13003200,2018-0127,Chisago,North Center,7/9/2020,7/9/2020,9.42
2024,CLP,Aquathol K,13003200,NA,Chisago,North Center,4/24/2024,4/24/2024,21.25
2024,EWM,Aquathol K,13003200,NA,Chisago,North Center,4/24/2024,4/24/2024,21.25
2021,CLP,Aquathol K,18037200,2018-0834,Crow Wing,North Long,5/17/2021,5/17/2021,9.7
2020,CLP,Aquathol K,11030700,2018-0881,Cass,Norway,5/26/2020,5/26/2020,12.2
2021,CLP,Aquathol K,11030700,2018-0881,Cass,Norway,5/27/2021,5/27/2021,7.1
2025,CLP,FlumigardSC,34025100,2024-0112,Kandiyohi,Norway,4/29/2025,4/29/2025,15.6
2021,EWM,Tribune,10009300,2020-1556,Carver,Oak,5/13/2021,5/13/2021,24.9
2025,EWM,Sonar A.S.,10009300,2020-1556,Carver,Oak,4/16/2025,5/8/2025,740
2021,CLP,Tribune,70009500,2017-0582,Scott,O'Dowd,5/24/2021,5/24/2021,17.64
2024,CLP,FlumigardSC,70009500,NA,Scott,O'Dowd,5/15/2024,5/15/2024,40.43
2021,EWM,Tribune,82010300,2017-0526,Washington,Olson,6/2/2021,6/2/2021,9.2
2022,CLP,Aquathol K,71001300,2018-0728,Sherburne,Orono,6/3/2022,6/3/2022,30.87
2021,CLP,Aquathol K,77021500,2021-0451,Todd,Osakis,5/28/2021,5/28/2021,33.56
2024,CLP,Sonar A.S.,62005600,2022-1986,Ramsey,Owasso,3/21/2024,8/14/2024,1499.6
2025,EWM,Triclopyr 3,62005600,2022-1986,Ramsey,Owasso,8/11/2025,8/11/2025,8.95
2020,CLP,Aquathol K,73003700,2018-0118,Stearns,Pearl,5/5/2020,5/5/2020,35.2
2025,CLP,Diquat Herbicide,73003700,2018-0118,Stearns,Pearl,5/14/2025,5/14/2025,39.58
2022,CLP,Aquathol K,56078600,2017-0377,Otter Tail,Pelican,6/2/2022,6/2/2022,5.8
2022,CLP,Diquat Herbicide,2000400,2022-0400,Anoka,Peltier,5/17/2022,5/17/2022,36.51
2024,CLP,Semera,49002400,NA,Morrison,Pierz,4/29/2024,4/29/2024,7.3
2020,CLP,Aquathol K,18008800,2017-1072,Crow Wing,Platte,5/20/2020,5/20/2020,43.2
2021,CLP,Aquathol K,18008800,2017-1072,Crow Wing,Platte,5/21/2021,5/21/2021,42.3
2020,CLP,Tribune,86025100,2018-0544,Wright,Pleasant,5/12/2020,5/12/2020,15
2023,CLP,Mizzen,86025100,NA,Wright,Pleasant,7/21/2023,7/21/2023,1
2023,EWM,Mizzen,86025100,NA,Wright,Pleasant,7/21/2023,7/21/2023,1
2023,SSW,Mizzen,86025100,NA,Wright,Pleasant,7/21/2023,7/21/2023,1
2023,EWM,ProcellaCOR EC,18005000,2022-2615,Crow Wing,Portage,10/10/2023,10/10/2023,1.5
2021,CLP,Aquathol K,65000200,2021-0312,Renville,Preston,5/5/2021,5/5/2021,13
2022,CLP,Aquathol K,65000200,2021-0312,Renville,Preston,5/23/2022,5/23/2022,8
2024,CLP,Flumigard,65000200,NA,Renville,Preston,5/13/2024,5/13/2024,31.9
2024,EWM,Flumigard,65000200,NA,Renville,Preston,5/13/2024,5/13/2024,31.9
2020,EWM,ProcellaCOR EC,86005302,2017-0828,Wright,Pulaski,7/22/2020,7/22/2020,17.2
2021,EWM,ProcellaCOR EC,86005302,2017-0828,Wright,Pulaski,7/9/2021,7/9/2021,16.7
2020,CLP,Aquathol K,33001500,2017-0620,Kanabec,Quamba,5/19/2020,5/19/2020,27.8
2023,EWM,ProcellaCOR EC,13007900,2023-0381,Chisago,Rabour,7/27/2023,7/27/2023,1.9
2022,CLP,Sonar A.S.,82008700,2022-0322,Washington,Ravine,10/5/2022,4/25/2023,81.36
2021,EWM,"2,4-D Amine",40005600,2017-2765,Le Sueur,Rays,6/8/2021,6/8/2021,21.2
2021,CLP,Tribune,27019200,2017-0573,Hennepin,Rebecca,5/7/2021,5/7/2021,35
2020,CLP,Dibrox,2000800,2020-0181,Anoka,Rice,5/19/2020,5/19/2020,23
2021,CLP,Dibrox,2000800,2020-0181,Anoka,Rice,5/10/2021,5/10/2021,23
2022,CLP,Tribune,2000800,2020-0181,Anoka,Rice,5/27/2022,5/27/2022,28.7
2025,CLP,Diquat Herbicide,2000800,2020-0191,Anoka,Rice,5/9/2025,5/9/2025,30
2021,CLP,Aquathol K,73019600,2021-0466,Stearns,Rice,5/13/2021,5/13/2021,2
2021,CLP,Tribune,73019600,2021-0466,Stearns,Rice,5/13/2021,5/13/2021,5.8
2022,CLP,Aquathol K,73019600,2021-0466,Stearns,Rice,5/23/2022,5/23/2022,16.4
2022,CLP,Tribune,2000800,NA,Anoka,Rice,5/8/2023,5/8/2023,36
2024,CLP,Dibrox,2000800,NA,Anoka,Rice,4/9/2024,4/9/2024,13.5
2024,CLP,FlumigardSC,73019600,NA,Stearns,Rice,4/30/2024,4/30/2024,15.6
2020,CLP,Aquathol K,66001800,2018-0787,Rice,Roberds,5/4/2020,5/4/2020,20
2022,CLP,Aquathol K,66001800,2018-0787,Rice,Roberds,5/23/2022,5/23/2022,20
2021,CLP,Tribune,19008000,2019-1137,Dakota,Rogers,5/25/2021,5/25/2021,14
2021,EWM,ProcellaCOR,11004300,2018-0004,Cass,Roosevelt,8/5/2021,8/5/2021,4.6
2021,EWM,Tribune,11004300,2018-0004,Cass,Roosevelt,8/5/2021,8/5/2021,4.6
2020,CLP,Aquathol K,71014700,2017-0671,Sherburne,Rush,5/15/2020,5/15/2020,24
2021,CLP,Aquathol K,71014700,2017-0671,Sherburne,Rush,5/5/2021,5/5/2021,23.96
2020,CLP,Aquathol K,13006901,2018-1045,Chisago,Rush,5/12/2020,5/12/2020,39.58
2022,CLP,Semera,13006901,NA,Chisago,Rush,5/31/2023,5/31/2023,37.95
2023,CLP,Aquathol K,71014700,NA,Sherburne,Rush,5/23/2023,5/23/2023,12.7
2023,CLP,ProcellaCOR EC,13006902,NA,Chisago,Rush,8/9/2023,8/9/2023,6.05
2023,CLP,Semera,13006902,NA,Chisago,Rush,5/31/2023,5/31/2023,32.68
2023,EWM,ProcellaCOR EC,13006902,NA,Chisago,Rush,8/9/2023,8/9/2023,6.05
2023,EWM,Semera,13006902,NA,Chisago,Rush,5/31/2023,5/31/2023,32.68
2024,CLP,FlumigardSC,71014700,NA,Sherburne,Rush,4/30/2025,4/30/2025,22.5
2020,EWM,ProcellaCOR EC,18021200,2018-0175,Crow Wing,Ruth,7/31/2020,9/24/2020,6.6
2022,EWM,ProcellaCOR EC,18021200,2018-0175,Crow Wing,Ruth,10/4/2022,10/4/2022,11.9
2024,EWM,ProcellaCOR EC,18021200,NA,Crow Wing,Ruth,9/23/2024,9/23/2024,8.9
2020,CLP,Aquathol K,40000200,2017-0109,Le Sueur,Sakatah,5/14/2020,5/14/2020,14.6
2021,CLP,Aquathol K,3035900,2017-0534,Becker,Sallie,5/26/2021,5/26/2021,4.7
2021,CLP,Tribune,3035900,2017-0534,Becker,Sallie,5/26/2021,5/26/2021,7.6
2022,CLP,Tribune,3035900,2017-0534,Becker,Sallie,6/3/2022,6/3/2022,7.6
2022,FR,Tribune,3035900,2017-1312,Becker,Sallie,6/28/2022,8/1/2022,62.2
2024,CLP,Semera,3035900,NA,Becker,Sallie,5/20/2024,5/20/2024,26.2
2020,EWM,ProcellaCOR EC,58008100,2017-0437,Pine,Sand,8/18/2020,8/18/2020,10
2022,EWM,ProcellaCOR EC,58008100,2017-0437,Pine,Sand,7/29/2022,7/29/2022,13.95
2022,EWM,ProcellaCOR EC,58008100,NA,Pine,Sand,6/21/2023,6/21/2023,8.88
2024,EWM,ProcellaCOR EC,58008100,NA,Pine,Sand,9/18/2024,9/18/2024,2.04
2021,CLP,Aquathol K,27019100,2017-0389,Hennepin,Sarah,5/16/2021,5/16/2021,66.2
2021,CLP,Tribune,27019100,2017-0389,Hennepin,Sarah,5/19/2021,5/23/2021,29.05
2022,CLP,Aquathol K,27019101,2017-0389,Hennepin,Sarah,5/26/2022,5/26/2022,67.51
2022,CLP,Tribune,27019101,2017-0389,Hennepin,Sarah,5/26/2022,5/26/2022,67.51
2023,CLP,Tribune,27019100,2017-0389,Hennepin,Sarah,5/23/2023,5/23/2023,4.4
2025,CLP,FlumigardSC,27019100,2017-0389,Hennepin,Sarah,5/8/2025,5/8/2025,26.7
2021,EWM,Tribune,27019100,2017-2726,Hennepin,Sarah,6/22/2021,6/22/2021,29.08
2022,EWM,Tribune,27019101,2017-2726,Hennepin,Sarah,7/1/2022,7/1/2022,8.76
2023,EWM,ProcellaCOR EC,27019100,2017-2726,Hennepin,Sarah,10/2/2023,10/2/2023,23.12
2023,EWM,Tribune,27019100,2017-2726,Hennepin,Sarah,6/23/2023,6/23/2023,2.8
2023,CLP,Tribune,27019101,NA,Hennepin,Sarah,6/23/2023,5/8/2024,22.9
2023,EWM,Tribune,27019101,NA,Hennepin,Sarah,6/23/2023,5/8/2024,22.9
2023,FR,Tribune,73072300,NA,Stearns,Sauk River,9/19/2024,9/19/2024,0
2020,EWM,Dibrox,61004100,2017-0729,Pope,Scandinavian,8/6/2020,8/6/2020,9.72
2022,EWM,"2,4-D Amine",61004100,2017-0729,Pope,Scandinavian,7/15/2022,7/15/2022,32.5
2025,EWM,"2,4-D Amine",61004100,2017-0729,Pope,Scandinavian,7/17/2025,7/17/2025,42.5
2022,EWM,Sonar A.S.,27010200,NA,Hennepin,Schmidt,8/30/2022,NA,0
2020,CLP,Aquathol K,73008200,2017-039,Stearns,Schneider,5/21/2020,5/21/2020,1.7
2020,CLP,Aquathol K,18016100,2017-0973,Crow Wing,Sebie,5/8/2020,5/8/2020,5.18
2020,CLP,Aquathol K,18009000,2018-0408,Crow Wing,Serpent,5/22/2020,5/22/2020,1.9
2021,CLP,Aquathol K,18009000,2018-0408,Crow Wing,Serpent,5/17/2021,5/17/2021,5
2022,CLP,Aquathol K,18009000,2018-0408,Crow Wing,Serpent,6/1/2022,6/1/2022,13.7
2021,EWM,ProcellaCOR,49012700,2018-2661,Morrison,Shamineau,9/22/2021,9/22/2021,14
2021,EWM,Tribune,49012700,2018-2661,Morrison,Shamineau,9/22/2021,9/22/2021,14
2020,CLP,Aquathol K,82016200,2019-1303,Washington,Shields,5/22/2020,5/22/2020,3.54
2021,CLP,Aquathol K,82016200,2019-1303,Washington,Shields,5/26/2021,5/26/2021,3.18
2022,CLP,Aquathol K,82016200,2019-1303,Washington,Shields,5/27/2022,5/27/2022,3.27
2022,CLP,Tribune,82016200,NA,Washington,Shields,5/22/2023,5/22/2023,3.07
2020,CLP,Tribune,62000100,2017-1982,Ramsey,Silver,5/29/2020,5/29/2020,6.52
2020,EWM,"2,4-D Amine",86014000,2017-459,Wright,Silver,7/1/2020,7/1/2020,6
2022,CLP,Dibrox,62008300,NA,Ramsey,Silver,6/21/2023,6/21/2023,9.42
2024,EWM,Weedar 64,86014000,NA,Wright,Silver,9/25/2024,9/25/2024,4.63
2024,CLP,Dibrox,30002200,NA,Isanti,Skogman,4/29/2024,4/29/2024,10
2024,EWM,Dibrox,30002200,NA,Isanti,Skogman,4/29/2024,4/29/2024,10
2023,CLP,Aquathol K,21008500,2017-1779,Douglas,Smith,5/30/2023,5/30/2023,42.6
2020,CLP,Aquathol K,13002700,2018-0129,Chisago,South Center,5/22/2020,5/22/2020,14.16
2020,CLP,Aquathol K,56074702,2019-0258,Otter Tail,South Lida,5/26/2020,5/26/2020,17.5
2021,CLP,Aquathol K,56074702,2019-0258,Otter Tail,South Lida,6/3/2021,6/3/2021,13
2025,CLP,FlumigardSC,56074702,2019-0258,Otter Tail,South Lida,5/22/2025,5/22/2025,22.4
2020,CLP,Aquathol K,18013600,2020-0185,Crow Wing,South Long,5/21/2020,5/21/2020,7
2021,CLP,Aquathol K,18013600,2020-0185,Crow Wing,South Long,5/22/2021,5/22/2021,28
2022,CLP,Aquathol K,18013600,NA,Crow Wing,South Long,5/16/2023,5/16/2023,41.93
2022,EWM,ProcellaCOR,70005400,2021-3343,Scott,Spring,8/19/2022,8/19/2022,5.05
2022,EWM,ProcellaCOR EC,70005400,2021-3343,Scott,Spring,6/17/2022,6/17/2022,14.05
2024,CLP,Tribune,70005400,NA,Scott,Spring,4/30/2025,4/30/2025,16.87
2024,EWM,Tribune,70005400,NA,Scott,Spring,4/30/2025,4/30/2025,16.87
2022,CLP,Sonar A.S.,27007800,2022-0385,Hennepin,Staring,5/11/2022,6/10/2022,195
2020,EWM,"2,4-D Amine",58006700,2017-0434,Pine,Sturgeon,8/18/2020,8/18/2020,27.63
2020,EWM,ProcellaCOR EC,58006700,2017-0434,Pine,Sturgeon,8/18/2020,8/18/2020,8.43
2022,EWM,ProcellaCOR EC,58006700,2017-0434,Pine,Sturgeon,7/29/2022,7/29/2022,42.69
2025,EWM,ProcellaCOR EC,58006700,2017-0434,Pine,Sturgeon,8/20/2025,8/20/2025,5.92
2022,EWM,ProcellaCOR EC,58006700,NA,Pine,Sturgeon,6/21/2023,6/21/2023,14.7
2024,CLP,Aquathol K,86023300,NA,Wright,Sugar,4/29/2024,4/29/2024,6
2024,EWM,Aquathol K,86023300,NA,Wright,Sugar,4/29/2024,4/29/2024,6
2021,CLP,Tribune,NA,2021-0430,Hennepin,Teal,5/14/2021,5/14/2021,1.28
2020,CLP,Aquathol K,40003100,2017-1825,Le Sueur,Tetonka,5/15/2020,5/15/2020,58.74
2021,CLP,Aquathol K,40003100,2017-1825,Le Sueur,Tetonka,5/18/2021,5/18/2021,58.74
2024,CLP,FlumigardSC,40003100,NA,Le Sueur,Tetonka,5/9/2024,5/9/2024,60
2024,EWM,FlumigardSC,40003100,NA,Le Sueur,Tetonka,5/9/2024,5/9/2024,60
2021,CLP,Tribune,70012001,2017-0645,Scott,Thole/Schneider,5/24/2021,5/24/2021,7.42
2025,CLP,Tribune,71009600,2025-1273,Sherburne,Thompson,5/9/2025,5/9/2025,5.09
2024,CLP,Diquat Herbicide,3010700,NA,Becker,Toad,5/29/2024,5/29/2024,74.4
2022,EWM,NA,NA,2018-2398,Cass,Townline,8/25/2022,8/25/2022,1
2020,EWM,ProcellaCOR,62006100,2017-3315,Ramsey,Turtle,7/2/2020,7/2/2020,16.6
2020,EWM,Tribune,62006100,2017-3315,Ramsey,Turtle,7/2/2020,7/2/2020,16.6
2021,EWM,ProcellaCOR,62006100,2017-3315,Ramsey,Turtle,6/30/2021,6/30/2021,29.85
2021,EWM,Tribune,62006100,2017-3315,Ramsey,Turtle,6/30/2021,6/30/2021,29.85
2022,EWM,ProcellaCOR,62006100,2017-3315,Ramsey,Turtle,6/28/2022,6/28/2022,42.6
2022,EWM,Tribune,62006100,2017-3315,Ramsey,Turtle,6/28/2022,6/28/2022,42.6
2021,EWM,Captain,27004203,2021-0371,Hennepin,Twin,7/22/2021,7/22/2021,1.72
2021,CLP,Aquathol K,27004203,NA,Hennepin,Twin,5/10/2021,5/10/2021,11.84
2021,CLP,Tribune,73013800,2018-0093,Stearns,Two Rivers,5/11/2021,5/11/2021,28.4
2022,CLP,Tribune,73013800,2018-0093,Stearns,Two Rivers,5/25/2022,5/25/2022,7.8
2022,CLP,Tribune,73013800,NA,Stearns,Two Rivers,5/23/2023,5/23/2023,13.9
2024,EWM,Platoon,60021700,NA,Polk,Union,9/11/2024,9/11/2024,163.35
2021,CLP,Aquathol K,3058800,2018-1087,Becker,Upper Cormorant,5/28/2021,5/28/2021,30
2024,CLP,Semera,3058800,NA,Becker,Upper Cormorant,5/23/2024,5/23/2024,20.1
2020,CLP,Aquathol K,18037600,2020-0141,Crow Wing,Upper Cullen,5/18/2020,5/18/2020,10.81
2021,CLP,Aquathol K,18037600,2020-0141,Crow Wing,Upper Cullen,5/19/2021,5/19/2021,7.7
2022,CLP,Aquathol K,18037600,2020-0141,Crow Wing,Upper Cullen,5/26/2022,5/26/2022,12.8
2025,CLP,FlumigardSC,18037600,2020-0141,Crow Wing,Upper Cullen,5/14/2025,5/14/2025,8.6
2022,CLP,ProcellaCOR EC,18024200,2018-0244,Crow Wing,Upper Mission,8/4/2022,8/4/2022,4.5
2022,EWM,ProcellaCOR EC,18024200,2018-0247,Crow Wing,Upper Mission,8/4/2022,8/4/2022,4.5
2022,CLP,Tribune,70007200,2019-1061,Scott,Upper Prior,5/19/2022,5/19/2022,7.28
2021,CLP,Aquathol K,40000200,2017-0109,Le Sueur,Upper Sakatah,5/12/2021,5/12/2021,21.2
2022,CLP,Aquathol K,40000200,2017-0109,Le Sueur,Upper Sakatah,5/20/2022,5/20/2022,16.7
2022,CLP,Aquathol K,40000200,NA,Le Sueur,Upper Sakatah,5/21/2023,5/21/2023,19.1
2021,CLP,Aquathol K,18009600,2017-1005,Crow Wing,Upper South Long,5/19/2021,5/19/2021,7.8
2022,CLP,Aquathol K,18009600,2017-1005,Crow Wing,Upper South Long,6/1/2022,6/1/2022,4.4
2020,CLP,Aquathol K,18009600,2019-2135,Crow Wing,Upper South Long,5/26/2020,5/26/2020,4.7
2020,EWM,Aquathol K,18009600,2019-2135,Crow Wing,Upper South Long,7/22/2020,7/22/2020,8.3
2022,EWM,ProcellaCOR EC,18009600,2019-2135,Crow Wing,Upper South Long,10/4/2022,10/4/2022,1.9
2020,CLP,Diquat SPC 2 L,27004201,2018-0294,Hennepin,Upper Twin,5/28/2020,5/28/2020,9.15
2020,CLP,Aquathol K,40011700,2019-0027,Le Sueur,Washington,5/6/2020,5/6/2020,80.7
2021,CLP,Aquathol K,40011700,2019-0027,Le Sueur,Washington,5/11/2021,5/11/2021,80.7
2020,EWM,"2,4-D Amine",86011400,2019-2394,Wright,Waverly,8/4/2020,8/4/2020,9.9
2021,EWM,Platoon,86011400,2019-2394,Wright,Waverly,8/13/2021,8/13/2021,13.2
2020,CLP,Tribune,27011700,2018-1512,Hennepin,Weaver,5/19/2020,5/19/2020,9.9
2022,CLP,Aquathol K,27011700,2018-1512,Hennepin,Weaver,6/1/2022,6/1/2022,10.1
2022,CLP,Tribune,27011700,2018-1512,Hennepin,Weaver,6/1/2022,6/1/2022,10.1
2022,CLP,Semera,27011700,NA,Hennepin,Weaver,5/31/2023,5/31/2023,8.77
2021,CLP,Aquathol K,40009202,2017-0513,Le Sueur,West Jefferson,5/19/2021,5/19/2021,7.72
2021,CLP,Aquathol K,13006902,2018-1044,Chisago,West Rush,5/5/2021,5/5/2021,24.69
2023,SSW,Cutrine-Plus,86027900,2017-2060,Wright,West Sylvia,7/21/2023,7/21/2023,1.7
2020,CLP,Aquathol K,86027900,2018-1664,Wright,West Sylvia,5/19/2020,5/19/2020,1.3
2023,CLP,Aquathol K,86027900,2018-1664,Wright,West Sylvia,5/26/2023,5/26/2023,3.57
2023,EWM,Platoon,86027900,2018-2165,Wright,West Sylvia,8/25/2023,8/25/2023,1.79
2021,EWM,Triclopyr 3,82016700,2017-2870,Washington,White Bear,7/15/2021,7/15/2021,26.67
2021,EWM,Weedar 64,82016700,2017-2870,Washington,White Bear,7/15/2021,7/15/2021,23.85
2022,EWM,ProcellaCOR EC,18037900,2019-3106,Crow Wing,White Sand,8/4/2022,8/4/2022,3.1
2024,EWM,ProcellaCOR EC,18037900,NA,Crow Wing,White Sand,7/19/2024,7/19/2024,14
2022,CLP,Aquathol K,86002000,2021-0081,Wright,Wilhelm,5/17/2022,5/17/2022,10.64
2022,CLP,Aquathol K,86002000,NA,Wright,Wilhelm,5/10/2023,5/10/2023,10.64
2024,CLP,Aquathol K,86002000,NA,Wright,Wilhelm,4/14/2024,4/14/2024,10.61
2020,CLP,Aquathol K,85001100,2020-0212,Winona,Winona,5/27/2020,5/27/2020,11.85
2022,CLP,Aquathol K,43001200,NA,McLeod,Winsted,5/10/2022,5/10/2022,12.8
2020,CLP,Aquathol K,73008900,2017-0125,Stearns,Zumwalde,5/21/2020,5/21/2020,1.7
