Permit.number,App.year,species.code,Pesticide.trade.name,treatment_group,start_date,end_date,treatment_size,avg_depth,avg_vol_rate,avg_areal_rate,amount_total,water_temp_low,water_temp_high,wind_speed_low,wind_speed_high,wind_direction,air_temp_low,air_temp_high,u,v,avg_speed,avg_dir,wind_dir
2017-0038,2020,CLP,Aquathol K,1,2020-05-27,2020-05-27,31.2,5,1,5,156,NA,NA,1,4,NW,NA,NA,-1.7677669529663693,1.7677669529663684,2.5,315,NW
2017-0038,2021,CLP,Aquathol K,1,2021-05-05,2021-05-05,24.28,4.382619439868204,0.6437364909313035,2.8212520593080725,68.5,52,52,4,4,SW,45,45,-2.82842712474619,-2.8284271247461907,4,224.99999999999997,SW
2017-0040,2025,CLP,FlumigardSC,1,2025-05-06,2025-05-06,14,3.9285714285714284,0.14363636363636365,0.5642857142857143,7.9,66,66,1,1,SE,70,70,0.7071067811865476,-0.7071067811865475,1,135,SE
2017-0045,2020,CLP,Aquathol K,1,2020-05-21,2020-05-21,5.4,3.1,1.2998805256869772,4.029629629629629,21.76,61,61,5,5,SE,61,61,3.5355339059327378,-3.5355339059327373,5,135,SE
2017-0047,2020,CLP,Aquathol K,1,2020-05-21,2020-05-21,2,2.5,1.3,3.25,6.5,61,61,5,5,SE,61,61,3.5355339059327378,-3.5355339059327373,5,135,SE
2017-0109,2020,CLP,Aquathol K,1,2020-05-14,2020-05-14,14.6,5.36986301369863,0.6622448979591836,3.556164383561644,51.92,57,57,5.1,5.9,NW,70,70,-3.9362277486051154,3.9362277486051136,5.566666666666666,315,NW
2017-0109,2021,CLP,Aquathol K,1,2021-05-12,2021-05-12,21.2,4,0.6014150943396227,2.405660377358491,51,NA,NA,4,7,W,NA,NA,-5.5,-1.0103002419034612e-15,5.5,270,W
2017-0120,2020,CLP,Aquathol K,1,2020-05-21,2020-05-21,4,5.5,1.3,7.15,28.6,61,61,5,5,SE,61,61,3.5355339059327378,-3.5355339059327373,5,135,SE
2017-0121,2020,CLP,Aquathol K,1,2020-05-21,2020-05-21,1,7,1.3,9.1,9.1,61,61,5,5,SE,61,61,3.5355339059327378,-3.5355339059327373,5,135,SE
2017-0122,2020,CLP,Aquathol K,1,2020-05-21,2020-05-21,1.8,3.6,1.2993827160493827,4.677777777777778,8.42,61,61,5,5,SE,61,61,3.5355339059327378,-3.5355339059327373,5,135,SE
2017-0123,2020,CLP,Aquathol K,1,2020-05-21,2020-05-21,1.7,4.9,1.3001200480192074,6.370588235294118,10.83,61,61,5,5,SE,61,61,3.5355339059327378,-3.5355339059327373,5,135,SE
2017-0125,2020,CLP,Aquathol K,1,2020-05-21,2020-05-21,1.7,4,1.3,5.2,8.84,61,61,5,5,SE,61,61,3.5355339059327378,-3.5355339059327373,5,135,SE
2017-0365,2020,CLP,Aquathol K,1,2020-05-06,2020-05-06,19,4,0.6,2.4,45.6,58,58,7,7,NW,55,55,-4.949747468305834,4.949747468305832,7,315,NW
2017-0365,2021,CLP,Aquathol K,1,2021-05-12,2021-05-12,18.5,3.410810810810811,0.6418383518225039,2.189189189189189,40.5,58,58,2,2,SW,51,51,-1.414213562373095,-1.4142135623730954,2,224.99999999999997,SW
2017-0365,2021,CLP,Tribune,1,2021-05-12,2021-05-12,7,4.8,0.4166666666666667,2,14,58,58,2,2,SW,51,51,-1.414213562373095,-1.4142135623730954,2,224.99999999999997,SW
2017-0384,2020,"EWM, CLP",Sonar A.S.,1,2020-04-30,2020-04-30,117,8.5,0.0038310708898944192,0.03256410256410257,3.81,NA,NA,4,4,SE,66,66,2.8284271247461903,-2.82842712474619,4,135,SE
2017-0389,2021,CLP,Aquathol K,1,2021-05-16,2021-05-16,66.2,4.272658610271903,0.5805197100936892,2.4803625377643503,164.2,NA,NA,0,5,,NA,NA,3.181980515339464,-3.181980515339464,4.5,135,SE
2017-0389,2021,CLP,Tribune,1,2021-05-19,2021-05-23,29.05,4.556798623063683,0.5008498583569406,2.282271944922547,66.3,NA,NA,0,3,,NA,NA,2.121320343559643,-2.1213203435596424,3,135,SE
2017-0389,2023,CLP,Tribune,1,2023-05-23,2023-05-23,4.4,3.2,0.24999999999999994,0.7999999999999999,3.52,NA,NA,NA,NA,,NA,NA,NA,NA,NA,NA,NA
2017-0389,2025,CLP,FlumigardSC,1,2025-05-08,2025-05-08,26.7,4.7333,0.09708883058283921,0.45955056179775283,12.27,63,63,0,0,,56,56,NA,NA,NA,NA,NA
2017-039,2020,CLP,Aquathol K,1,2020-05-21,2020-05-21,1.7,6.46470588235294,1.300272975432211,8.405882352941177,14.29,61,61,5,5,SE,61,61,3.5355339059327378,-3.5355339059327373,5,135,SE
2017-0417,2020,EWM,Tribune,1,2020-06-03,2020-06-03,5,5.5,0.5,2.75,13.75,NA,NA,3,3,NW,NA,NA,-2.121320343559643,2.121320343559642,2.9999999999999996,315,NW
2017-0422,2020,EWM,"2,4-D Amine",1,2020-07-17,2020-07-17,15,5,2.839733333333333,14.198666666666666,212.98,78,78,3,4,S,73,80,4.082021179407924e-16,-3.3333333333333335,3.3333333333333335,180,S
2017-0434,2020,EWM,"2,4-D Amine",1,2020-08-18,2020-08-18,27.63,5,1.418747737965979,7.0937386898298955,196,NA,NA,3,3,S,75,77,3.673819061467132e-16,-3,3,180,S
2017-0434,2020,EWM,ProcellaCOR EC,1,2020-08-18,2020-08-18,8.43,5,0.8612099644128114,4.306049822064057,36.3,NA,NA,3,3,S,77,77,3.673819061467132e-16,-3,3,180,S
2017-0434,2025,EWM,ProcellaCOR EC,1,2025-08-20,2025-08-20,5.92,7,19.12403474903475,133.86824324324326,792.5,72,72,3,3,E,65,65,3,1.836909530733566e-16,3,90,E
2017-0437,2020,EWM,ProcellaCOR EC,1,2020-08-18,2020-08-18,10,5,2.9760000000000004,14.88,148.8,NA,NA,NA,NA,,73,77,NA,NA,NA,NA,NA
2017-0442,2020,EWM,"2,4-D Amine",1,2020-07-17,2020-07-17,1.6500000000000001,5,2.8399999999999994,14.2,23.43,78,78,3,3,S,73,75,3.673819061467132e-16,-3,3,180,S
2017-0442,2023,EWM,ProcellaCOR EC,1,2023-07-21,2023-07-21,4.5,5.5,15.753939393939396,86.64666666666668,389.91,77.1,77.1,6,10,N,75,75,0,8,8,0,N
2017-0445,2020,EWM,"2,4-D Amine",1,2020-07-17,2020-07-17,13.299999999999999,5,2.8396992481203007,14.198496240601505,188.84,79,80,3,3,SW,82,83,-1.515228816828316,-2.3723716739711733,2.8149717097704063,212.566285716093,SSW
2017-0447,2022,CLP,Aquathol K,1,2024-05-23,2024-05-23,11.9,NA,NA,10.084033613445378,120,59,60,5,5,,70,70,NA,NA,NA,NA,NA
2017-0511,2023,CLP,Aquathol K,1,2023-05-09,2023-05-09,6.58,6.000000000000001,0.5997973657548125,3.5987841945288754,23.68,NA,NA,4,6,NW,NA,NA,-3.5355339059327386,3.535533905932737,5,315,NW
2017-0512,2021,CLP,Aquathol K,1,2021-05-19,2021-05-19,29.9,4,0.6,2.4,71.75999999999999,NA,NA,8,14,S,NA,NA,-1.0045440099583582,-10.425183772842129,10.473469595385955,185.50388248475818,S
2017-0513,2021,CLP,Aquathol K,1,2021-05-19,2021-05-19,7.720000000000001,5.3999999999999995,0.44976971790443293,2.4287564766839376,18.75,NA,NA,6,8,S,NA,NA,8.572244476756641e-16,-7,7,180,S
2017-0522,2020,CLP,Tribune,1,2020-04-30,2020-04-30,9,5,0.4,2,18,59.5,59.5,3,3,ENE,60,60,2.77163859753386,1.1480502970952695,2.9999999999999996,67.5,ENE
2017-0522,2021,CLP,Sonar A.S.,1,2021-04-05,2021-04-05,84,5,0.003761904761904762,0.01880952380952381,1.58,53.4,53.4,0,3,,65,65,NA,NA,NA,NA,NA
2017-0525,2023,EWM,Sonar A.S.,1,2023-05-02,2023-05-02,157.06,7.65,0.0013566273744100125,0.010378199414236596,1.63,48,48,18,18,NNW,45,45,-6.888301782571612,16.629831585203164,18,337.5,NNW
2017-0526,2021,EWM,Tribune,1,2021-06-02,2021-06-02,9.2,9,0.2222222222222222,2,18.4,68,68,3,3,SW,70,70,-2.1213203435596424,-2.121320343559643,3,225,SW
2017-0533,2021,CLP,Aquathol K,1,2021-05-26,2021-05-26,8.2,8,1.25,10,82,63,63,5,10,NW,50,50,-5.3033008588991075,5.303300858899105,7.499999999999999,315,NW
2017-0534,2021,CLP,Aquathol K,1,2021-05-26,2021-05-26,4.7,7.5,1.7872340425531914,13.404255319148936,63,63,63,5,10,N,50,50,0,7.5,7.5,0,N
2017-0534,2021,CLP,Tribune,1,2021-05-26,2021-05-26,7.6,7.5,0.2631578947368421,1.973684210526316,15,63,63,5,10,N,50,50,0,7.5,7.5,0,N
2017-0566,2021,CLP,Tribune,1,2021-05-17,2021-05-17,16.5,5,0.4,2,33,64,64,3,3,WNW,77,77,-2.77163859753386,1.14805029709527,3,292.5,WNW
2017-0573,2021,CLP,Tribune,1,2021-05-07,2021-05-07,35,6,0.25,1.5,52.5,55.8,55.8,2,2,N,49,49,0,2,2,0,N
2017-0582,2021,CLP,Tribune,1,2021-05-24,2021-05-24,17.64,5,0.4,2,35.28,71,71,7,7,S,75,75,8.572244476756641e-16,-7,7,180,S
2017-0600,2021,EWM,ProcellaCOR,1,2021-07-16,2021-07-16,5.3,4,10.09433962264151,40.37735849056604,214,75,75,0,5,W,75,75,-2.5,-4.592273826833915e-16,2.5,270,W
2017-0620,2020,CLP,Aquathol K,1,2020-05-19,2020-05-19,27.8,3.3201438848920866,0.856121343445287,2.8424460431654675,79.02,NA,NA,6,8,E,NA,NA,5.974873734152916,2.4748737341529163,6.467156727579007,67.5,ENE
2017-0621,2020,CLP,Dibrox,1,2020-05-04,2020-05-04,40.9,5.84278728606357,0.17115119052600744,1,40.9,55,56,2,6,E,42,47,3.6666666666666665,2.2451116486743583e-16,3.6666666666666665,90,E
2017-0621,2021,CLP,Dibrox,1,2021-05-05,2021-05-05,42.3,5.167848699763594,0.19350411710887466,1,42.3,57.3,57.7,0,3,N,57,57,0,1.5,1.5,0,N
2017-0645,2021,CLP,Tribune,1,2021-05-24,2021-05-24,7.42,5,0.4,2,14.84,70,70,7,7,S,75,75,8.572244476756641e-16,-7,7,180,S
2017-0653,2020,EWM,Dibrox,1,2020-07-20,2020-07-20,4.91,2.734215885947047,0.4893854748603352,1.3380855397148677,6.57,78,79,0,0,,69,70,NA,NA,NA,NA,NA
2017-0653,2025,EWM,ProcellaCOR EC,1,2025-07-02,2025-07-02,8.79,4,3.9994311717861213,15.997724687144485,140.62,NA,NA,NA,NA,,80,82,NA,NA,NA,NA,NA
2017-0663,2022,CLP,Aquathol K,1,2022-05-22,2022-05-22,5.12,7.500000000000001,0.9572916666666664,7.179687499999999,36.76,NA,NA,5,5,NW,NA,NA,-3.5355339059327386,3.535533905932737,5,315,NW
2017-0663,2023,CLP,Aquathol K,1,2022-05-15,2022-05-15,2,8,0.956875,7.655,15.31,NA,NA,4,4,W,NA,NA,-4,-7.347638122934264e-16,4,270,W
2017-0667,2020,CLP,Aquathol K,1,2020-05-12,2020-05-12,5.31,4,0.7999058380414312,3.199623352165725,16.99,NA,NA,4,4,NE,39,39,2.82842712474619,2.8284271247461903,4,45,NE
2017-0671,2020,CLP,Aquathol K,1,2020-05-15,2020-05-15,24,5,0.6,3,72,NA,NA,7,7,N,57,57,0,7,7,0,N
2017-0671,2021,CLP,Aquathol K,1,2021-05-05,2021-05-05,23.959999999999997,5.000000000000001,0.6000000000000001,3,71.88,NA,NA,6,6,SSW,53,55,-2.2961005941905355,-5.543277195067722,6,202.49999999999994,SSW
2017-0729,2020,EWM,Dibrox,1,2020-08-06,2020-08-06,9.72,4.182098765432098,0.44624846248462485,1.8662551440329218,18.14,74,76,1,4,E,68,72,2.7,1.6532185776602093e-16,2.7,90,E
2017-0729,2025,EWM,"2,4-D Amine",1,2025-07-17,2025-07-17,42.5,6.064705882352941,2.62294083414161,15.907364705882353,676.063,74,77,0,2,N,75,75,0,0.125,0.125,0,N
2017-0742,2020,CLP,Sonar A.S.,1,2020-04-13,2020-04-13,405,4,0.0030864197530864196,0.012345679012345678,5,43.4,43.4,0,0,NW,32,32,0,0,0,0,N
2017-0742,2021,CLP,Sonar A.S.,1,2021-04-07,2021-04-07,405,4,0.0030864197530864196,0.012345679012345678,5,55,55,7,7,NE,51,51,4.949747468305832,4.949747468305833,6.999999999999999,45,NE
2017-0742,2023,CLP,Tribune,1,2023-05-15,2023-05-15,45.1,5.5,0.36363636363636365,2,90.2,63,63,0,5,NW,64,64,-1.7677669529663693,1.7677669529663684,2.5,315,NW
2017-0743,2020,CLP,Aquathol K,1,2020-05-27,2020-05-27,2.73,5,1.7999999999999998,9,24.57,66,67,0,2,S,59,60,-0.3535533905932737,-0.7285533905932738,0.8098086458818252,205.88643529826268,SSW
2017-0753,2021,CLP,Dibrox,1,2021-05-07,2021-05-07,9.1,5,0.39999999999999997,2,18.2,55,55,0,0,,45,45,NA,NA,NA,NA,NA
2017-0820,2020,CLP,Tribune,1,2020-05-19,2020-05-19,13.5,7.8,0.25641025641025644,2,27,57.3,57.3,8,8,E,64,64,8,4.898425415289509e-16,8,90,E
2017-0825,2020,EWM,"2,4-D Amine",1,2020-08-20,2020-08-20,6.82,3,0.3333333333333333,1,6.82,74,74,5,5,S,69,69,6.123031769111886e-16,-5,5,180,S
2017-0825,2021,EWM,Platoon,1,2021-08-09,2021-08-09,1.23,5.867479674796748,2.840515449632811,16.666666666666668,20.5,75.7,76.1,0,3,SW,70,72,-0.7071067811865474,-1.2071067811865477,1.3989663259659069,210.3611934048217,SSW
2017-0828,2020,EWM,ProcellaCOR EC,1,2020-07-22,2020-07-22,17.2,5,19.314883720930233,96.57441860465116,1661.08,78,78,3,3,NE,64,64,2.1213203435596424,2.121320343559643,3,45,NE
2017-0828,2021,EWM,ProcellaCOR EC,1,2021-07-09,2021-07-09,16.7,4,18.47305389221557,73.89221556886228,1234,74,74,3,3,NE,64,64,2.1213203435596424,2.121320343559643,3,45,NE
2017-0830,2021,CLP,Aquathol K,1,2021-05-26,2021-05-26,1.17,4.461538461538462,3.1264367816091956,13.94871794871795,16.32,NA,NA,2,7,NW,NA,NA,-3.0641293851417064,3.0641293851417055,4.333333333333333,315,NW
2017-0857,2021,CLP,Tribune,1,2021-05-06,2021-05-06,63.21,7,0.2857142857142857,2,126.42,56,56,4,4,NNW,49,49,-1.5307337294603582,3.6955181300451474,4,337.5,NNW
2017-0871,2020,CLP,Aquathol K,1,2020-05-27,2020-05-27,2.5,9,1.3897777777777778,12.508000000000001,31.270000000000003,NA,NA,0,0,,NA,NA,NA,NA,NA,NA,NA
2017-0871,2021,CLP,Aquathol K,1,2021-05-05,2021-05-05,4.6,7.793478260869566,1.3152022315202232,10.25,47.15,NA,NA,4,7,SW,NA,NA,-2.121320343559642,-4.454653676892977,4.933957780631703,205.46393940631435,SSW
2017-0873,2020,EWM,"2,4-D Amine",1,2020-07-01,2020-07-01,8.5,6.8,2.8387543252595155,19.303529411764703,164.07999999999998,NA,NA,2,42,S,NA,NA,3.535533905932738,-5.535533905932737,6.568267322797615,147.43371428390697,SSE
2017-0892,2022,CLP,Aquathol K,1,2022-05-17,2022-05-17,14.39,7.231758165392634,0.7765338970835535,5.615705350938152,80.81,NA,NA,5,5,NE,NA,NA,3.5355339059327373,3.5355339059327378,5,45,NE
2017-0892,2023,CLP,Aquathol K,1,2023-05-07,2023-05-07,14.39,7.231758165392634,0.7765338970835535,5.615705350938152,80.81,NA,NA,0,0,,NA,NA,NA,NA,NA,NA,NA
2017-0917,2020,CLP,Aquathol K,1,2020-05-12,2020-05-12,59.309999999999995,9,0.7999213173720003,7.199291856348003,426.99,54,56,2,3,,48,56,-0.5892556509887895,-0.5892556509887897,0.8333333333333334,224.99999999999997,SW
2017-0968,2021,CLP,Aquathol K,1,2021-05-10,2021-05-10,5.1,4.2,0.4668534080298787,1.9607843137254903,10,NA,NA,7,7,S,NA,NA,8.572244476756641e-16,-7,7,180,S
2017-0973,2020,CLP,Aquathol K,1,2020-05-08,2020-05-08,5.18,4.392258687258687,0.7999331923927232,3.5135135135135136,18.2,54,54,8,8,NE,42,42,5.65685424949238,5.656854249492381,8,45,NE
2017-1005,2021,CLP,Aquathol K,1,2021-05-19,2021-05-19,7.8,6.4,1.2019230769230769,7.6923076923076925,60,64,64,0,5,S,64,64,3.061515884555943e-16,-2.5,2.5,180,S
2017-1027,2020,CLP,Dibrox,1,2020-05-11,2020-05-11,46.9,4.971940298507463,0.3712733292164128,1.845948827292111,86.575,54,54,2,7,NW,38,41,-3.3941125496954285,3.394112549695427,4.8,315,NW
2017-1027,2021,CLP,Dibrox,1,2021-05-24,2021-05-24,28.330000000000002,6.452170843628663,0.30997319328190814,2,56.660000000000004,68,68,5,5,S,68,68,6.123031769111886e-16,-5,5,180,S
2017-1028,2025,EWM,Diquat Herbicide,1,2025-05-14,2025-05-14,32.230000000000004,5.763264039714551,0.34702557200538364,2,64.46000000000001,66,66,2,3,S,65,70,3.3676674730115375e-16,-2.75,2.75,180,S
2017-1032,2023,EWM,ProcellaCOR EC,1,2023-06-28,2023-06-28,11,5.175,17.15169082125604,88.76,976.36,76.6,76.6,8,8,S,72,72,9.796850830579018e-16,-8,8,180,S
2017-1034,2020,EWM,ProcellaCOR EC,1,2020-07-09,2020-07-09,6.9,6.5,8.419175027870681,54.72463768115942,377.6,83,83,0,5,NW,80,80,-1.7677669529663693,1.7677669529663684,2.5,315,NW
2017-1034,2025,EWM,ProcellaCOR EC,1,2025-09-22,2025-09-22,6.5,4.07,14.858438858438857,60.473846153846154,393.08,71.5,71.5,4,4,NE,66,66,2.82842712474619,2.8284271247461903,4,45,NE
2017-1037,2020,CLP,Tribune,1,2020-05-15,2020-05-15,4.8,7.5,0.26666666666666666,2,9.6,58.9,58.9,9,9,NNW,57,57,-3.444150891285806,8.314915792601582,9,337.5,NNW
2017-1037,2021,CLP,Tribune,1,2021-05-24,2021-05-24,14.1,7.5,0.26666666666666666,2,28.2,70,70,7,7,S,68,68,8.572244476756641e-16,-7,7,180,S
2017-1038,2020,EWM,Kammo Plus,1,2020-07-10,2020-07-10,4.95,7.5,0.05387205387205387,0.40404040404040403,2,85,85,3,3,NW,77,77,-2.121320343559643,2.121320343559642,2.9999999999999996,315,NW
2017-1038,2020,EWM,ProcellaCOR EC,1,2020-07-10,2020-07-10,4.95,7.5,1.664915824915825,12.486868686868688,61.81,85,85,3,3,NW,77,77,-2.121320343559643,2.121320343559642,2.9999999999999996,315,NW
2017-1038,2020,EWM,Tribune,1,2020-07-10,2020-07-10,4.95,7.5,0.13333333333333333,1,4.95,85,85,3,3,NW,77,77,-2.121320343559643,2.121320343559642,2.9999999999999996,315,NW
2017-1038,2021,EWM,ProcellaCOR,1,2021-06-29,2021-06-29,10.5,7.5,2.53968253968254,19.047619047619047,200,78,78,0,0,,70,70,NA,NA,NA,NA,NA
2017-1038,2021,EWM,Tribune,1,2021-06-29,2021-06-29,10.5,7.5,0.26666666666666666,2,21,78,78,0,5,,70,70,NA,NA,NA,NA,NA
2017-1038,2025,CLP,Sonar A.S.,1,2025-04-29,2025-04-29,115,5.7,0.004836003051106026,0.027565217391304346,3.17,53,53,6,10,N,47,47,0,8,8,0,N
2017-1039,2020,EWM,ProcellaCOR EC,1,2020-07-08,2020-07-08,33.25,5,4.82406015037594,24.1203007518797,802,84,84,4,4,SE,73,73,2.8284271247461903,-2.82842712474619,4,135,SE
2017-1039,2020,EWM,Tribune,1,2020-07-08,2020-07-08,33.25,5,0.18766917293233085,0.9383458646616541,31.2,84,84,4,4,SE,73,73,2.8284271247461903,-2.82842712474619,4,135,SE
2017-1039,2021,EWM,ProcellaCOR,1,2021-06-29,2021-06-29,22.98,5,3.803307223672759,19.016536118363796,437,78,78,0,0,,70,70,NA,NA,NA,NA,NA
2017-1039,2021,EWM,Tribune,1,2021-06-29,2021-06-29,22.98,5,0.4,2,45.96,78,78,0,0,,70,70,NA,NA,NA,NA,NA
2017-1041,2021,EWM,ProcellaCOR EC,1,2021-06-18,2021-06-18,11.6,7.000000000000001,2.4630541871921183,17.24137931034483,200,78,78,3,3,N,80,80,0,3,3,0,N
2017-1041,2021,EWM,Tribune,1,2021-06-18,2021-06-18,11.6,7.000000000000001,0.24630541871921183,1.7241379310344829,20,78,78,3,3,N,80,80,0,3,3,0,N
2017-1042,2020,CLP,Tribune,1,2020-05-29,2020-05-29,12.7,5,0.4,2,25.4,68,68,8,8,NNW,60,60,-3.0614674589207165,7.391036260090295,8,337.5,NNW
2017-1042,2021,CLP,Tribune,1,2021-05-26,2021-05-26,28.2,5,0.39999999999999997,2,56.4,71,71,11,11,NNW,58,58,-4.209517756015985,10.162674857624156,11,337.5,NNW
2017-1043,2020,EWM,Kammo Plus,1,2020-07-23,2020-07-23,3.84,NA,NA,0.2604166666666667,1,80,80,NA,NA,,71,71,NA,NA,NA,NA,NA
2017-1043,2020,EWM,ProcellaCOR EC,1,2020-07-23,2020-07-23,3.84,NA,NA,92.1875,354,80,80,NA,NA,,71,71,NA,NA,NA,NA,NA
2017-1043,2020,EWM,Tribune,1,2020-07-23,2020-07-23,3.84,NA,NA,0.20833333333333334,0.8,80,80,NA,NA,,71,71,NA,NA,NA,NA,NA
2017-1044,2020,CLP,Tribune,1,2020-05-15,2020-05-15,47.7,7,0.2857142857142857,2,95.4,58.4,58.4,9,9,NNW,57,57,-3.444150891285806,8.314915792601582,9,337.5,NNW
2017-1044,2021,CLP,Tribune,1,2021-05-26,2021-05-26,50.1,7,0.285143997718848,1.996007984031936,100,68,68,11,11,NNW,55,55,-4.209517756015985,10.162674857624156,11,337.5,NNW
2017-1044,2025,CLP,Tribune,1,2025-05-07,2025-05-07,53.62,6.028600000000001,0.33175198221809377,2,107.24,62,52,0,0,,61,61,NA,NA,NA,NA,NA
2017-1047,2020,EWM,Tribune,1,2020-06-11,2020-06-11,17,7.5,0.26666666666666666,2,34,70,70,11,11,W,70,70,-11,-2.0206004838069225e-15,11,270,W
2017-1050,2020,CLP,Sonar A.S.,1,2020-05-14,2020-05-14,1034,8,0.0015715667311411992,0.012572533849129593,13,51.5,51.5,4,4,W,53,53,-4,-7.347638122934264e-16,4,270,W
2017-1050,2021,CLP,Sonar A.S.,1,2021-04-14,2021-04-14,1034,8,0.003328094777562863,0.026624758220502903,27.53,40,40,10,15,NW,36,36,-8.838834764831846,8.838834764831843,12.5,315,NW
2017-1072,2020,CLP,Aquathol K,1,2020-05-20,2020-05-20,43.2,9,0.7474279835390947,6.726851851851852,290.6,60,60,5,10,SE,61,61,5.303300858899107,-5.303300858899106,7.5,135,SE
2017-1072,2021,CLP,Aquathol K,1,2021-05-21,2021-05-21,42.3,6.418439716312057,0.7477348066298343,4.7992907801418445,203.01,66,66,5,5,S,66,66,6.123031769111886e-16,-5,5,180,S
2017-1083,2021,CLP,Tribune,1,2021-05-05,2021-05-05,9.2,7,0.28571428571428575,2,18.4,56,56,0,5,S,48,48,3.061515884555943e-16,-2.5,2.5,180,S
2017-1092,2021,EWM,ProcellaCOR EC,1,2021-07-12,2021-07-12,22.83,6,3.1699518177836183,19.01971090670171,434.22,78,78,4,4,ESE,66,66,3.695518130045147,-1.530733729460359,4,112.5,ESE
2017-1092,2021,EWM,Tribune,1,2021-07-12,2021-07-12,22.83,6,0.3333333333333333,2,45.66,78,78,4,4,ESE,66,66,3.695518130045147,-1.530733729460359,4,112.5,ESE
2017-1097,2020,CLP,Dibrox,1,2020-05-19,2020-05-19,36.6,6.1935792349726775,0.3220327767607032,1.994535519125683,73,55,56,3,10,E,54,55,5.444444444444445,3.333650629849805e-16,5.444444444444445,90,E
2017-1097,2021,CLP,Dibrox,1,2021-05-18,2021-05-18,41.1,4.817518248175182,0.41515151515151516,2,82.2,65,67,1,10,ESE,66,73,6.0712083565027415,-2.514776841256304,6.571428571428571,112.5,ESE
2017-1154,2020,CLP,Diquat Herbicide,1,2020-05-04,2020-05-04,72.6,4,0.5,2,145.2,NA,NA,5,9,ESE,56,60,5.526943025378089,-3.49745764982985,6.5405893632094685,122.32568857162505,ESE
2017-1154,2022,CLP,Tribune,1,2023-05-16,2023-05-16,68.92999999999999,5.58508631945452,0.3581484752454673,2.000290149426955,137.88,NA,NA,2,6,NW,63,70,-3.672792206135786,1.2727922061357848,3.8870815002327612,289.1135647017373,WNW
2017-1210,2020,EWM,ProcellaCOR EC,1,2020-07-16,2020-07-16,3.76,9.5,10.6494960806271,101.17021276595744,380.4,74,74,5,5,S,68,68,6.123031769111886e-16,-5,5,180,S
2017-1210,2022,EWM,ProcellaCOR,1,2022-08-04,2022-08-04,5.18,9,9.50986700986701,85.5888030888031,443.35,76,76,4,4,SW,70,70,-2.82842712474619,-2.8284271247461907,4,224.99999999999997,SW
2017-1210,2022,EWM,Tribune,1,2022-08-04,2022-08-04,5.18,9,0.2222222222222222,2,10.36,76,76,4,4,SW,70,70,-2.82842712474619,-2.8284271247461907,4,224.99999999999997,SW
2017-1297,2021,CLP,Aquathol K,1,2021-05-05,2021-05-05,10,8,0.63825,5.106,51.06,57,57,5,6.4,NW,65,65,-4.030508652763322,4.03050865276332,5.7,315,NW
2017-1306,2020,CLP,Aquathol K,1,2020-05-11,2020-05-11,24.5,5.882978723404255,0.44990958408679926,4.585224489795919,112.33800000000001,NA,NA,3,5,N,NA,NA,0,4.2,4.2,0,N
2017-1306,2021,CLP,Aquathol K,1,2021-05-12,2021-05-12,18.8,5.4414893617021285,0.515982404692082,2.8077127659574463,52.785,NA,NA,0,0,,NA,NA,NA,NA,NA,NA,NA
2017-1306,2022,CLP,Aquathol K,1,2022-05-10,2022-05-10,35,4.622857142857143,0.44993819530284296,2.08,72.8,NA,NA,5,5,SE,NA,NA,3.5355339059327378,-3.5355339059327373,5,135,SE
2017-1306,2023,CLP,Aquathol K,1,2023-05-11,2023-05-11,50,5.526,0.33188563155989864,1.834,91.7,NA,NA,0,0,,NA,NA,NA,NA,NA,NA,NA
2017-1307,2020,CLP,Aquathol K,1,2020-05-06,2020-05-06,30,5,0.45,2.25,67.5,NA,NA,5,5,N,NA,NA,0,5,5,0,N
2017-1313,2021,FR,Tribune,1,2021-06-28,2021-06-28,24,4,0.5,2,48,75,75,0,5,NE,75,75,1.7677669529663687,1.7677669529663689,2.5,45,NE
2017-1486,2020,EWM,"2,4-D Amine",1,2020-08-21,2020-08-21,18.14,7.178500551267915,2.8400067578982937,20.386990077177508,369.82,77,78,1,5,S,75,84,-0.3142696805273542,-2.203158569416243,2.2254602027650354,188.11819342942806,S
2017-1486,2021,EWM,"2,4-D Amine",1,2021-07-16,2021-07-16,16.74,7.23494623655914,2.8812761635827697,20.845878136200717,348.96,76,76,1,5,S,62,77,0.5690355937288494,-2.013480038173294,2.0923439896567375,164.21901937196185,SSE
2017-1500,2022,EWM,"2,4-D Amine",1,2022-06-22,2022-06-22,37.099999999999994,4.274932614555256,2.127301387137453,9.094070080862535,337.39,NA,NA,3,3,SW,NA,NA,-2.1213203435596424,-2.121320343559643,3,225,SW
2017-1500,2023,EWM,"2,4-D Amine",1,2023-06-27,2023-06-27,10.6,4.40566037735849,1.4197002141327624,6.254716981132075,66.3,NA,NA,0,0,,NA,NA,NA,NA,NA,NA,NA
2017-1507,2020,CLP,Tribune,1,2020-05-12,2020-05-12,10.1,5,0.4000000000000001,2,20.2,59,59,0,5,W,56,56,-2.5,-4.592273826833915e-16,2.5,270,W
2017-1507,2021,CLP,Tribune,1,2021-05-11,2021-05-11,10.1,5,0.39603960396039606,1.9801980198019802,20,58,58,0,5,W,60,60,-2.5,-4.592273826833915e-16,2.5,270,W
2017-1512,2020,EWM,ProcellaCOR EC,1,2020-07-10,2020-07-10,11,7.2,8.868686868686867,63.85454545454545,702.4,82,82,5,10,NW,74,74,-5.3033008588991075,5.303300858899105,7.499999999999999,315,NW
2017-1512,2021,EWM,ProcellaCOR,1,2021-06-24,2021-06-24,13.2,6.9,11.523935002195872,79.51515151515152,1049.6,73,73,0,5,NE,75,75,1.7677669529663687,1.7677669529663689,2.5,45,NE
2017-1565,2021,CLP,Tribune,1,2021-05-17,2021-05-17,16.46,4,0.5,2,32.92,64,64,4,4,NE,70,70,2.82842712474619,2.8284271247461903,4,45,NE
2017-1709,2020,CLP,Aquathol K,1,2020-05-12,2020-05-12,5.140000000000001,4,0.7976653696498053,3.190661478599221,16.4,NA,NA,3,3,NE,47,47,2.1213203435596424,2.121320343559643,3,45,NE
2017-1709,2021,CLP,Aquathol K,1,2021-05-26,2021-05-26,4.38,4,0.800228310502283,3.200913242009132,14.02,NA,NA,8,8,NW,60,60,-5.6568542494923815,5.656854249492379,8,315,NW
2017-1779,2023,CLP,Aquathol K,1,2023-05-30,2023-05-30,42.6,10.183333333333334,0.6894723496461583,7.021126760563379,299.09999999999997,64,64,8,8,S,65,65,9.796850830579018e-16,-8,8,180,S
2017-1825,2020,CLP,Aquathol K,1,2020-05-15,2020-05-15,58.74,4.7044603336738176,0.7625208077006584,3.5872488934286686,210.715,NA,NA,3,5,N,NA,NA,0,4,4,0,N
2017-1825,2021,CLP,Aquathol K,1,2021-05-18,2021-05-18,58.74,3.7044603336738167,0.4499770220588235,1.6669220292815796,97.91499999999999,NA,NA,3,5,W,NA,NA,-3.5,-6.429183357567481e-16,3.5,270,W
2017-1826,2025,CLP,FlumigardSC,1,2025-05-05,2025-05-05,5.5,3.8,0.12440191387559808,0.4727272727272727,2.6,59,59,5,5,S,55,55,6.123031769111886e-16,-5,5,180,S
2017-1881,2020,CLP,Tribune,1,2020-05-15,2020-05-15,27.3,5,0.39999999999999997,2,54.6,60,60,5,5,NNW,63,63,-1.9134171618254479,4.619397662556434,5,337.5,NNW
2017-1978,2020,EWM,ProcellaCOR EC,1,2020-09-18,2020-09-18,6.71,9,5.82662692498758,52.439642324888226,351.87,55,55,0,3,,42,42,NA,NA,NA,NA,NA
2017-1982,2020,CLP,Tribune,1,2020-05-29,2020-05-29,6.52,6.000000000000001,0.4999999999999999,3,19.56,NA,NA,6,8,NW,NA,NA,-4.949747468305834,4.949747468305832,7,315,NW
2017-1985,2020,EWM ,"2,4-D Amine",1,2020-06-22,2020-06-22,16.415,8.154873591227535,2.822528382721791,23.017362168748097,377.83,70,72,2,10,NW,67,74,-3.569205657417812,3.9025389907511436,5.2885763300983255,317.55441515793945,NW
2017-1985,2021,EWM,"2,4-D Amine",1,2021-10-11,2021-10-12,83.34,10.236141108711303,2.844410840718338,29.115790736741058,2426.5099999999998,63,65,2,6,N,49,65,-1.2621167664411779,2.8138476373306616,3.0839385950831253,335.84196699990633,NNW
2017-1985,2021,EWM,Dibrox,1,2021-10-11,2021-10-11,6.5,9.415384615384616,2.8401960784313722,26.74153846153846,173.82,65,65,3,5,N,65,65,0,3.6666666666666665,3.6666666666666665,0,N
2017-1985,2021,EWM,Platoon,1,2021-06-22,2021-06-22,7.288,10.37788144895719,2.8380093608694503,29.452524698133917,214.65,68,70,2,7,SW,61,70,-3.270368862987782,-3.270368862987783,4.625,224.99999999999997,SW
2017-1985,2022,EWM,"2,4-D Amine",1,2022-06-27,2022-06-27,7.2219999999999995,9.43076710052617,2.657064411458104,25.05815563555802,180.97,70,72,2,4,SW,62,74,-2.3963063140210776,-2.396306314021078,3.3888888888888893,225,SW
2017-2067,2023,EWM,ProcellaCOR EC,1,2023-06-16,2023-06-16,12,7,5.821904761904762,40.75333333333334,489.04,71.9,71.9,0,5,,54,54,NA,NA,NA,NA,NA
2017-2184,2020,CLP,Tribune,1,2020-05-13,2020-05-13,5.9,5,0.4,2,11.8,57.4,57.4,7,7,SE,54,54,4.949747468305833,-4.949747468305832,6.999999999999999,135,SE
2017-2184,2021,CLP,Tribune,1,2021-05-18,2021-05-18,1.9,5,0.4,2,3.8,67,67,6,6,SW,70,70,-4.242640687119285,-4.242640687119286,6,225,SW
2017-2726,2021,EWM,Tribune,1,2021-06-22,2021-06-22,29.08,3.038737964236589,0.4998500562996158,1.518913342503439,44.17,NA,NA,0,4,,NA,NA,-2.474873734152916,-2.474873734152917,3.5,224.99999999999997,SW
2017-2726,2023,EWM,ProcellaCOR EC,1,2023-10-02,2023-10-02,23.12,5,9.542906574394463,47.71453287197232,1103.16,68,68,10,10,S,74,74,1.2246063538223773e-15,-10,10,180,S
2017-2726,2023,EWM,Tribune,1,2023-06-23,2023-06-23,2.8,4.2,0.5,2.1,5.88,NA,NA,3,3,NE,NA,NA,2.1213203435596424,2.121320343559643,3,45,NE
2017-2765,2021,EWM,"2,4-D Amine",1,2021-06-08,2021-06-08,21.2,3,1.4100628930817611,4.230188679245283,89.68,NA,NA,0,0,,NA,NA,NA,NA,NA,NA,NA
2017-2771,2020,EWM,Kammo Plus,1,2020-07-08,2020-07-08,1,5,0.1,0.5,0.5,86,86,3,3,SE,80,80,2.121320343559643,-2.1213203435596424,3,135,SE
2017-2771,2020,EWM,Tribune,1,2020-07-08,2020-07-08,1,5,0.4,2,2,86,86,3,3,SE,80,80,2.121320343559643,-2.1213203435596424,3,135,SE
2017-2870,2021,EWM,Triclopyr 3,1,2021-07-15,2021-07-15,26.669999999999998,8,1.4032620922384702,11.226096737907762,299.4,NA,NA,3,4,ENE,71,78,2.8471274830696687,1.6970857702590003,3.3145489914113826,59.20212091991999,ENE
2017-2870,2021,EWM,Weedar 64,1,2021-07-15,2021-07-15,23.85,8,2.8359538784067087,22.68763102725367,541.1,NA,NA,3,6,ENE,72,80,3.727968717023621,2.4909490595465997,4.48358985327191,56.25,ENE
2017-3015,2020,EWM,ProcellaCOR EC,1,2020-09-09,2020-09-09,0.76,6.5,16.194331983805668,105.26315789473684,80,63.8,63.8,0,5,NW,47,47,-1.7677669529663693,1.7677669529663684,2.5,315,NW
2017-3315,2020,EWM,ProcellaCOR,1,2020-07-02,2020-07-02,16.6,7,3.0771944922547325,21.54036144578313,357.57,82,82,3,3,E,90,90,3,1.836909530733566e-16,3,90,E
2017-3315,2020,EWM,Tribune,1,2020-07-02,2020-07-02,16.6,7,NA,NA,0,82,82,3,3,E,90,90,3,1.836909530733566e-16,3,90,E
2017-3315,2021,EWM,ProcellaCOR,1,2021-06-30,2021-06-30,29.85,7,2.7135678391959797,18.99497487437186,567,79,79,0,0,,75,75,NA,NA,NA,NA,NA
2017-3315,2021,EWM,Tribune,1,2021-06-30,2021-06-30,29.85,7,0.2857142857142857,2,59.7,79,79,0,5,,75,75,NA,NA,NA,NA,NA
2017-3409,2020,FR,Tribune,1,2020-08-06,2020-08-06,5.91,4,0.5,2,11.82,73,73,8,8,SW,70,70,-5.65685424949238,-5.6568542494923815,8,224.99999999999997,SW
2017-459,2020,EWM,"2,4-D Amine",1,2020-07-01,2020-07-01,6,3.7083333333333335,2.26561797752809,8.401666666666666,50.41,NA,NA,3,4,NW,NA,NA,-2.5927248643506746,2.5927248643506737,3.6666666666666665,315,NW
2018-0004,2021,EWM,ProcellaCOR,1,2021-08-05,2021-08-05,4.6,6.2,3.3660589060308554,20.869565217391305,96,76,76,0,5,SW,65,65,-1.7677669529663687,-1.7677669529663693,2.5000000000000004,224.99999999999997,SW
2018-0004,2021,EWM,Tribune,1,2021-08-05,2021-08-05,4.6,6.2,0.3225806451612903,2,9.2,76,76,0,5,SW,65,65,-1.7677669529663687,-1.7677669529663693,2.5000000000000004,224.99999999999997,SW
2018-0035,2021,EWM,ProcellaCOR,1,2021-08-04,2021-08-04,0.27,2.5,23.703703703703702,59.25925925925925,16,76,76,0,5,N,71,71,0,2.5,2.5,0,N
2018-0093,2021,CLP,Tribune,1,2021-05-11,2021-05-11,28.4,4,0.5,2,56.8,52,52,0,5,W,45,45,-2.5,-4.592273826833915e-16,2.5,270,W
2018-0118,2020,CLP,Aquathol K,1,2020-05-05,2020-05-05,35.2,6.749999999999999,0.5925925925925927,4,140.8,NA,NA,2,4,N,53,56,0,3,3,0,N
2018-0118,2025,CLP,Diquat Herbicide,1,2025-05-14,2025-05-14,39.58,4,0.5,2,79.16,NA,NA,0,4,SE,80,82,1.649915822768611,-2.3165824894352776,2.844077469511049,144.54077929395794,SE
2018-0126,2020,CLP,Aquathol K,1,2020-05-22,2020-05-22,18.580000000000002,5,0.7999999999999998,4,74.32000000000001,NA,NA,5,5,SE,62,62,3.5355339059327378,-3.5355339059327373,5,135,SE
2018-0127,2020,EWM,"2,4-D Amine",1,2020-07-09,2020-07-09,9.42,5,1.4118895966029723,7.059447983014862,66.5,NA,NA,4,4,E,72,72,4,2.4492127076447545e-16,4,90,E
2018-0129,2020,CLP,Aquathol K,1,2020-05-22,2020-05-22,14.16,5.000000000000001,0.7999999999999999,4,56.64,NA,NA,4,4,SE,59,59,2.8284271247461903,-2.82842712474619,4,135,SE
2018-0175,2020,EWM,ProcellaCOR EC,1,2020-07-31,2020-07-31,3.6,7.9,12.827004219409282,101.33333333333333,364.8,76,76,0,5,,70,70,NA,NA,NA,NA,NA
2018-0180,2020,EWM,Dibrox,1,2020-09-10,2020-09-10,2.24,4.111607142857143,0.48642779587404994,2,4.48,60,66,0,0,,40,48,NA,NA,NA,NA,NA
2018-0180,2021,EWM,Dibrox,1,2021-08-23,2021-08-23,5.27,4.981973434535106,0.3919253475528471,1.952561669829222,10.29,71,74,0,6,SE,68,72,3.1819805153394642,-3.181980515339464,4.5,135,SE
2018-0187,2020,CLP,Aquathol K,1,2020-05-26,2020-05-26,8,6.3,0.9007936507936508,5.675,45.4,63,63,0,5,S,64,64,3.061515884555943e-16,-2.5,2.5,180,S
2018-0241,2020,CLP,Aquathol K,1,2020-05-26,2020-05-26,7.4,6.8,1.1724960254372017,7.972972972972973,59,63,63,4,10,S,65,65,8.572244476756641e-16,-7,7,180,S
2018-0293,2020,CLP,Aquathol K,1,2020-05-05,2020-05-05,36.35,5,0.6,3,109.05,54,56,1,5,ESE,46,51,2.848028128373748,-1.386798657979016,3.167723904916663,115.96297553111549,ESE
2018-0293,2021,CLP,Aquathol K,1,2021-05-07,2021-05-07,27.599999999999998,5.13731884057971,0.6074476338246703,3.1206521739130437,86.13,56.3,58,3,8,NNW,46,52,-2.684086286617739,5.122814658589329,5.783385619191159,332.3478184982654,NNW
2018-0293,2025,CLP,Flumioxazin 51WDG Prime,1,2025-05-12,2025-05-12,38.15,4.68781127129751,NA,NA,0,57.12,59.2,4,6,NE,65,68,3.5355339059327373,3.5355339059327378,5,45,NE
2018-0294,2020,CLP,Diquat SPC 2 L,1,2020-05-28,2020-05-28,9.15,2.34,NA,NA,0,62,62,16,16,NW,75,75,-11.313708498984763,11.313708498984758,16,315,NW
2018-0332,2021,EWM,ProcellaCOR EC,1,2021-08-26,2021-08-26,2.07,7.5,3.2979066022544288,24.734299516908216,51.2,74,74,0,5,E,58,58,2.5,1.5307579422779716e-16,2.5,90,E
2018-0332,2021,EWM,Tribune,1,2021-08-26,2021-08-26,2.07,7.5,0.2640901771336554,1.9806763285024154,4.1,74,74,0,5,E,58,58,2.5,1.5307579422779716e-16,2.5,90,E
2018-0332,2025,EWM,ProcellaCOR EC,1,2025-07-24,2025-07-24,2,9,18.667777777777776,168.01,336.02,62,62,3,3,N,62,62,0,3,3,0,N
2018-0333,2021,EWM,ProcellaCOR,1,2021-07-27,2021-07-27,11.2,5.999999999999999,7.812500000000001,46.875,525,81,81,0,5,NE,82,82,1.7677669529663687,1.7677669529663689,2.5,45,NE
2018-0333,2023,EWM,ProcellaCOR,1,2023-09-26,2023-09-26,7.8,3.5,11.604395604395606,40.61538461538462,316.8,67,67,0,5,NE,62,62,1.7677669529663687,1.7677669529663689,2.5,45,NE
2018-0334,2021,CLP,Aquathol K,1,2021-05-24,2021-05-24,18.7,7.000000000000001,0.8861726508785334,6.2032085561497325,116,66,66,5,10,SW,75,75,-5.303300858899106,-5.3033008588991075,7.5,224.99999999999997,SW
2018-0371,2025,CLP,FlumigardSC,1,2025-05-08,2025-05-08,16.45,10.375075987841946,15.61129665436222,161.96838905775078,2664.38,57,58,3,6,SE,55,67,3.7980970388562794,-2.2980970388562794,4.439233167628035,121.17668050054596,ESE
2018-0395,2020,CLP,Aquathol K,1,2020-05-04,2020-05-04,7.9,4.841772151898734,0.7301960784313726,3.5354430379746833,27.93,NA,NA,5,6,SE,NA,NA,3.8890872965260117,-3.889087296526011,5.5,135,SE
2018-0395,2021,CLP,Aquathol K,1,2021-05-01,2021-05-01,7.9,4.841772151898734,0.7301960784313726,3.5354430379746833,27.93,NA,NA,5,6,SW,NA,NA,-3.889087296526011,-3.889087296526012,5.5,224.99999999999997,SW
2018-0408,2020,CLP,Aquathol K,1,2020-05-22,2020-05-22,1.9,5.5,1.7990430622009572,9.894736842105264,18.8,60,60,0,5,SSE,60,60,0.9567085809127247,-2.309698831278217,2.5,157.5,SSE
2018-0408,2021,CLP,Aquathol K,1,2021-05-17,2021-05-17,5,5.6,1.5357142857142858,8.6,43,63,63,5,10,S,80,80,9.18454765366783e-16,-7.5,7.5,180,S
2018-0543,2020,CLP,Aquathol K,1,2020-05-21,2020-05-21,9.24,8,1.2000811688311688,9.60064935064935,88.71,57,58,0,11,SSE,50,58,2.2961005941905395,-5.54327719506772,6,157.5,SSE
2018-0544,2020,CLP,Tribune,1,2020-05-12,2020-05-12,15,9.5,0.2105263157894737,2,30,57,57,0,5,E,56,56,2.5,1.5307579422779716e-16,2.5,90,E
2018-0611,2022,CLP,Aquathol K,1,2023-05-30,2023-05-30,65,8,0.4807692307692308,3.8461538461538463,250,63,63,0,5,SW,70,70,-1.7677669529663687,-1.7677669529663693,2.5000000000000004,224.99999999999997,SW
2018-0668,2020,CLP,Aquathol K,1,2020-05-22,2020-05-22,32.3,6.5,0.5666587282686354,3.68328173374613,118.97,NA,NA,5,6,SE,62,63,3.818376618407357,-3.818376618407356,5.4,135,SE
2018-0668,2021,CLP,Aquathol K,1,2021-05-07,2021-05-07,32.410000000000004,6.999999999999999,0.5995944814210782,4.197161369947547,136.03,NA,NA,5,7,NE,50,58,0.5656854249492375,3.959797974644666,3.9999999999999996,8.130102354155952,N
2018-0670,2020,CLP,Aquathol K,1,2020-05-15,2020-05-15,32,5,0.6,3,96,NA,NA,6,7,N,54,58,0,6.4,6.4,0,N
2018-0670,2021,CLP,Aquathol K,1,2021-05-05,2021-05-05,32.25,5,0.5991317829457364,2.9956589147286823,96.61,NA,NA,5,6,NW,56,56,-3.8385796692984018,3.8385796692984,5.428571428571429,315,NW
2018-0670,2023,CLP,Aquathol K,1,2023-05-23,2023-05-23,25.3,4,1.1561264822134387,4.624505928853755,117,64,64,0,5,SSW,75,75,-0.956708580912723,-2.3096988312782174,2.5,202.49999999999994,SSW
2018-0670,2025,CLP,FlumigardSC,1,2025-04-30,2025-04-30,27.8,4.3,0.09118286765936089,0.3920863309352518,10.9,56,56,6,6,S,50,50,7.347638122934264e-16,-6,6,180,S
2018-0672,2020,CLP,Aquathol K,1,2020-05-15,2020-05-15,8,5,0.6,3,24,NA,NA,5,5,N,52,52,0,5,5,0,N
2018-0672,2021,CLP,Aquathol K,1,2021-05-05,2021-05-05,10.5,4.999999999999999,0.5988571428571429,2.994285714285714,31.44,NA,NA,4,5,NW,52,52,-3.1819805153394647,3.181980515339463,4.5,315,NW
2018-0787,2020,CLP,Aquathol K,1,2020-05-04,2020-05-04,20,6,0.5333333333333333,3.2,64,NA,NA,7,7,E,52,52,7,4.2861222383783204e-16,7,90,E
2018-0834,2021,CLP,Aquathol K,1,2021-05-17,2021-05-17,9.7,7.9,1.5007177345687068,11.855670103092784,115,65,65,0,5,S,77,77,3.061515884555943e-16,-2.5,2.5,180,S
2018-0849,2020,CLP,Cygnet Plus,1,2020-05-22,2020-05-22,18,5.807222222222222,0.04324117478235913,0.2511111111111111,4.52,59,59,3,3,SE,55,55,2.121320343559643,-2.1213203435596424,3,135,SE
2018-0849,2020,CLP,Tribune,1,2020-05-22,2020-05-22,18,5.807222222222222,0.34439873720463027,2,36,59,59,3,3,SE,55,55,2.121320343559643,-2.1213203435596424,3,135,SE
2018-0849,2021,CLP,Aquathol K,1,2021-05-24,2021-05-24,18,5.778333333333333,0.900009614460148,5.200555555555556,93.61,70.8,72,0,8,SSE,72,79,-0.23703322350600908,-5.463285083011516,5.4684246952209,182.48430955246118,S
2018-0881,2020,CLP,Aquathol K,1,2020-05-26,2020-05-26,12.2,5.999999999999999,0.5405737704918033,3.2434426229508198,39.57,67,67,0,5,SE,65,65,1.7677669529663689,-1.7677669529663687,2.5,135,SE
2018-0881,2021,CLP,Aquathol K,1,2021-05-27,2021-05-27,7.1,4.4,1.1843790012804096,5.211267605633803,37,64,64,5,10,E,50,50,7.5,4.592273826833915e-16,7.5,90,E
2018-0898,2020,CLP,Aquathol K,1,2020-05-22,2020-05-22,15.760000000000002,5.999999999999999,0.9993654822335025,5.996192893401014,94.5,66,67,4,4,SE,60,60,2.8284271247461903,-2.82842712474619,4,135,SE
2018-0898,2021,CLP,Diquat Herbicide,1,2021-05-17,2021-05-17,16,4,0.5,2,32,NA,NA,0,0,,61,64,NA,NA,NA,NA,NA
2018-0898,2023,CLP,Tribune,1,2023-05-23,2023-05-23,16,2.75,0.48701298701298706,1.9296875,30.875,NA,NA,0.7,6,S,72,74,6.061801451420767e-16,-4.95,4.95,180,S
2018-0912,2020,CLP,Aquathol K,1,2020-05-20,2020-05-20,6.06,8,1.200082508250825,9.6006600660066,58.18,60,60,5,8,SE,63,63,4.59619407771256,-4.596194077712559,6.500000000000001,135,SE
2018-0912,2021,CLP,Aquathol K,1,2021-05-19,2021-05-19,11.4,7.605263157894737,0.7191464821222606,5.469298245614035,62.35,65.3,65.9,1,5,S,66,68,4.490223297348717e-16,-3.6666666666666665,3.6666666666666665,180,S
2018-0912,2022,CLP,Aquathol K,1,2022-05-19,2022-05-19,2.5,5.196,1.799846035411855,9.352,23.38,63,65,0,0,,60,60,NA,NA,NA,NA,NA
2018-1014,2020,CLP,Dibrox,1,2020-05-06,2020-05-06,23.7,5,0.39999999999999997,2,47.4,58,58,3,9,NW,53,54,-4.242640687119286,4.242640687119284,5.999999999999999,315,NW
2018-1015,2020,CLP,Dibrox,1,2020-05-20,2020-05-20,50.5,4.903960396039604,0.30587522713506965,1.5,75.75,58,58,7,7,E,63,65,7,4.2861222383783204e-16,7,90,E
2018-1016,2021,CLP,Aquathol K,1,2021-05-05,2021-05-05,7.8,4,1.2,4.8,37.44,56.9,57.1,0,0,,45,45,NA,NA,NA,NA,NA
2018-1041,2020,EWM,ProcellaCOR EC,1,2020-07-15,2020-07-15,6.65,7,1.5029001074113852,10.520300751879697,69.96,75,75,3,3,W,68,68,-3,-5.510728592200698e-16,3,270,W
2018-1041,2020,EWM,Tribune,1,2020-07-15,2020-07-15,6.65,7,0.16154672395273897,1.1308270676691727,7.52,75,75,3,3,W,68,68,-3,-5.510728592200698e-16,3,270,W
2018-1044,2021,CLP,Aquathol K,1,2021-05-05,2021-05-05,24.689999999999998,6.09870392871608,1.5317080297787842,9.341433778857837,230.64,54,56,1,3,SW,53,54,-1.414213562373095,-1.7892135623730954,2.280632625343201,218.32322190149938,SW
2018-1045,2020,CLP,Aquathol K,1,2020-05-12,2020-05-12,39.58,5.972233451237999,1.4693651350996906,8.775391611925215,347.33,52,53,1,2,,39,48,-0.17677669529663687,0.823223304703363,0.8419896729810443,347.88051081011037,NNW
2018-1045,2021,CLP,Aquathol K,1,2021-05-05,2021-05-05,24.53,6.110313901345291,1.7999679756615026,10.998369343660825,269.79,52,54,1,3,N,48,52,0.7803300858899107,0.3446699141100894,0.8530606031447073,66.16906822699212,ENE
2018-1087,2021,CLP,Aquathol K,1,2021-05-28,2021-05-28,30,6.5,1.435897435897436,9.333333333333334,280,62,62,5,10,SE,48,48,5.303300858899107,-5.303300858899106,7.5,135,SE
2018-1097,2021,CLP,Aquathol K,1,2021-05-06,2021-05-06,1,5.92,1.9256756756756754,11.399999999999999,11.399999999999999,49,49,4,4,NW,40,40,-2.8284271247461907,2.8284271247461894,4,315,NW
2018-1159,2020,CLP,Aquathol K,1,2020-05-27,2020-05-27,16,5,0.6,3,48,NA,NA,3,3,SW,70,70,-2.1213203435596424,-2.121320343559643,3,225,SW
2018-1159,2021,CLP,Aquathol K,1,2021-05-12,2021-05-12,23,5,0.638,3.1900000000000004,73.37,NA,NA,0,0,,NA,NA,NA,NA,NA,NA,NA
2018-1159,2023,CLP,Aquathol K,1,2023-05-21,2023-05-21,17.2,4,0.6453488372093024,2.5813953488372094,44.4,NA,NA,5,5,SW,NA,NA,-3.5355339059327373,-3.5355339059327386,5.000000000000001,224.99999999999997,SW
2018-1228,2020,CLP,Aquathol K,1,2020-05-16,2020-05-16,46.5,6.623118279569893,0.6094650539816543,4.036559139784946,187.7,NA,NA,4,6,NE,NA,NA,3.7123106012293743,3.7123106012293747,5.25,45,NE
2018-1380,2022,EWM,Tribune,1,2022-07-16,2022-07-16,3.7,5,0.5,2.5,9.25,NA,NA,0,0,,NA,NA,NA,NA,NA,NA,NA
2018-1459,2025,EWM,Weedar 64,1,2025-07-10,2025-07-10,51.1,4.965166340508806,NA,NA,0,78,83.8,3,6,S,82,85,-1.272792206135785,-4.152792206135786,4.343464413039679,197.039815236027,SSW
2018-1512,2020,CLP,Tribune,1,2020-05-19,2020-05-19,9.9,5,0.39999999999999997,2,19.8,66,66,10,10,E,70,70,10,6.123031769111886e-16,10,90,E
2018-1664,2020,CLP,Aquathol K,1,2020-05-19,2020-05-19,1.3,6.51923076923077,2.300884955752212,15,19.5,58,58,6,6,E,62,62,6,3.673819061467132e-16,6,90,E
2018-1864,2021,CLP,Tribune,1,2021-05-26,2021-05-26,8.9,4,0.5,2,17.8,64,64,5,10,NNW,50,50,-2.8701257427381717,6.929096493834652,7.500000000000001,337.5,NNW
2018-2174,2020,EWM,ProcellaCOR EC,1,2020-06-23,2020-06-23,23.5,7.676170212765957,7.180608681190754,55.119574468085105,1295.31,74.5,74.5,5,8,N,69,69,0,6.5,6.5,0,N
2018-2174,2021,EWM,ProcellaCOR EC,1,2021-07-20,2021-07-20,38.9,9,6.758069123107684,60.82262210796915,2366,82,82,0,5,,88,88,NA,NA,NA,NA,NA
2018-2661,2021,EWM,ProcellaCOR,1,2021-09-22,2021-09-22,14,6,4.345238095238096,26.071428571428573,365,66,66,0,5,SW,55,55,-1.7677669529663687,-1.7677669529663693,2.5000000000000004,224.99999999999997,SW
2018-2661,2021,EWM,Tribune,1,2021-09-22,2021-09-22,14,6,0.33333333333333337,2,28,66,66,0,5,SW,55,55,-1.7677669529663687,-1.7677669529663693,2.5000000000000004,224.99999999999997,SW
2018-2938,2020,FR,Cide-Kick 2.5 Gal,1,2020-07-09,2020-07-09,0.1,6.5,0.15384615384615385,1,0.1,83,83,0,5,NW,80,80,-1.7677669529663693,1.7677669529663684,2.5,315,NW
2018-2938,2020,FR,Tribune ,1,2020-07-09,2020-07-09,0.1,6.5,0.3076923076923077,2,0.2,83,83,0,5,NW,80,80,-1.7677669529663693,1.7677669529663684,2.5,315,NW
2018-3528,2021,EWM,ProcellaCOR,1,2021-09-27,2021-09-27,11.3,2.1,8.849557522123893,18.584070796460175,210,67,67,3,3,NE,64,64,2.1213203435596424,2.121320343559643,3,45,NE
2018-3528,2021,EWM,Tribune,1,2021-09-27,2021-09-27,11.3,2.1,0.7142857142857142,1.4999999999999998,16.95,67,67,3,3,NE,64,64,2.1213203435596424,2.121320343559643,3,45,NE
2019-0017,2020,EWM,ProcellaCOR EC,1,2020-10-02,2020-10-02,11.3,3.5,11.812895069532237,41.345132743362825,467.2,50,50,0,5,,NA,NA,NA,NA,NA,NA,NA
2019-0018,2020,EWM,ProcellaCOR,1,2020-10-02,2020-10-02,4.3,3.9,12.4031007751938,48.372093023255815,208,50,50,0,0,,40,40,NA,NA,NA,NA,NA
2019-0027,2020,CLP,Aquathol K,1,2020-05-06,2020-05-06,80.7,6.680916976456009,0.6000000000000001,4.008550185873606,323.49,55,58,2,8,NW,46,55,-3.3840110242499066,3.3840110242499053,4.785714285714286,315,NW
2019-0027,2021,CLP,Aquathol K,1,2021-05-11,2021-05-11,80.7,6.828996282527881,0.5999999999999999,4.0973977695167285,330.65999999999997,54,55,0,4,,34,50,0.35355339059327395,-1.7677669529663689,1.8027756377319948,168.69006752597977,SSE
2019-0039,2020,EWM,ProcellaCOR EC,1,2020-07-10,2020-07-10,3.1,4.9,11.481237656352864,56.25806451612903,174.4,83,83,0,5,W,81,81,-2.5,-4.592273826833915e-16,2.5,270,W
2019-0258,2020,CLP,Aquathol K,1,2020-05-26,2020-05-26,17.5,6,1.3000000000000003,7.8,136.5,60,60,3,3,NW,60,60,-2.121320343559643,2.121320343559642,2.9999999999999996,315,NW
2019-0258,2021,CLP,Aquathol K,1,2021-06-03,2021-06-03,13,7.892307692307692,1.2846003898635479,10.13846153846154,131.8,66,66,4,4,SW,72,72,-2.82842712474619,-2.8284271247461907,4,224.99999999999997,SW
2019-0258,2025,CLP,FlumigardSC,1,2025-05-22,2025-05-22,22.4,8,0.09709821428571429,0.7767857142857143,17.4,56,56,4,4,N,64,64,0,4,4,0,N
2019-0627,2020,EWM,ProcellaCOR EC,1,2020-10-08,2020-10-08,0.86,4.5,20.671834625322997,93.02325581395348,80,55,55,0,5,,42,42,NA,NA,NA,NA,NA
2019-0880,2020,CLP,Sonar A.S.,1,2020-04-14,2020-04-14,145,5,0.002758620689655172,0.013793103448275862,2,40,40,2,2,NW,27,27,-1.4142135623730954,1.4142135623730947,2,315,NW
2019-0880,2021,CLP,Sonar A.S.,1,2021-04-07,2021-04-07,145,5,0.002758620689655172,0.013793103448275862,2,60,60,2,2,NE,NA,NA,1.414213562373095,1.4142135623730951,2,45,NE
2019-1039,2021,CLP,Tribune,1,2021-05-26,2021-05-26,6,4,0.375,1.5,9,NA,NA,5,5,NNE,NA,NA,1.913417161825449,4.619397662556434,5,22.5,NNE
2019-1068,2025,CLP,FlumigardSC,1,2025-05-08,2025-05-08,5.8100000000000005,5.999999999999999,12.77969018932874,76.67814113597244,445.5,57,57,6,6,E,46,46,6,3.673819061467132e-16,6,90,E
2019-1137,2021,CLP,Tribune,1,2021-05-25,2021-05-25,14,7,0.5,3.5,49,NA,NA,12,15,WSW,78,78,-12.472373688902373,-5.166226336928708,13.499999999999998,247.5,WSW
2019-1303,2020,CLP,Aquathol K,1,2020-05-22,2020-05-22,3.54,4,0.7944915254237288,3.1779661016949152,11.25,NA,NA,5,5,SE,67,67,3.5355339059327378,-3.5355339059327373,5,135,SE
2019-1303,2021,CLP,Aquathol K,1,2021-05-26,2021-05-26,3.18,6,0.7914046121593291,4.748427672955975,15.100000000000001,NA,NA,6,6,N,66,66,0,6,6,0,N
2019-1328,2020,EWM,ProcellaCOR EC,1,2020-05-21,2020-05-21,8.32,7,5.06198489010989,35.433894230769226,294.81,63.5,63.5,7,7,SSE,61,61,2.678784026555629,-6.467156727579007,7,157.5,SSE
2019-1328,2020,EWM,Tribune,1,2020-05-21,2020-05-21,8.32,7,0.18509615384615383,1.2956730769230769,10.78,63.5,63.5,7,7,SSE,61,61,2.678784026555629,-6.467156727579007,7,157.5,SSE
2019-1460,2020,CLP,Aquathol K,1,2020-05-22,2020-05-22,3.11,4,0.7958199356913184,3.1832797427652735,9.9,NA,NA,2,5,SE,67,67,2.4748737341529163,-2.474873734152916,3.4999999999999996,135,SE
2019-1617,2020,CLP,Tribune,1,2020-05-15,2020-05-15,18.9,5,0.4,2,37.8,57.4,57.4,7,7,NNW,63,63,-2.678784026555627,6.467156727579008,7,337.5,NNW
2019-1617,2020,EWM,Kammo Plus,1,2020-07-10,2020-07-10,3.49,5.000000000000001,0.057306590257879646,0.28653295128939826,1,83,83,3,3,NW,80,80,-2.121320343559643,2.121320343559642,2.9999999999999996,315,NW
2019-1617,2020,EWM,ProcellaCOR EC,1,2020-07-10,2020-07-10,3.49,5.000000000000001,2.5358166189111744,12.679083094555873,44.25,83,83,3,3,NW,80,80,-2.121320343559643,2.121320343559642,2.9999999999999996,315,NW
2019-1617,2020,EWM,Tribune,1,2020-07-10,2020-07-10,3.49,5.000000000000001,0.4,2,6.98,83,83,3,3,NW,80,80,-2.121320343559643,2.121320343559642,2.9999999999999996,315,NW
2019-1617,2025,CLP,Tribune,1,2025-05-06,2025-05-06,45.9,6.5286,0.3063443923658978,2,91.8,55,55,0,5,NW,60,60,-1.7677669529663693,1.7677669529663684,2.5,315,NW
2019-1846,2021,CLP,Aquathol K,1,2021-05-26,2021-05-26,7.9,4,1.7721518987341771,7.0886075949367084,56,63,63,0,5,NW,50,50,-1.7677669529663693,1.7677669529663684,2.5,315,NW
2019-2135,2020,CLP,Aquathol K,1,2020-05-26,2020-05-26,4.7,7.4,1.2392179413456008,9.170212765957446,43.1,63,63,0,5,SSW,65,65,-0.956708580912723,-2.3096988312782174,2.5,202.49999999999994,SSW
2019-2135,2020,EWM,Aquathol K,1,2020-07-22,2020-07-22,8.3,6.9,9.889994761655316,68.24096385542168,566.4,75,75,0,5,N,65,65,0,2.5,2.5,0,N
2019-2394,2020,EWM,"2,4-D Amine",1,2020-08-04,2020-08-04,9.9,5,2.8404040404040405,14.2020202020202,140.6,76,77,2,5,W,63,69,-3.5,-6.429183357567481e-16,3.5,270,W
2019-2394,2021,EWM,Platoon,1,2021-08-13,2021-08-13,13.200000000000001,5.322727272727272,2.546399089097637,13.553787878787878,178.91,74,74,3,3,W,60,68,-3,-5.510728592200698e-16,3,270,W
2019-3016,2021,EWM,ProcellaCOR EC,1,2021-08-25,2021-08-25,3.08,6,3.0844155844155843,18.506493506493506,57,78,78,4,4,N,73,73,0,4,4,0,N
2019-3016,2021,EWM,Tribune,1,2021-08-25,2021-08-25,3.08,6,0.3246753246753247,1.948051948051948,6,78,78,4,4,N,73,73,0,4,4,0,N
2019-3248,2020,EWM,"2,4-D Amine",1,2020-08-10,2020-08-10,3.2,4.421875,2.839575971731449,12.556249999999999,40.18,75,75,5,5.6,W,70,70,-5.2,-9.551929559814543e-16,5.2,270,W
2019-3431,2020,CLP,Aquathol K,1,2020-05-15,2020-05-15,9,8.777777777777779,1.4835443037974685,13.022222222222222,117.2,54,55,0,2,,61,61,0,2,2,0,N
2020-0043,2020,CLP,Tribune,1,2020-05-13,2020-05-13,29.11,5.000000000000001,0.4,2,58.22,54.7,54.7,8,8,SE,50,50,5.656854249492381,-5.65685424949238,8,135,SE
2020-0043,2021,CLP,Tribune,1,2021-05-05,2021-05-05,26.2,8,0.25,2,52.4,56,56,5,10,N,50,50,0,7.5,7.5,0,N
2020-0108,2020,CLP,Aquathol K,1,2020-06-02,2020-06-02,18,6.495,NA,NA,0,65,65,17,17,ENE,88,88,15.705952052691874,6.505618350206527,17,67.5,ENE
2020-0139,2020,CLP,Aquathol K,1,2020-05-19,2020-05-19,22.05,7.517854875283446,0.8514876451344555,6.401360544217687,141.15,52,52,5,5,E,55,55,5,3.061515884555943e-16,5,90,E
2020-0139,2025,CLP,FlumigardSC,1,2025-05-14,2025-05-14,8.6,7.1000000000000005,0.1408450704225352,1,8.6,65,65,3,3,SE,62,62,2.121320343559643,-2.1213203435596424,3,135,SE
2020-0140,2020,CLP,Aquathol K,1,2020-05-18,2020-05-19,9.37,7.907470651013874,1.0000944758614174,7.908217716115262,74.1,53,55,7,7,SE,71,73,5.359797974644666,-3.9597979746446654,6.663890329905277,126.45684518510768,SE
2020-0140,2020,CLP,Aquathol Super K,1,2020-05-19,2020-05-19,3.8,6.95,4.543733434305188,31.578947368421055,120,55,55,7,7,SE,71,71,4.949747468305833,-4.949747468305832,6.999999999999999,135,SE
2020-0140,2021,CLP,Aquathol K,1,2021-05-19,2021-05-19,5.5,8.581818181818182,0.7309322033898304,6.2727272727272725,34.5,61,61,8,8,S,65,65,9.796850830579018e-16,-8,8,180,S
2020-0140,2025,CLP,FlumigardSC,1,2025-05-14,2025-05-14,3.6,7.0361111111111105,0.1460718515594157,1.027777777777778,3.7,67,67,3,3,SE,78,78,2.121320343559643,-2.1213203435596424,3,135,SE
2020-0141,2020,CLP,Aquathol K,1,2020-05-18,2020-05-18,10.81,7.2943755781683635,0.9999720997004521,7.294172062904717,78.85,53,53,7,7,NE,55,55,4.949747468305832,4.949747468305833,6.999999999999999,45,NE
2020-0141,2021,CLP,Aquathol K,1,2021-05-19,2021-05-19,7.7,6.950649350649351,0.7997010463378176,5.558441558441559,42.800000000000004,61,61,7,7,SE,68,68,4.949747468305833,-4.949747468305832,6.999999999999999,135,SE
2020-0141,2025,CLP,FlumigardSC,1,2025-05-14,2025-05-14,8.6,5.65,0.13788845441448858,0.7790697674418605,6.7,67,67,3,3,SE,65,65,2.121320343559643,-2.1213203435596424,3,135,SE
2020-0172,2020,CLP,Aquathol K,1,2020-05-15,2020-05-15,27.3,3.282051282051282,0.7037946428571429,2.3098901098901097,63.059999999999995,54,55,1,8,WNW,48,50,-4.80417356905869,1.989953848298468,5.2,292.5,WNW
2020-0172,2021,CLP,Aquathol K,1,2021-05-12,2021-05-12,23.509999999999998,3.374181199489579,0.7074514351986083,2.387069332199064,56.12,58.1,60.6,0,7,SW,59,65,-1.909188309203678,-1.9091883092036785,2.7,225,SW
2020-0177,2020,EWM,ProcellaCOR EC,1,2020-10-07,2020-10-07,36.4,4.179108635097493,4.27247883756582,17.857142857142858,650,57,57,4,4,S,44,44,4.898425415289509e-16,-4,4,180,S
2020-0177,2021,EWM,ProcellaCOR EC,1,2021-09-30,2021-09-30,0.54,5.9,7.231638418079095,42.666666666666664,23.04,64,64,0,5,SE,70,70,1.7677669529663689,-1.7677669529663687,2.5,135,SE
2020-0177,2021,EWM,Tribune,1,2021-09-30,2021-09-30,0.54,5.9,0.3389830508474576,2,1.08,64,64,0,5,SE,70,70,1.7677669529663689,-1.7677669529663687,2.5,135,SE
2020-0181,2020,CLP,Dibrox,1,2020-05-19,2020-05-19,23,4.5,0.2222222222222222,1,23,55,55,5,5,E,60,60,5,3.061515884555943e-16,5,90,E
2020-0181,2021,CLP,Dibrox,1,2021-05-10,2021-05-10,23,4.5,0.2222222222222222,1,23,59,59,3,5,NE,45,45,2.82842712474619,2.8284271247461903,4,45,NE
2020-0185,2020,CLP,Aquathol K,1,2020-05-21,2020-05-21,7,7.5,1.6114285714285712,12.085714285714285,84.6,60,60,7,8.5,ESE,63,65,7.237056338005079,-2.9976868868598694,7.833333333333333,112.5,ESE
2020-0185,2021,CLP,Aquathol K,1,2021-05-22,2021-05-22,28,8.196428571428571,0.6,4.917857142857143,137.7,66.8,70.4,3,10,S,79,82,1.7220754456429048,-6.15745789630079,6.393733774970863,164.37512240187573,SSE
2020-0191,2025,CLP,Diquat Herbicide,1,2025-05-09,2025-05-09,30,4,0.25,1,30,55,55,7,7,S,57,57,8.572244476756641e-16,-7,7,180,S
2020-0208,2020,EWM,"2,4-D Amine",1,2020-09-18,2020-09-18,10,6,2.8400000000000003,17.04,170.4,NA,NA,0,3,SSE,62,62,0.5740251485476349,-1.38581929876693,1.5,157.5,SSE
2020-0211,2020,EWM,Kammo Plus,1,2020-07-13,2020-07-13,21.29,5,0.009394081728511038,0.046970408642555195,1,83,83,5,4,S,80,80,5.510728592200698e-16,-4.5,4.5,180,S
2020-0211,2020,EWM,Tribune,1,2020-07-13,2020-07-13,21.29,5,0.4,2,42.58,83,83,5,4,S,80,80,5.510728592200698e-16,-4.5,4.5,180,S
2020-0211,2021,EWM,ProcellaCOR EC,1,2021-06-26,2021-06-26,1.4,5,3.802857142857143,19.014285714285716,26.62,79,79,2,2,SW,80,80,-1.414213562373095,-1.4142135623730954,2,224.99999999999997,SW
2020-0211,2021,EWM,Tribune,1,2021-06-26,2021-06-26,1.4,5,0.39999999999999997,2,2.8,79,79,2,2,SW,80,80,-1.414213562373095,-1.4142135623730954,2,224.99999999999997,SW
2020-0212,2020,CLP,Aquathol K,1,2020-05-27,2020-05-27,11.85,7.000000000000001,0.7999999999999999,5.6000000000000005,66.36,60,60,5,7,SE,68,68,4.242640687119286,-4.242640687119285,6,135,SE
2020-0903,2021,CLP,Tribune,1,2021-05-12,2021-05-12,40.64,12,0.16666666666666666,2,81.28,62,62,0,3,,63,63,NA,NA,NA,NA,NA
2020-0924,2025,CLP,FlumigardSC,1,2025-05-13,2025-05-13,2.7,5,0.2,1,2.7,70,70,8,8,SE,68,68,5.656854249492381,-5.65685424949238,8,135,SE
2020-1556,2021,EWM,Tribune,1,2021-05-13,2021-05-13,24.9,4,0.5,2,49.8,61,61,4,4,SSW,57,57,-1.530733729460357,-3.695518130045148,4,202.49999999999994,SSW
2020-1556,2025,EWM,Sonar A.S.,1,2025-04-16,2025-04-16,360,5,0.002638888888888889,0.013194444444444444,4.75,50,50,6,10,SW,41,41,-5.65685424949238,-5.6568542494923815,8,224.99999999999997,SW
2020-2645,2020,EWM,"2,4-D Amine",1,2020-08-20,2020-08-20,9.9,5.154545454545454,2.839898099157358,14.63838383838384,144.92000000000002,74,74,2,6,SE,73,73,2.032931995911324,-2.9079319959113237,3.548081311475938,145.04264580320205,SE
2020-2645,2021,EWM,Platoon,1,2021-08-09,2021-08-09,5.18,4,2.840250965250965,11.36100386100386,58.849999999999994,76.4,77.2,4,4,SE,81,83,2.8284271247461903,-2.82842712474619,4,135,SE
2020-3342,2021,CLP,Dibrox,1,2021-05-06,2021-05-06,15.6,5.352564102564103,0.37389221556886226,2.0012820512820513,31.22,56.9,59.6,3,7,NW,47,57,-2.8284271247461907,2.8284271247461894,4,315,NW
2020-3343,2021,CLP,Dibrox,1,2021-05-06,2021-05-06,4.59,5.211328976034859,0.3837792642140468,2,9.18,59.1,60.2,7,10,NW,59,59,-6.010407640085655,6.010407640085653,8.5,315,NW
2021-0100,2021,CLP,Aquathol K,1,2021-04-28,2021-04-28,9.6,6.800000000000001,0.6372549019607844,4.333333333333334,41.6,NA,NA,4,4,NW,NA,NA,-2.8284271247461907,2.8284271247461894,4,315,NW
2021-0100,2021,CLP,Tribune,1,2021-05-02,2021-05-02,6,6.8,0.25,1.7,10.2,NA,NA,0,0,,NA,NA,NA,NA,NA,NA,NA
2021-0311,2021,CLP,Aquathol K,1,2021-05-05,2021-05-05,8.4,5,0.5714285714285714,2.857142857142857,24,55.7,55.7,3,3,N,NA,NA,0,3,3,0,N
2021-0312,2021,CLP,Aquathol K,1,2021-05-05,2021-05-05,13,5,0.8307692307692308,4.153846153846154,54,56,56,2,2,N,51,51,0,2,2,0,N
2021-0371,2021,EWM,Captain,1,2021-07-22,2021-07-22,1.72,NA,NA,2.9069767441860463,5,NA,NA,6,6,SE,NA,NA,4.242640687119286,-4.242640687119285,6,135,SE
2021-0388,2021,CLP,Aquathol K,1,2021-05-11,2021-05-11,3.5,6.2,0.94930875576036855,5.885714285714286,20.6,51,51,1,1,N,45,45,0,1,1,0,N
2021-0413,2022,CLP,Tribune,1,2022-06-01,2022-06-01,65.26,5,0.4,2,130.52,66,68,0,2,W,55,55,-2,-3.673819061467132e-16,2,270,W
2021-0413,2023,CLP,Tribune,1,2023-05-31,2023-05-31,30.23,5.5,0.3088894235106607,1.698891829308634,51.3575,70.7,70.7,6,10,S,77,77,9.796850830579018e-16,-8,8,180,S
2021-0413,2025,CLP,FlumigardSC,1,2025-05-30,2025-05-30,29.06,5.5,0.09090909090909091,0.5,14.53,63.8,63.8,8,8,NW,65,65,-5.6568542494923815,5.656854249492379,8,315,NW
2021-0430,2021,CLP,Tribune,1,2021-05-14,2021-05-14,1.28,13,0.15384615384615385,2,2.56,63,63,NA,NA,,64,64,NA,NA,NA,NA,NA
2021-0437,2021,CLP,Diquat SPC 2 L,1,2021-05-19,2021-05-19,115,7.4,0.5,3.7,425.5,59,59,7,7,S,72,72,8.572244476756641e-16,-7,7,180,S
2021-0451,2021,CLP,Aquathol K,1,2021-05-28,2021-05-28,33.56,8.51793802145411,1.281072685421637,10.912097735399284,366.21,62,62,3,7,E,41,49,4.214285714285714,2.580420531268581e-16,4.214285714285714,90,E
2021-0460,2022,EWM,ProcellaCOR,1,2022-07-15,NA,10.4,2.5,4.184615384615384,10.461538461538462,108.8,78,78,0,5,NE,73,73,1.7677669529663687,1.7677669529663689,2.5,45,NE
2021-0460,2022,EWM,Tribune,1,2022-07-15,NA,10.4,2.5,0.5,1.25,13,78,78,0,5,NE,73,73,1.7677669529663687,1.7677669529663689,2.5,45,NE
2021-0465,2021,CLP,Tribune,1,2021-05-12,2021-05-12,12.3,17,0.11764705882352942,2,24.6,60,60,0,3,,63,63,NA,NA,NA,NA,NA
2021-0466,2021,CLP,Aquathol K,1,2021-05-13,2021-05-13,2,6,1.2833333333333334,7.7,15.4,65,65,0,5,SW,64,64,-1.7677669529663687,-1.7677669529663693,2.5000000000000004,224.99999999999997,SW
2021-0466,2021,CLP,Tribune,1,2021-05-13,2021-05-13,5.8,6,0.33333333333333337,2,11.6,65,65,0,5,SW,64,64,-1.7677669529663687,-1.7677669529663693,2.5000000000000004,224.99999999999997,SW
2021-0483,2021,CLP,Aquathol K,1,2021-04-28,2021-04-28,8,8.5,1.276470588235294,10.85,86.8,NA,NA,2,2,NW,NA,NA,-1.4142135623730954,1.4142135623730947,2,315,NW
2021-0484,2021,EWM,"2,4-D Amine",1,2021-06-22,2021-06-22,56.8,5.524647887323944,1.4,7.734507042253521,439.32,NA,NA,3,3,S,NA,NA,3.673819061467132e-16,-3,3,180,S
2021-1320,2021,EWM,"2,4-D Amine",1,2021-07-05,2021-07-05,27.8,3.1366906474820144,1.4,4.39136690647482,122.08,NA,NA,3,3,W,NA,NA,-3,-5.510728592200698e-16,3,270,W
2021-1772,2021,CLP,Tribune,1,2021-05-24,2021-05-24,18.26,5,0.39999999999999997,2,36.52,70,70,5,5,S,68,68,6.123031769111886e-16,-5,5,180,S
2021-1772,2025,CLP,Tribune,1,2025-05-13,2025-05-13,27,4,0.5,2,54,62,62,0,5,SE,61,61,1.7677669529663689,-1.7677669529663687,2.5,135,SE
2021-2453,2023,EWM,ProcellaCOR EC,1,2023-10-10,2023-10-10,1.8,15.2,9.35672514619883,142.22222222222223,256,58,58,0,5,NW,50,50,-1.7677669529663693,1.7677669529663684,2.5,315,NW
2021-2453,2025,EWM,ProcellaCOR EC,1,2025-09-17,2025-09-17,1.17,5.8,17.28558797524315,100.25641025641026,117.3,71,71,4,4,N,65,65,0,4,4,0,N
2022-0242,2022,CLP,Galleon SC,1,2022-06-10,2022-06-10,25,6.5,0.11076923076923077,0.72,18,61,63,8,11,W,NA,NA,-9.5,-1.7450640541968876e-15,9.5,270,W
2022-0338,2025,CLP,Diquat Herbicide,1,2025-05-25,2025-05-25,5.6,8.9,NA,NA,0,64,64,8,8,ESE,60,60,7.391036260090294,-3.061467458920718,8,112.5,ESE
2022-1832,2023,CLP,Semera,1,2023-05-26,2023-05-26,6.67,6.4,0.7730509745127436,4.94752623688156,33,67.9,67.9,12,12,SW,63,63,-8.48528137423857,-8.485281374238571,12,225,SW
2022-1832,2025,CLP,FlumigardSC,1,2025-05-08,2025-05-08,17.3,6.4,0.08437499999999999,0.54,9.342,63.8,63.8,9,9,E,57,57,9,5.510728592200698e-16,9,90,E
2022-1986,2025,EWM,Triclopyr 3,1,2025-08-11,2025-08-11,8.95,3.0000000000000004,1.39292364990689,4.17877094972067,37.4,NA,NA,6,6,SW,80,80,-4.242640687119285,-4.242640687119286,6,225,SW
2022-2614,2023,EWM,ProcellaCOR EC,1,2023-10-11,2023-10-11,0.5,5.5,13.963636363636363,76.8,38.4,58,58,0,5,NW,50,50,-1.7677669529663693,1.7677669529663684,2.5,315,NW
2022-2615,2023,EWM,ProcellaCOR EC,1,2023-10-10,2023-10-10,1.5,15,10.808888888888887,162.13333333333333,243.2,58,58,0,5,NW,50,50,-1.7677669529663693,1.7677669529663684,2.5,315,NW
2023-0301,2025,CLP,Flumigard,1,2025-05-22,2025-05-22,32.3,10.424148606811146,17,177.21052631578948,5723.9,55,55,0,0,N,60,70,0,0,0,0,N
2023-0468,2023,CLP,Aquathol K,1,2023-05-09,2023-05-09,74.4,7,0.45,3.15,234.36,NA,NA,10,10,SE,NA,NA,7.0710678118654755,-7.071067811865475,10,135,SE
2023-1190,2025,EWM,ProcellaCOR EC,1,2025-07-10,2025-07-10,0.5,3,6.666666666666667,20,10,77.64,77.64,3,3,S,79,79,3.673819061467132e-16,-3,3,180,S
2024-0112,2025,CLP,FlumigardSC,1,2025-04-29,2025-04-29,15.600000000000001,5.794871794871795,13.890265486725662,80.49230769230768,1255.6799999999998,57,57,2,6,NW,65,65,-2.357022603955159,2.3570226039551576,3.3333333333333335,315,NW
2024-0113,2025,CLP,FlumigardSC,1,2025-04-29,2025-04-29,28.3,6.879858657243815,13.200000000000001,90.81413427561837,2570.04,55,55,6,8,NW,65,65,-4.949747468305834,4.949747468305832,7,315,NW
2024-0169,2025,CLP,Galleon SC,1,2025-04-30,2025-04-30,4.2,4.5,0.012380952380952381,0.055714285714285716,0.234,56,56,6,10,S,67,67,9.796850830579018e-16,-8,8,180,S
2025-0025,2025,CLP,FlumigardSC,1,2025-05-07,2025-05-07,6.85,8.7,0.13759543585871298,1.1970802919708028,8.2,56,56,8,8,NE,61,61,5.65685424949238,5.656854249492381,8,45,NE
2025-0088,2025,CLP,FlumigardSC,1,2025-05-22,2025-05-22,8.4,5,0.13571428571428573,0.6785714285714286,5.7,57,57,3,3,W,62,62,-3,-5.510728592200698e-16,3,270,W
2025-0951,2025,SSW,Komeen Descend,1,2025-06-09,2025-06-09,3,10,3.3333333333333335,33.333333333333336,100,68,68,7,7,NW,55,55,-4.949747468305834,4.949747468305832,7,315,NW
2025-1273,2025,CLP,Tribune,1,2025-05-09,2025-05-09,5.09,9.87721021611002,0.20248632521133764,2,10.18,64,64,7,7,S,67,67,8.572244476756641e-16,-7,7,180,S
2025-1371,2025,CLP,Aquathol K,1,2025-05-02,2025-05-02,36.2,5.135359116022099,0.4499731038192577,2.310773480662983,83.64999999999999,NA,NA,7,10,N,NA,NA,0,9.25,9.25,0,N
2025-2868,2025,FR,Tribune,1,2025-08-26,2025-08-26,2,3,0.5,1.5,3,73,73,0,5,SW,61,61,-1.7677669529663687,-1.7677669529663693,2.5000000000000004,224.99999999999997,SW
