"","survey_id","DOW","SURVEY_START","lag0_before","lag0_after","lag1","lag2","lag3","lag4","lag5","lag6","lag7","lag8"
"1",28,"02005300",2018-07-09,0,0,1,0,0,0,0,0,0,0
"2",29,"02005300",2019-07-10,0,0,0,1,0,0,0,0,0,0
"3",30,"02005300",2019-08-19,0,0,0,1,0,0,0,0,0,0
"4",31,"02005300",2020-07-23,0,0,0,0,1,0,0,0,0,0
"5",32,"02005300",2020-08-24,0,0,0,0,1,0,0,0,0,0
"6",34,"02008400",2017-08-14,1,0,0,0,0,0,0,0,0,0
"7",35,"02008400",2018-08-14,1,0,1,0,0,0,0,0,0,0
"8",63,"10000200",2017-06-15,1,0,0,0,0,0,0,0,0,0
"9",64,"10000200",2017-09-06,1,0,0,0,0,0,0,0,0,0
"10",65,"10000200",2018-07-11,1,0,1,0,0,0,0,0,0,0
"11",66,"10000200",2018-08-22,1,0,1,0,0,0,0,0,0,0
"12",67,"10000200",2020-05-08,1,0,0,1,1,0,0,0,0,0
"13",68,"10000200",2020-07-02,1,0,0,1,1,0,0,0,0,0
"14",69,"10000200",2020-08-25,1,0,0,1,1,0,0,0,0,0
"15",70,"10000200",2022-06-21,1,0,1,1,0,1,1,0,0,0
"16",71,"10000200",2022-08-22,1,0,1,1,0,1,1,0,0,0
"17",72,"10000200",2023-05-18,1,0,1,1,1,0,1,1,0,0
"18",73,"10000200",2023-06-19,1,0,1,1,1,0,1,1,0,0
"19",74,"10000200",2023-08-22,1,0,1,1,1,0,1,1,0,0
"20",76,"10000900",2025-07-10,1,0,1,1,1,1,1,1,1,1
"21",82,"10001300",2017-05-04,1,0,0,0,0,0,0,0,0,0
"22",83,"10001300",2017-06-12,1,0,0,0,0,0,0,0,0,0
"23",84,"10001300",2018-06-21,1,0,1,0,0,0,0,0,0,0
"24",85,"10001300",2020-05-18,0,0,0,1,1,0,0,0,0,0
"25",86,"10001300",2020-06-18,0,0,0,1,1,0,0,0,0,0
"26",87,"10001300",2020-08-13,0,0,0,1,1,0,0,0,0,0
"27",88,"10001300",2022-06-28,1,0,1,0,0,1,1,0,0,0
"28",89,"10001300",2022-08-15,1,0,1,0,0,1,1,0,0,0
"29",90,"10001300",2023-05-15,0,1,1,1,0,0,1,1,0,0
"30",91,"10001300",2023-06-13,1,0,1,1,0,0,1,1,0,0
"31",92,"10001300",2023-08-16,1,0,1,1,0,0,1,1,0,0
"32",161,"13002700",2025-06-12,1,0,1,1,0,0,1,2,1,1
"33",162,"13002700",2025-08-04,1,0,1,1,0,0,1,2,1,1
"34",174,"13002700",2018-07-09,1,0,1,0,0,0,0,0,0,0
"35",175,"13002700",2023-08-01,1,0,0,0,1,2,1,1,0,0
"36",177,"13002800",2021-08-11,0,0,0,0,1,1,0,0,0,0
"37",179,"13003200",2025-06-09,1,0,1,1,0,0,1,2,1,1
"38",249,"18035200",2017-07-24,1,0,0,0,0,0,0,0,0,0
"39",306,"27002800",2017-04-23,0,1,0,0,0,0,0,0,0,0
"40",307,"27002800",2017-06-10,1,0,0,0,0,0,0,0,0,0
"41",308,"27002800",2018-05-13,0,1,1,0,0,0,0,0,0,0
"42",309,"27002800",2019-05-04,1,0,1,1,0,0,0,0,0,0
"43",310,"27002800",2020-04-18,0,1,1,1,1,0,0,0,0,0
"44",311,"27002800",2021-04-24,0,1,1,1,1,1,0,0,0,0
"45",312,"27002800",2022-05-07,1,0,1,1,1,1,1,0,0,0
"46",313,"27002800",2022-06-21,1,0,1,1,1,1,1,0,0,0
"47",314,"27002800",2022-08-09,1,0,1,1,1,1,1,0,0,0
"48",315,"27002800",2023-05-13,0,0,1,1,1,1,1,1,0,0
"49",316,"27002800",2023-06-26,0,0,1,1,1,1,1,1,0,0
"50",317,"27002800",2023-08-21,0,0,1,1,1,1,1,1,0,0
"51",318,"27002800",2024-06-12,1,0,0,1,1,1,1,1,1,0
"52",319,"27002800",2024-08-12,1,0,0,1,1,1,1,1,1,0
"53",320,"27002800",2025-06-10,1,0,1,0,1,1,1,1,1,1
"54",321,"27002800",2025-08-12,1,0,1,0,1,1,1,1,1,1
"55",333,"27003400",2018-05-23,0,0,1,0,0,0,0,0,0,0
"56",334,"27003400",2018-08-07,0,0,1,0,0,0,0,0,0,0
"57",335,"27003400",2020-06-10,0,0,1,0,1,0,0,0,0,0
"58",336,"27003400",2020-09-05,0,0,1,0,1,0,0,0,0,0
"59",337,"27003400",2021-07-22,1,0,0,1,0,1,0,0,0,0
"60",371,"27004400",2019-05-04,1,0,0,0,0,0,0,0,0,0
"61",372,"27004400",2020-04-25,0,1,1,0,0,0,0,0,0,0
"62",373,"27004400",2021-05-02,1,0,1,1,0,0,0,0,0,0
"63",374,"27004400",2022-05-15,1,0,1,1,1,0,0,0,0,0
"64",375,"27004400",2023-05-13,0,0,1,1,1,1,0,0,0,0
"65",376,"27004400",2024-04-05,0,1,0,1,1,1,1,0,0,0
"66",377,"27004400",2024-04-08,0,1,0,1,1,1,1,0,0,0
"67",378,"27004500",2017-04-23,0,1,0,0,0,0,0,0,0,0
"68",379,"27004500",2018-05-13,0,1,1,0,0,0,0,0,0,0
"69",380,"27004500",2019-05-04,1,0,1,1,0,0,0,0,0,0
"70",381,"27004500",2020-04-25,0,1,1,1,1,0,0,0,0,0
"71",382,"27004500",2021-05-02,1,0,1,1,1,1,0,0,0,0
"72",383,"27004500",2022-05-15,1,0,1,1,1,1,1,0,0,0
"73",384,"27004500",2023-05-13,0,1,1,1,1,1,1,1,0,0
"74",385,"27004500",2024-04-05,0,1,1,1,1,1,1,1,1,0
"75",390,"27004800",2022-04-08,1,0,1,1,1,0,1,0,0,0
"76",396,"27004800",2017-04-19,1,0,0,0,0,0,0,0,0,0
"77",397,"27004800",2017-05-22,1,0,0,0,0,0,0,0,0,0
"78",398,"27004800",2017-08-10,1,0,0,0,0,0,0,0,0,0
"79",399,"27004800",2018-05-18,0,0,1,0,0,0,0,0,0,0
"80",400,"27004800",2018-06-06,0,0,1,0,0,0,0,0,0,0
"81",401,"27004800",2018-08-10,0,0,1,0,0,0,0,0,0,0
"82",402,"27004800",2019-04-30,0,1,0,1,0,0,0,0,0,0
"83",403,"27004800",2019-06-11,1,0,0,1,0,0,0,0,0,0
"84",404,"27004800",2019-08-15,1,0,0,1,0,0,0,0,0,0
"85",405,"27004800",2020-04-17,0,1,1,0,1,0,0,0,0,0
"86",406,"27004800",2020-06-04,1,0,1,0,1,0,0,0,0,0
"87",407,"27005500",2018-05-13,0,1,0,0,0,0,0,0,0,0
"88",408,"27005500",2019-05-05,1,0,1,0,0,0,0,0,0,0
"89",410,"27005500",2021-05-02,0,0,2,1,1,0,0,0,0,0
"90",411,"27005500",2022-05-15,1,0,0,2,1,1,0,0,0,0
"91",412,"27005500",2023-05-13,0,0,1,0,2,1,1,0,0,0
"92",413,"27005500",2024-04-13,0,1,0,1,0,2,1,1,0,0
"93",417,"27005700",2023-06-19,1,0,0,0,0,0,0,0,0,0
"94",418,"27005700",2023-08-14,1,0,0,0,0,0,0,0,0,0
"95",419,"27005700",2024-06-24,0,0,1,0,0,0,0,0,0,0
"96",420,"27005700",2024-08-29,0,0,1,0,0,0,0,0,0,0
"97",457,"27007600",2018-07-06,1,0,1,0,0,0,0,0,0,0
"98",458,"27007600",2021-08-30,1,0,1,1,1,1,0,0,0,0
"99",462,"27007800",2017-06-20,1,0,0,0,0,0,0,0,0,0
"100",463,"27007800",2017-06-28,1,0,0,0,0,0,0,0,0,0
"101",464,"27007800",2017-08-08,1,0,0,0,0,0,0,0,0,0
"102",465,"27007800",2018-08-13,0,0,1,0,0,0,0,0,0,0
"103",466,"27007800",2019-06-03,0,0,0,1,0,0,0,0,0,0
"104",467,"27007800",2019-06-18,0,0,0,1,0,0,0,0,0,0
"105",468,"27007800",2019-08-12,0,0,0,1,0,0,0,0,0,0
"106",469,"27007800",2023-05-22,0,0,0,0,0,0,0,1,0,0
"107",470,"27007800",2023-06-14,0,0,0,0,0,0,0,1,0,0
"108",471,"27007800",2023-08-23,0,0,0,0,0,0,0,1,0,0
"109",478,"27009000",2024-06-12,1,0,0,0,0,0,0,0,0,0
"110",479,"27009000",2024-08-12,1,0,0,0,0,0,0,0,0,0
"111",480,"27009000",2025-06-10,1,0,1,0,0,0,0,0,0,0
"112",481,"27009000",2025-08-12,1,0,1,0,0,0,0,0,0,0
"113",488,"27009800",2018-05-12,1,0,1,1,0,0,0,0,0,0
"114",489,"27009800",2018-08-16,1,0,1,1,0,0,0,0,0,0
"115",490,"27009800",2019-07-29,1,0,1,1,1,0,0,0,0,0
"116",491,"27009800",2021-05-26,0,1,1,1,1,1,1,0,0,0
"117",492,"27009800",2021-08-17,1,0,1,1,1,1,1,0,0,0
"118",493,"27009800",2023-08-21,1,0,1,1,1,1,1,1,1,0
"119",511,"27010300",2022-06-21,0,0,0,1,2,1,1,0,0,0
"120",512,"27010300",2022-08-09,0,0,0,1,2,1,1,0,0,0
"121",513,"27010400",2022-04-29,0,1,1,1,1,1,1,0,0,0
"122",516,"27010400",2017-04-20,1,0,0,0,0,0,0,0,0,0
"123",517,"27010400",2017-06-02,1,0,0,0,0,0,0,0,0,0
"124",518,"27010400",2017-09-01,1,0,0,0,0,0,0,0,0,0
"125",519,"27010400",2018-05-15,1,0,1,0,0,0,0,0,0,0
"126",520,"27010400",2018-06-27,1,0,1,0,0,0,0,0,0,0
"127",521,"27010400",2018-08-31,1,0,1,0,0,0,0,0,0,0
"128",522,"27010400",2019-04-25,0,1,1,1,0,0,0,0,0,0
"129",523,"27010400",2019-06-19,1,0,1,1,0,0,0,0,0,0
"130",524,"27010400",2019-08-14,1,0,1,1,0,0,0,0,0,0
"131",525,"27010400",2020-06-11,1,0,1,1,1,0,0,0,0,0
"132",560,"27011900",2021-06-25,1,0,1,1,1,1,0,0,0,0
"133",563,"27012500",2018-06-28,1,0,1,0,0,0,0,0,0,0
"134",564,"27012500",2018-09-04,1,0,1,0,0,0,0,0,0,0
"135",565,"27012500",2019-06-25,1,0,1,1,0,0,0,0,0,0
"136",566,"27012500",2019-08-19,1,0,1,1,0,0,0,0,0,0
"137",567,"27012500",2020-06-03,1,0,1,1,1,0,0,0,0,0
"138",689,"27019100",2017-06-01,1,0,0,0,0,0,0,0,0,0
"139",690,"27019100",2017-08-25,1,0,0,0,0,0,0,0,0,0
"140",691,"27019100",2018-06-13,1,0,1,0,0,0,0,0,0,0
"141",692,"27019100",2018-08-20,1,0,1,0,0,0,0,0,0,0
"142",693,"27019100",2019-06-07,1,0,1,1,0,0,0,0,0,0
"143",694,"27019100",2019-09-06,1,0,1,1,0,0,0,0,0,0
"144",695,"27019100",2019-09-16,1,0,1,1,0,0,0,0,0,0
"145",696,"27019100",2020-06-10,1,0,1,1,1,0,0,0,0,0
"146",714,"27027500",2021-05-02,0,1,0,0,0,0,0,0,0,0
"147",715,"27027500",2023-05-13,0,0,0,1,0,0,0,0,0,0
"148",716,"27027500",2025-04-26,0,1,0,0,0,1,0,0,0,0
"149",729,"27066900",2019-05-05,1,0,0,0,0,0,0,0,0,0
"150",731,"27066900",2021-05-02,0,0,2,1,0,0,0,0,0,0
"151",732,"27066900",2022-05-15,1,0,0,2,1,0,0,0,0,0
"152",733,"27066900",2023-05-13,0,0,1,0,2,1,0,0,0,0
"153",734,"27066900",2024-04-08,0,1,0,1,0,2,1,0,0,0
"154",741,"27067700",2022-05-15,1,0,0,0,0,0,0,0,0,0
"155",742,"27067700",2023-05-13,0,0,1,0,0,0,0,0,0,0
"156",743,"27067700",2024-04-08,0,1,0,1,0,0,0,0,0,0
"157",995,"62000200",2019-08-22,1,0,1,1,0,0,0,0,0,0
"158",996,"62000200",2020-08-13,1,0,1,1,1,0,0,0,0,0
"159",997,"62000200",2021-09-13,1,0,1,1,1,1,0,0,0,0
"160",998,"62000200",2023-08-09,1,0,1,1,1,1,1,1,0,0
"161",999,"62000200",2022-08-09,1,1,1,1,1,1,1,0,0,0
"162",1002,"62000200",2018-06-20,1,0,1,0,0,0,0,0,0,0
"163",1003,"62000200",2019-07-17,1,0,1,1,0,0,0,0,0,0
"164",1004,"62000200",2020-07-09,1,0,1,1,1,0,0,0,0,0
"165",1006,"62000600",2024-06-27,1,0,1,1,1,1,0,0,0,0
"166",1007,"62000600",2024-07-24,1,0,1,1,1,1,0,0,0,0
"167",1008,"62000600",2024-08-20,1,0,1,1,1,1,0,0,0,0
"168",1009,"62000600",2024-09-11,1,0,1,1,1,1,0,0,0,0
"169",1010,"62000600",2025-06-23,1,0,1,1,1,1,1,0,0,0
"170",1011,"62000600",2025-08-25,1,0,1,1,1,1,1,0,0,0
"171",1061,"62005500",2024-06-14,1,0,2,0,1,1,2,2,2,0
"172",1062,"62005500",2024-07-09,1,0,2,0,1,1,2,2,2,0
"173",1063,"62005500",2024-08-06,1,0,2,0,1,1,2,2,2,0
"174",1064,"62005500",2025-06-02,1,0,1,2,0,1,1,2,2,2
"175",1065,"62005500",2025-07-02,1,0,1,2,0,1,1,2,2,2
"176",1066,"62005500",2025-08-04,1,0,1,2,0,1,1,2,2,2
"177",1112,"70002200",2022-04-11,0,1,1,1,1,0,0,0,0,0
"178",1119,"70002200",2019-04-26,0,1,0,0,0,0,0,0,0,0
"179",1120,"70002200",2019-06-14,1,0,0,0,0,0,0,0,0,0
"180",1121,"70002200",2019-09-03,1,0,0,0,0,0,0,0,0,0
"181",1122,"70002200",2020-06-05,1,0,1,0,0,0,0,0,0,0
"182",1124,"70007200",2019-07-29,1,0,0,0,0,0,0,0,0,0
"183",1125,"70007200",2020-07-20,1,0,1,0,0,0,0,0,0,0
"184",1126,"71001300",2017-06-12,1,0,0,0,0,0,0,0,0,0
"185",1127,"71001300",2017-07-26,1,0,0,0,0,0,0,0,0,0
"186",1129,"71001300",2018-06-10,1,0,1,0,0,0,0,0,0,0
"187",1130,"71001300",2018-07-21,1,0,1,0,0,0,0,0,0,0
"188",1131,"71001300",2019-05-18,1,0,1,1,0,0,0,0,0,0
"189",1132,"71001300",2019-07-25,1,0,1,1,0,0,0,0,0,0
"190",1133,"71001300",2020-05-20,1,0,1,1,1,0,0,0,0,0
"191",1134,"71001300",2020-07-21,1,0,1,1,1,0,0,0,0,0
"192",1135,"71001300",2021-05-15,0,0,1,1,1,1,0,0,0,0
"193",1136,"71001300",2021-06-13,0,0,1,1,1,1,0,0,0,0
"194",1137,"71001300",2021-07-22,0,0,1,1,1,1,0,0,0,0
"195",1138,"71001300",2022-05-21,0,1,0,1,1,1,1,0,0,0
"196",1139,"71001300",2022-07-19,1,1,0,1,1,1,1,0,0,0
"197",1140,"71001300",2023-05-20,0,1,1,0,1,1,1,1,0,0
"198",1141,"71001300",2023-07-21,1,0,1,0,1,1,1,1,0,0
"199",1142,"71001300",2024-07-19,1,0,1,1,0,1,1,1,1,0
"200",1143,"71001300",2025-07-14,1,0,1,1,1,0,1,1,1,1
"201",1152,"71014700",2018-08-10,1,0,1,0,0,0,0,0,0,0
"202",1153,"73001400",2017-07-28,1,0,0,0,0,0,0,0,0,0
"203",1154,"73001400",2018-07-16,1,0,1,0,0,0,0,0,0,0
"204",1163,"73008200",2020-07-31,1,0,0,0,1,0,0,0,0,0
"205",1164,"73008200",2022-06-21,0,0,0,1,0,0,1,0,0,0
"206",1165,"73008200",2023-09-12,0,0,0,0,1,0,0,1,0,0
"207",1166,"73008300",2020-07-31,1,0,0,0,0,0,0,0,0,0
"208",1169,"73008600",2020-07-15,1,0,0,0,0,0,0,0,0,0
"209",1170,"73008600",2022-06-21,1,0,1,1,0,0,0,0,0,0
"210",1171,"73008600",2023-09-12,1,0,1,1,1,0,0,0,0,0
"211",1172,"73008700",2020-07-15,1,0,0,0,0,0,0,0,0,0
"212",1175,"73008800",2020-07-15,1,0,0,0,0,0,0,0,0,0
"213",1176,"73008800",2022-06-21,1,0,1,1,0,0,0,0,0,0
"214",1177,"73008800",2023-09-12,0,0,1,1,1,0,0,0,0,0
"215",1178,"73008900",2020-08-04,1,0,0,0,0,0,0,0,0,0
"216",1179,"73008900",2022-06-21,0,0,1,1,0,0,0,0,0,0
"217",1183,"73013300",2020-08-22,0,0,0,0,1,0,0,0,0,0
"218",1184,"73013300",2022-06-21,1,0,1,0,0,0,1,0,0,0
"219",1185,"73013300",2022-09-28,1,0,1,0,0,0,1,0,0,0
"220",1188,"73013900",2020-07-30,1,0,0,0,1,0,0,0,0,0
"221",1196,"73015700",2020-08-15,1,0,0,0,1,0,0,0,0,0
"222",1197,"73015700",2022-06-21,1,0,1,1,0,0,1,0,0,0
"223",1198,"73015700",2022-09-28,1,0,1,1,0,0,1,0,0,0
"224",1199,"73015700",2023-08-07,0,0,1,1,1,0,0,1,0,0
"225",1263,"82010100",2024-06-18,1,0,0,0,0,0,0,0,0,0
"226",1264,"82010100",2025-06-19,1,0,1,0,0,0,0,0,0,0
"227",1281,"82010300",2025-06-19,1,0,0,0,0,0,0,0,0,0
"228",1349,"82016200",2023-04-25,0,1,1,1,1,1,0,0,0,0
"229",1386,"86002300",2017-08-15,1,0,0,0,0,0,0,0,0,0
"230",1387,"86002300",2022-06-15,1,0,1,1,1,1,1,0,0,0
"231",1398,"86023400",2018-07-12,1,0,1,0,0,0,0,0,0,0
"232",1400,"86028200",2017-07-28,1,0,0,0,0,0,0,0,0,0
"233",1401,"86028200",2018-07-17,1,0,1,0,0,0,0,0,0,0
