Lake.ID,Year,Lake.x,SURVEY_START,litt.ac,Trt,YrsTrt,APRMAYPcri,JUNPcri,DIFF.4.6,County,Lake.area.acre,Proportion.littoral,Max.depth,perc.lit.chem,Acres_Chem,Ice_off,secchi,secchi.e,phosphorus,phosphorus.e,native_rich_mean,native_vegetated,survey_native_rich,trt_acres_lag0,trt_date_lag0,lag0,lag1,lag2,lag3,lag4,lag5,lag6,lag7,lag8,nsamp,Snow.sc,Ice_off.sc,secchi.sc,secchi.e.sc,phosphorus.sc,phosphorus.e.sc,lake_year,cytrt,yutrt,obs,NativeFOO_x_Richness
2005300,2020,Ham,8/24/2020,190.45,0,1,NA,NA,NA,NA,190.45,0.8936,22,0,0,95.7804594,2.716038095,2.90448,0.0217,0.02175,2.518518519,0.854961832,18,NA,NA,0,0,0,1,0,0,0,0,0,135,0.408643459,-0.148936314,0.955946382,0.340575911,-0.242489491,-0.249556546,Ham2020,0,3,2,15.38931298
2005300,2020,Ham,7/23/2020,190.45,0,1,NA,NA,NA,NA,190.45,0.8936,22,0,0,95.7804594,2.716038095,2.90448,0.0217,0.02175,2.949152542,1,14,NA,NA,0,0,0,1,0,0,0,0,0,59,0.408643459,-0.148936314,0.955946382,0.340575911,-0.242489491,-0.249556546,Ham2020,0,3,1,14
2005300,2019,Ham,8/19/2019,190.45,0,1,NA,NA,NA,NA,190.45,0.8936,22,0,0,101.9364162,2.831578947,3.5375,0.0253,0.025,1.969465649,0.857142857,12,NA,NA,0,0,1,0,0,0,0,0,0,131,0.772761601,0.280097928,1.073780349,0.843360495,-0.242399151,-0.249397128,Ham2019,0,2,4,10.28571428
2005300,2019,Ham,7/10/2019,190.45,0,1,NA,NA,NA,NA,190.45,0.8936,22,0,0,101.9364162,2.831578947,3.5375,0.0253,0.025,1.761904762,0.857142857,12,NA,NA,0,0,1,0,0,0,0,0,0,126,0.772761601,0.280097928,1.073780349,0.843360495,-0.242399151,-0.249397128,Ham2019,0,2,3,10.28571428
2005300,2018,Ham,8/8/2018,190.45,0,1,NA,NA,NA,NA,190.45,0.8936,22,0,0,113.8032234,2.290909091,2.566666667,NA,NA,1.838028169,0.774647887,15,NA,NA,0,1,0,0,0,0,0,0,0,142,-0.319592826,1.107145095,0.522379933,0.072263162,NA,NA,Ham2018,0,1,6,11.61971831
2005300,2018,Ham,7/9/2018,190.45,0,1,NA,NA,NA,NA,190.45,0.8936,22,0,0,113.8032234,2.290909091,2.566666667,NA,NA,1.62406015,0.812030075,11,NA,NA,0,1,0,0,0,0,0,0,0,133,-0.319592826,1.107145095,0.522379933,0.072263162,NA,NA,Ham2018,0,1,5,8.932330825
2008400,2018,Crooked,8/14/2018,84.02,1,2,NA,NA,NA,NA,84.02,0.731,26,16.4246608,13.8,113.7171976,2.355555556,3.033333333,NA,NA,1.893333333,0.793333333,14,13.8,5/1/2018,1,1,0,0,0,0,0,0,0,150,-0.319592826,1.101149599,0.588309422,0.44291939,NA,NA,Crooked2018,2,0,8,11.10666666
2008400,2017,Crooked,8/14/2017,84.02,1,1,NA,NA,NA,NA,84.02,0.731,26,2.52320876,2.12,81.63437773,2.328571429,3.05,0.0271,0.02775,1.738255034,0.825503356,11,2.12,5/1/2017,1,0,0,0,0,0,0,0,0,149,-1.138858646,-1.134835603,0.560789747,0.456157113,-0.24235398,-0.249262235,Crooked2017,1,0,7,9.080536916
10000200,2023,Riley,8/22/2023,110.08,1,6,0.26,0.29,0.03,NA,110.08,0.3718,49,8.175872093,9,108.1268822,3.856521739,4.54,0.033291667,0.023833333,1.298245614,0.842105263,8,9,5/17/2023,1,1,1,1,0,1,1,0,0,171,1.774086492,0.71153726,2.119064965,1.639609502,-0.242198603,-0.249454355,Riley2023,4,0,12,6.736842105
10000200,2022,Riley,8/22/2022,110.08,1,5,NA,0.29,NA,NA,110.08,0.3718,49,15.17078488,16.7,107.9380451,3.995,4.066666667,0.02996,0.025777778,1.692307692,0.983516484,9,16.7,5/1/2022,1,1,1,0,1,1,0,0,0,182,-0.000989451,0.698376416,2.260291575,1.263658184,-0.24228221,-0.249358976,Riley2022,3,0,9,8.851648352
10000200,2020,Riley,8/25/2020,110.08,1,3,0.3,NA,NA,NA,110.08,0.3718,49,14.53488372,16,95.1242262,4.655555556,4.266666667,0.030703704,0.048444444,0.916666667,0.733333333,8,16,5/1/2020,1,0,1,1,0,0,0,0,0,180,0.408643459,-0.194671936,2.933957037,1.422510853,-0.242263547,-0.248247135,Riley2020,1,0,11,5.866666667
10000200,2020,Riley,7/2/2020,110.08,1,3,0.3,NA,NA,NA,110.08,0.3718,49,14.53488372,16,95.1242262,4.655555556,4.266666667,0.030703704,0.048444444,0.730769231,0.637362637,5,16,5/1/2020,1,0,1,1,0,0,0,0,0,182,0.408643459,-0.194671936,2.933957037,1.422510853,-0.242263547,-0.248247135,Riley2020,1,0,10,3.186813187
10000200,2018,Riley,8/22/2018,110.08,1,2,NA,NA,NA,NA,110.08,0.3718,49,14.26235465,15.7,113.1469902,2.2,4.555,NA,NA,1.144508671,0.74566474,7,15.7,5/1/2018,1,1,0,0,0,0,0,0,0,173,-0.319592826,1.061409473,0.429666588,1.651523452,NA,NA,Riley2018,2,0,15,5.219653179
10000200,2018,Riley,7/11/2018,110.08,1,2,NA,NA,NA,NA,110.08,0.3718,49,14.26235465,15.7,113.1469902,2.2,4.555,NA,NA,1.263157895,0.807017544,7,15.7,5/1/2018,1,1,0,0,0,0,0,0,0,171,-0.319592826,1.061409473,0.429666588,1.651523452,NA,NA,Riley2018,2,0,14,5.649122807
10000200,2017,Riley,9/6/2017,110.08,1,1,0.29,0.22,-0.07,NA,110.08,0.3718,49,18.16860465,20,81.06417037,3.330769231,4.808333333,0.05169697,0.031333333,1,0.765714286,6,20,5/1/2017,1,0,0,0,0,0,0,0,0,175,-1.138858646,-1.174575726,1.582877958,1.852736833,-0.241736729,-0.249086466,Riley2017,1,0,13,4.594285714
10000900,2025,Minnewashta,7/10/2025,337.89,1,9,NA,NA,NA,NA,337.89,0.5021,70,14.82731066,50.1,89.25334975,2.295555556,2.90375,NA,NA,2.6796875,0.890625,12,50.1,5/9/2025,1,1,1,1,1,1,1,1,1,128,-1.184373414,-0.603837743,0.527118615,0.339996098,NA,NA,Minnewashta2025,9,0,16,10.6875
10001300,2023,Susan,8/16/2023,71.99,1,5,0.23,0.12,-0.11,NA,71.99,0.815,17,7.431587721,5.35,107.2681759,1.01875,1.875,0.142583333,0.127714286,0.261538462,0.176923077,7,5.35,5/17/2023,1,1,1,0,0,1,1,0,0,130,1.774086492,0.651690445,-0.775027431,-0.477102321,-0.239455972,-0.244358804,Susan2023,3,0,18,1.238461538
10001300,2022,Susan,8/15/2022,71.99,1,4,NA,0.26,NA,NA,71.99,0.815,17,11.45992499,8.25,107.0793388,0.894444444,1.3,0.257444444,0.160111111,0.402597403,0.285714286,3,8.25,5/1/2022,1,1,0,0,1,1,0,0,0,77,-0.000989451,0.638529602,-0.901800054,-0.933803746,-0.236573578,-0.24276968,Susan2022,2,0,20,0.857142857
10001300,2020,Susan,8/13/2020,71.99,0,2,0.45,0.25,-0.2,NA,71.99,0.815,17,0,0,94.26551984,1.044444444,2.05,0.151692308,0.079666667,0.382352941,0.362745098,3,NA,NA,0,0,1,1,0,0,0,0,0,102,0.408643459,-0.254518755,-0.748823035,-0.338106235,-0.239227386,-0.246715627,Susan2020,0,2,19,1.088235294
10001300,2018,Susan,8/3/2018,71.99,1,2,NA,0.07,NA,NA,71.99,0.815,17,10.73760244,7.73,112.2882838,1.868,3.59,NA,NA,0.232876712,0.205479452,3,7.73,5/1/2018,1,1,0,0,0,0,0,0,0,146,-0.319592826,1.001562651,0.091077454,0.885059321,NA,NA,Susan2018,2,0,21,0.616438356
10001300,2017,Susan,8/1/2017,71.99,1,1,0.19,0.03,-0.16,NA,71.99,0.815,17,12.50173635,9,80.205464,1.699230769,2.725,0.117121212,0.047166667,0.404109589,0.301369863,6,9,5/1/2017,1,0,0,0,0,0,0,0,0,146,-1.138858646,-1.234422546,-0.081041304,0.198021525,-0.240094934,-0.248309812,Susan2017,1,0,17,1.808219178
10004100,2019,,9/13/2019,156.44,0,NA,NA,NA,NA,NA,NA,NA,NA,0,0,100.844969,3.404761905,3.9,NA,NA,1.448818898,0.929133858,12,0,NA,0,0,0,0,0,0,0,0,0,127,NA,NA,NA,NA,NA,NA,NA,0,NA,NA,NA
10004100,2019,,7/9/2019,156.44,0,NA,NA,NA,NA,NA,NA,NA,NA,0,0,100.844969,3.404761905,3.9,NA,NA,1.88976378,0.960629921,13,0,NA,0,0,0,0,0,0,0,0,0,127,NA,NA,NA,NA,NA,NA,NA,0,NA,NA,NA
10004100,2019,,7/9/2019,156.44,0,NA,NA,NA,NA,NA,NA,NA,NA,0,0,100.844969,3.404761905,3.9,NA,NA,1.88976378,0.960629921,13,0,NA,0,0,0,0,0,0,0,0,0,127,NA,NA,NA,NA,NA,NA,NA,0,NA,NA,NA
10004100,2018,,8/30/2018,156.44,0,NA,NA,NA,NA,NA,NA,NA,NA,0,0,112.7117762,3.349090909,4.26,NA,NA,1.222222222,0.936507937,4,0,NA,0,0,0,0,0,0,0,0,0,63,NA,NA,NA,NA,NA,NA,NA,0,NA,NA,NA
10004100,2018,,8/30/2018,156.44,0,NA,NA,NA,NA,NA,NA,NA,NA,0,0,112.7117762,3.349090909,4.26,NA,NA,1.222222222,0.936507937,4,0,NA,0,0,0,0,0,0,0,0,0,63,NA,NA,NA,NA,NA,NA,NA,0,NA,NA,NA
10004100,2018,,8/14/2018,156.44,0,NA,NA,NA,NA,NA,NA,NA,NA,0,0,112.7117762,3.349090909,4.26,NA,NA,1.464566929,0.921259843,11,0,NA,0,0,0,0,0,0,0,0,0,127,NA,NA,NA,NA,NA,NA,NA,0,NA,NA,NA
10004100,2018,,8/14/2018,156.44,0,NA,NA,NA,NA,NA,NA,NA,NA,0,0,112.7117762,3.349090909,4.26,NA,NA,1.464566929,0.921259843,11,0,NA,0,0,0,0,0,0,0,0,0,127,NA,NA,NA,NA,NA,NA,NA,0,NA,NA,NA
10004100,2017,,9/13/2017,156.44,0,NA,NA,NA,NA,NA,NA,NA,NA,0,0,80.62895635,3.616666667,4.816666667,NA,NA,1.656934307,0.912408759,13,0,NA,0,0,0,0,0,0,0,0,0,137,NA,NA,NA,NA,NA,NA,NA,0,NA,NA,NA
10004100,2016,,9/16/2016,156.44,0,NA,NA,NA,NA,NA,NA,NA,NA,0,0,77.93104344,3.46,4.45,NA,NA,1.594202899,0.942028986,12,0,NA,0,0,0,0,0,0,0,0,0,138,NA,NA,NA,NA,NA,NA,NA,0,NA,NA,NA
10004100,2015,,9/14/2015,156.44,0,NA,NA,NA,NA,NA,NA,NA,NA,0,0,88.27971818,3.353125,3.878571429,NA,NA,1.265306122,0.93877551,12,0,NA,0,0,0,0,0,0,0,0,0,196,NA,NA,NA,NA,NA,NA,NA,0,NA,NA,NA
13002700,2025,South Center,8/4/2025,544.51,1,7,NA,0.85,NA,NA,544.51,0.6548,105.3000031,1.287396007,7.01,92.76366302,1.965,3.22125,0.098769231,0.04925,0.516260163,0.317073171,10,7.01,5/14/2025,1,1,1,0,0,1,1,1,1,246,-1.184373414,-0.359189406,0.190002593,0.592174711,-0.240555469,-0.248207621,South Center2025,3,0,23,3.170731707
13002700,2023,South Center,8/1/2023,544.51,1,5,NA,NA,NA,NA,544.51,0.6548,105.3000031,4.929202402,26.84,112.3950646,1.792592593,2.627,0.059285714,0.027166667,1.003787879,0.681818182,10,26.84,5/23/2023,1,0,0,1,1,1,1,0,0,264,1.774086492,1.009004649,0.014173452,0.120183717,-0.241546293,-0.249290849,South Center2023,1,0,22,6.818181818
13002700,2018,South Center,7/9/2018,544.51,1,2,NA,NA,NA,NA,544.51,0.6548,105.3000031,1.46921085,8,117.4151726,2.496296296,4.122222222,0.143866667,0.158666667,1.015503876,0.607235142,15,8,5/1/2018,1,1,0,0,0,0,0,0,0,387,-0.319592826,1.358876863,0.731843414,1.307783925,-0.239423767,-0.242840532,South Center2018,2,0,24,9.108527132
13002800,2021,South Lindstrom,8/11/2021,261.42,0,2,NA,NA,NA,NA,261.42,0.4767,33.90000153,0,0,86.89431895,2.4,4,0.026,0.015,2.004081633,0.759183673,16,NA,NA,0,0,0,1,1,0,0,0,0,245,0.272099155,-0.768248414,0.633635946,1.210707294,-0.242381584,-0.249887646,South Lindstrom2021,0,3,25,12.14693878
18035200,2017,Ossawinnamakee,7/24/2017,259.43,1,1,NA,NA,NA,NA,259.43,0.3756,62.90000153,3.08368346,8,93.06765817,6.0128,5.918466667,0.0104,0.0105,3.446202532,0.965189873,24,8,5/1/2017,1,0,0,0,0,0,0,0,0,316,-1.138858646,-0.338002719,4.318138425,2.734475052,-0.24277306,-0.250108379,Ossawinnamakee2017,1,0,26,23.16455696
21007600,2022,,7/5/2022,240.38,1,NA,NA,NA,NA,NA,NA,NA,NA,68.22530993,164,117.5654041,4.726,6.37,NA,NA,1.718120805,0.718120805,13,164,5/1/2022,1,1,0,0,0,0,0,0,0,149,NA,NA,NA,NA,NA,NA,NA,2,0,NA,NA
21007600,2019,,8/16/2019,240.38,0,NA,NA,NA,NA,NA,NA,NA,NA,0,0,110.907542,3.6,4.35,NA,NA,3.052083333,0.947916667,13,0,NA,0,0,0,0,0,0,0,0,0,96,NA,NA,NA,NA,NA,NA,NA,0,NA,NA,NA
27002800,2025,NA,8/12/2025,52.63,1,8,NA,0.06,NA,NA,52.63,NA,6.5,NA,49.9,NA,0.685,0.9,NA,NA,0.24,0.16,4,49.9,4/30/2025,1,1,0,1,1,1,1,1,1,125,-1.184373414,NA,-1.115401297,-1.251509085,NA,NA,NA2025,2,0,30,0.64
27002800,2024,NA,8/12/2024,52.63,1,7,NA,0.32,NA,NA,52.63,NA,6.5,NA,49.9,NA,0.917,1.205,NA,NA,0.376,0.304,4,49.9,4/18/2024,1,0,1,1,1,1,1,1,0,125,-1.457462021,NA,-0.878796842,-1.009258764,NA,NA,NA2024,1,0,29,1.216
27002800,2023,NA,8/21/2023,52.63,0,6,0.05,0.54,0.49,NA,52.63,NA,6.5,0,0,NA,0.752,0.97,NA,NA,0.184,0.16,4,NA,NA,0,1,1,1,1,1,1,0,0,125,1.774086492,NA,-1.047071562,-1.195910651,NA,NA,NA2023,0,1,28,0.64
27002800,2022,NA,8/9/2022,52.63,1,6,0.12,0.04,-0.08,NA,52.63,NA,6.5,NA,4.6,NA,0.567,0.755,NA,NA,0.184,0.16,4,4.6,5/1/2022,1,1,1,1,1,1,0,0,0,125,-0.000989451,NA,-1.235743218,-1.36667727,NA,NA,NA2022,6,0,27,0.64
27003400,2021,Crystal,7/22/2021,53,1,3,NA,NA,NA,NA,53,0.6699,39,9.622641509,5.1,82.51598854,0.875833333,0.913333333,0.072307692,0.0675,0,0,0,5.1,5/10/2021,1,0,1,0,1,0,0,0,0,57,0.272099155,-1.073392477,-0.920780535,-1.240918907,-0.241219511,-0.247312425,Crystal2021,1,0,31,0
27003400,2020,Crystal,9/5/2020,53,0,2,NA,0.04,NA,NA,53,0.6699,39,0,0,93.97618935,1.470666667,2.016666667,0.100045455,0.1027,0,0,0,NA,NA,0,1,0,1,0,0,0,0,0,57,0.408643459,-0.274683401,-0.31414167,-0.364581679,-0.240523443,-0.2455858,Crystal2020,0,1,32,0
27003400,2018,Crystal,8/7/2018,53,0,1,0.02,NA,NA,NA,53,0.6699,39,0,0,111.9989534,0.6,1.975,NA,NA,0,0,0,NA,NA,0,1,0,0,0,0,0,0,0,49,-0.319592826,0.981398012,-1.202088274,-0.397675986,NA,NA,Crystal2018,0,1,33,0
27004800,2019,Hyland,8/15/2019,83.91,1,2,0.2,0.2,0,NA,83.91,0.995,11.5,22.64330831,19,NA,2.033333333,2.16,0.03175,0.03,0.821138211,0.536585366,5,19,5/1/2019,1,0,1,0,0,0,0,0,0,123,0.772761601,NA,0.259692123,-0.250737267,-0.24223729,-0.249151869,Hyland2019,1,0,34,2.682926829
27004800,2018,Hyland,8/10/2018,83.91,0,1,0.01,0.06,0.05,NA,83.91,0.995,11.5,0,0,NA,0.997272727,1.4,0.077272727,0.065,0.362903226,0.225806452,6,NA,NA,0,1,0,0,0,0,0,0,0,124,-0.319592826,NA,-0.796930959,-0.854377411,-0.241094916,-0.247435054,Hyland2018,0,1,36,1.35483871
27004800,2017,Hyland,8/10/2017,83.91,1,1,0.15,NA,NA,NA,83.91,0.995,11.5,37.06352044,31.1,NA,1.341666667,1.966666667,0.067666667,0.043166667,0.685483871,0.508064516,4,31.1,4/1/2017,1,0,0,0,0,0,0,0,0,124,-1.138858646,NA,-0.445701905,-0.404294847,-0.241335976,-0.248506019,Hyland2017,1,0,35,2.032258065
27005700,2024,NA,8/29/2024,11,0,1,NA,0.64,NA,NA,11,NA,NA,0,0,66.41218133,1.039285714,0.7,0.048,0.067,1.759259259,0.944444444,6,NA,NA,0,1,0,0,0,0,0,0,0,54,-1.457462021,-2.195733804,-0.754084149,-1.410361755,-0.241829503,-0.247336951,NA2024,0,1,37,5.666666667
27005700,2023,NA,8/14/2023,11,1,1,NA,0,NA,NA,11,NA,NA,NA,5.91,106.4627146,1,1.21,0.0555,NA,0.571428571,0.5,3,5.91,5/24/2023,1,0,0,0,0,0,0,0,0,56,1.774086492,0.595554496,-0.794149559,-1.005287447,-0.241641294,NA,NA2023,1,0,38,1.5
27007000,2017,,8/14/2017,110.62,1,NA,NA,NA,NA,NA,NA,NA,NA,8.587958778,9.5,79.74490327,1.86,2.566666667,NA,NA,0.745945946,0.6,7,9.5,5/1/2017,1,0,0,0,0,0,0,0,0,185,NA,NA,NA,NA,NA,NA,NA,1,0,NA,NA
27007000,2016,,8/10/2016,110.62,0,NA,NA,NA,NA,NA,NA,NA,NA,0,0,77.04699036,1.275,3.1,NA,NA,0.664864865,0.464864865,8,0,NA,0,0,0,0,0,0,0,0,0,185,NA,NA,NA,NA,NA,NA,NA,0,NA,NA,NA
27007000,2015,,8/25/2015,110.62,0,NA,NA,NA,NA,NA,NA,NA,NA,0,0,87.3956651,2.646153846,4.75,NA,NA,0.818681319,0.582417582,4,0,NA,0,0,0,0,0,0,0,0,0,182,NA,NA,NA,NA,NA,NA,NA,0,NA,NA,NA
27007000,2014,,8/8/2014,110.62,0,NA,NA,NA,NA,NA,NA,NA,NA,0,0,106.3571015,3.125,4.64,NA,NA,1.307692308,0.697802198,7,0,NA,0,0,0,0,0,0,0,0,0,182,NA,NA,NA,NA,NA,NA,NA,0,NA,NA,NA
27007000,2013,,8/20/2013,110.62,0,NA,NA,NA,NA,NA,NA,NA,NA,0,0,116.8551542,1.842857143,2.52,NA,NA,1.706666667,0.98,10,0,NA,0,0,0,0,0,0,0,0,0,150,NA,NA,NA,NA,NA,NA,NA,0,NA,NA,NA
27007600,2021,Red Rock,8/30/2021,96.61,1,5,NA,NA,NA,NA,96.61,0.9958,16,13.49756754,13.04,82.18729191,2.044,3.17,NA,NA,0.952054795,0.609589041,9,13.04,5/1/2021,1,1,1,1,1,0,0,0,0,146,0.272099155,-1.096300713,0.270570489,0.551468715,NA,NA,Red Rock2021,5,0,39,5.48630137
27007600,2018,Red Rock,7/6/2018,96.61,1,2,NA,NA,NA,NA,96.61,0.9958,16,13.45616396,13,111.6702567,1.978,3.8,NA,NA,1.206451613,0.84516129,10,13,5/1/2018,1,1,0,0,0,0,0,0,0,155,-0.319592826,0.958489771,0.203260601,1.051854624,NA,NA,Red Rock2018,2,0,40,8.451612903
27007800,2023,Staring,8/23/2023,156.22,0,1,0.16,0.2,0.04,NA,156.22,0.9505,16,0,0,NA,1.072222222,2.2,0.171888889,0.215166667,0.327683616,0.214689266,5,NA,NA,0,0,0,0,0,0,1,0,0,177,1.774086492,NA,-0.720493957,-0.218966733,-0.23872056,-0.240069104,Staring2023,0,6,42,1.073446328
27007800,2019,Staring,8/12/2019,156.22,0,1,NA,0.12,NA,NA,156.22,0.9505,16,0,0,NA,1.378,1.67,NA,NA,0.779761905,0.68452381,7,NA,NA,0,0,1,0,0,0,0,0,0,168,0.772761601,NA,-0.408647472,-0.639926307,NA,NA,Staring2019,0,2,44,4.791666667
27007800,2018,Staring,8/13/2018,156.22,0,1,NA,NA,NA,NA,156.22,0.9505,16,0,0,NA,1.102,1.585,NA,NA,0.593220339,0.548022599,3,NA,NA,0,1,0,0,0,0,0,0,0,177,-0.319592826,NA,-0.690125186,-0.707438692,NA,NA,Staring2018,0,1,43,1.644067797
27007800,2017,Staring,8/8/2017,156.22,1,1,NA,0.22,NA,NA,156.22,0.9505,16,25.60491614,40,NA,1.058333333,1.208333333,0.064227273,0.0593,0.578651685,0.426966292,3,40,5/1/2017,1,0,0,0,0,0,0,0,0,178,-1.138858646,NA,-0.734658496,-1.00661122,-0.241422286,-0.24771465,Staring2017,1,0,41,1.280898876
27009000,2025,Holiday,8/12/2025,8,1,2,NA,0.01,NA,NA,8,1,NA,52.5,4.2,NA,0.696,1.12,NA,NA,0.201923077,0.201923077,1,4.2,4/30/2025,1,1,0,0,0,0,0,0,0,104,-1.184373414,NA,-1.104182983,-1.076771148,NA,NA,Holiday2025,2,0,46,0.201923077
27009000,2024,Holiday,8/12/2024,8,1,1,NA,0,NA,NA,8,1,NA,52.5,4.2,NA,0.536,0.825,NA,NA,0.538461538,0.384615385,3,4.2,4/19/2024,1,0,0,0,0,0,0,0,0,104,-1.457462021,NA,-1.267358469,-1.311078836,NA,NA,Holiday2024,1,0,45,1.153846154
27009800,2023,Bass,8/21/2023,149.28,1,8,NA,0.02,NA,NA,149.28,0.8149,31,12.5,18.66,107.4217164,2.057222222,2.563636364,NA,NA,0.887640449,0.662921348,9,18.66,5/24/2023,1,1,1,1,1,1,1,1,0,89,1.774086492,0.662391321,0.28405513,0.069856303,NA,NA,Bass2023,8,0,51,5.966292135
27009800,2023,Bass,8/15/2023,149.28,1,8,NA,0.02,NA,NA,149.28,0.8149,31,12.5,18.66,107.4217164,2.057222222,2.563636364,NA,NA,0.92,0.56,6,18.66,5/24/2023,1,1,1,1,1,1,1,1,0,100,1.774086492,0.662391321,0.28405513,0.069856303,NA,NA,Bass2023,8,0,50,3.36
27009800,2021,Bass,8/17/2021,149.28,1,6,0.64,NA,NA,NA,149.28,0.8149,31,12.07127546,18.02,82.95885952,2.728554839,4.023093333,0.0295,0.037333333,0.916666667,0.572916667,8,18.02,6/1/2021,1,1,1,1,1,1,0,0,0,96,0.272099155,-1.042526956,0.968711544,1.229049482,-0.242293753,-0.248792155,Bass2021,6,0,48,4.583333333
27009800,2019,Bass,7/29/2019,149.28,1,4,NA,NA,NA,NA,149.28,0.8149,31,13.66559486,20.4,100.5750171,2.46,2.971428571,0.02835,0.024125,0.990384615,0.625,4,20.4,5/1/2019,1,1,1,1,0,0,0,0,0,104,0.772761601,0.18521636,0.694826753,0.393750707,-0.242322612,-0.249440048,Bass2019,4,0,47,2.5
27009800,2018,Bass,8/16/2018,149.28,1,3,0.5,NA,NA,NA,149.28,0.8149,31,8.239549839,12.3,112.4418243,1.343333333,2.19,0.161212121,0.0775,0.5,0.317307692,6,12.3,5/1/2018,1,1,1,0,0,0,0,0,0,104,-0.319592826,1.012263528,-0.444002161,-0.226909366,-0.23898849,-0.246821906,Bass2018,3,0,49,1.903846154
27010300,2022,NA,8/9/2022,NA,0,4,NA,0.25,NA,NA,NA,NA,6,0,0,105.4289821,0.692888889,0.9703,0.117833333,0.0785,0.865079365,0.571428571,7,NA,NA,0,0,1,1,1,1,0,0,0,126,-0.000989451,0.523509377,-1.107355839,-1.195672372,-0.240077063,-0.246772855,NA2022,0,2,52,4
27010400,2022,Medicine,9/7/2022,434.53,1,6,0.54,0.41,-0.13,NA,434.53,0.4674,47.59999847,27.50097807,119.5,109.4006227,3.175,3.9,185.7061111,85.26266667,2.175257732,0.917525773,13,119.5,5/16/2022,1,1,1,1,1,1,0,0,0,291,-0.000989451,0.800309535,1.424017208,1.131280959,4.41718737,3.931666955,Medicine2022,6,0,57,11.92783505
27010400,2022,Medicine,7/12/2022,434.53,1,6,0.54,0.41,-0.13,NA,434.53,0.4674,47.59999847,27.50097807,119.5,109.4006227,3.175,3.9,185.7061111,85.26266667,1.935185185,0.907407407,10,119.5,5/16/2022,1,1,1,1,1,1,0,0,0,108,-0.000989451,0.800309535,1.424017208,1.131280959,4.41718737,3.931666955,Medicine2022,6,0,56,9.074074074
27010400,2019,Medicine,8/14/2019,434.53,1,3,0.26,0.5,0.24,NA,434.53,0.4674,47.59999847,11.40772789,49.57,102.7427606,1.738709677,2.561538462,0.14809434,0.056826087,2.005494505,0.769230769,12,49.57,5/1/2019,1,1,1,0,0,0,0,0,0,182,0.772761601,0.336295424,-0.040778867,0.068190017,-0.239317675,-0.247836,Medicine2019,3,0,53,9.230769231
27010400,2018,Medicine,8/31/2018,434.53,1,2,0.29,0.14,-0.15,NA,434.53,0.4674,47.59999847,8.238786735,35.8,114.6095678,1.805833333,2.88,0.218181818,0.0625,1.699453552,0.74863388,12,35.8,5/1/2018,1,1,0,0,0,0,0,0,0,183,-0.319592826,1.163342591,0.027676978,0.321132344,-0.237558858,-0.247557684,Medicine2018,2,0,55,8.983606557
27010400,2017,Medicine,9/1/2017,434.53,1,1,0.43,0.46,0.03,NA,434.53,0.4674,47.59999847,10.35601685,45,82.52674794,2.193333333,3.414285714,0.14925,0.051833333,1.336956522,0.722826087,14,45,4/1/2017,1,0,0,0,0,0,0,0,0,184,-1.138858646,-1.07264261,0.422867609,0.745495904,-0.239288674,-0.248080904,Medicine2017,1,0,54,10.11956522
27012500,2019,Diamond,8/19/2019,405.02,1,3,NA,0.36,NA,NA,405.02,0.9992,8,99.99506197,405,NA,1.325,2.04,0.11675,0.037,0.238095238,0.152380952,4,405,5/1/2019,1,1,1,0,0,0,0,0,0,105,0.772761601,NA,-0.462699352,-0.346048868,-0.240104249,-0.248808506,Diamond2019,3,0,58,0.60952381
27012500,2018,Diamond,9/4/2018,405.02,1,2,NA,0.11,NA,NA,405.02,0.9992,8,14.81408326,60,NA,0.750909091,1.1825,0.134545455,0.07,0.371428571,0.257142857,3,60,5/1/2018,1,1,0,0,0,0,0,0,0,105,-0.319592826,NA,-1.048184122,-1.027129689,-0.239657679,-0.247189795,Diamond2018,2,0,59,0.771428571
27019100,2019,Sarah,9/16/2019,373,1,3,NA,0.15,NA,NA,373,0.6694,59,29.1152815,108.6,103.1243344,1,1.8,0.09,0.06,0.72972973,0.567567568,6,108.6,5/1/2019,1,1,1,0,0,0,0,0,0,74,0.772761601,0.36288889,-0.794149559,-0.536672072,-0.24077553,-0.247680314,Sarah2019,3,0,63,3.405405405
27019100,2019,Sarah,9/6/2019,373,1,3,NA,0.15,NA,NA,373,0.6694,59,29.1152815,108.6,103.1243344,1,1.8,0.09,0.06,0.730434783,0.530434783,10,108.6,5/1/2019,1,1,1,0,0,0,0,0,0,115,0.772761601,0.36288889,-0.794149559,-0.536672072,-0.24077553,-0.247680314,Sarah2019,3,0,62,5.304347826
27019100,2018,Sarah,8/20/2018,373,1,2,NA,0.04,NA,NA,373,0.6694,59,30.69705094,114.5,114.9911416,1.25,4,0.12,0.2,1.048913043,0.673913043,10,114.5,5/1/2018,1,1,0,0,0,0,0,0,0,184,-0.319592826,1.189936057,-0.539187861,1.210707294,-0.240022692,-0.240813056,Sarah2018,2,0,61,6.739130435
27019100,2017,Sarah,8/25/2017,373,1,1,NA,0.15,NA,NA,373,0.6694,59,69.70509383,260,82.90832173,1,3,0.1,0.1,1.064864865,0.654054054,10,260,5/1/2017,1,0,0,0,0,0,0,0,0,185,-1.138858646,-1.046049145,-0.794149559,0.416443946,-0.240524584,-0.24571824,Sarah2017,1,0,60,6.540540541
29025000,2014,,8/7/2014,427.62,0,NA,NA,NA,NA,NA,NA,NA,NA,0,0,120.2262044,2.593103448,2.06,NA,NA,1.632786885,0.750819672,14,0,NA,0,0,0,0,0,0,0,0,0,305,NA,NA,NA,NA,NA,NA,NA,0,NA,NA,NA
40000200,2014,Upper Sakatah,7/7/2014,899.57,0,NA,NA,NA,NA,NA,NA,NA,NA,0,0,104.3142269,NA,NA,NA,NA,1.821917808,0.808219178,5,0,NA,0,0,0,0,0,0,0,0,0,73,NA,NA,NA,NA,NA,NA,NA,0,NA,NA,NA
40000200,2014,Upper Sakatah,7/7/2014,899.57,0,NA,NA,NA,NA,NA,NA,NA,NA,0,0,104.3142269,NA,NA,NA,NA,0.147727273,0.119318182,4,0,NA,0,0,0,0,0,0,0,0,0,176,NA,NA,NA,NA,NA,NA,NA,0,NA,NA,NA
41004300,2016,Dead Coon,8/8/2016,2649.41,0,NA,NA,NA,NA,NA,NA,NA,NA,0,0,73.19877346,NA,NA,NA,NA,0.003802281,0.003802281,1,0,NA,0,0,0,0,0,0,0,0,0,263,NA,NA,NA,NA,NA,NA,NA,0,NA,NA,NA
41004300,2015,Dead Coon,8/12/2015,2649.41,0,NA,NA,NA,NA,NA,NA,NA,NA,0,0,83.5474482,NA,NA,NA,NA,0.007604563,0.007604563,1,0,NA,0,0,0,0,0,0,0,0,0,263,NA,NA,NA,NA,NA,NA,NA,0,NA,NA,NA
41004300,2014,Dead Coon,8/18/2014,2649.41,0,NA,NA,NA,NA,NA,NA,NA,NA,0,0,102.5088846,NA,NA,NA,NA,0.003831418,0.003831418,1,0,NA,0,0,0,0,0,0,0,0,0,261,NA,NA,NA,NA,NA,NA,NA,0,NA,NA,NA
41004300,2012,Dead Coon,8/13/2012,2649.41,0,NA,NA,NA,NA,NA,NA,NA,NA,0,0,68.31084135,NA,NA,NA,NA,0.001919386,0.001919386,1,0,NA,0,0,0,0,0,0,0,0,0,521,NA,NA,NA,NA,NA,NA,NA,0,NA,NA,NA
62000200,2023,Bald Eagle,8/9/2023,589.06,1,7,NA,NA,NA,NA,589.06,0.5613,37,11.70169422,68.93,110.5145214,1.932772727,2.414886957,0.0362,0.02485,1.958083832,0.622754491,17,68.93,5/16/2023,1,1,1,1,1,1,1,0,0,167,1.774086492,0.87794177,0.157135712,-0.048289899,-0.242125619,-0.249404486,Bald Eagle2023,7,0,66,10.58682635
62000200,2022,Bald Eagle,8/9/2022,589.06,1,7,NA,NA,NA,NA,589.06,0.5613,37,4.493599973,26.47,110.3256843,1.925245714,2.5153,0.041098765,0.025516129,1.979166667,0.6875,16,26.47,5/1/2022,1,1,1,1,1,1,0,0,0,144,-0.000989451,0.864780926,0.149459312,0.031464501,-0.242002687,-0.249371811,Bald Eagle2022,6,0,71,11
62000200,2021,Bald Eagle,9/13/2021,589.06,1,5,NA,NA,NA,NA,589.06,0.5613,37,14.75061963,86.89,86.05166454,2.404576471,3.558657143,0.038479452,0.020137931,1.608433735,0.572289157,14,86.89,5/1/2021,1,1,1,1,1,0,0,0,0,166,0.272099155,-0.826976506,0.638303245,0.860164838,-0.242068418,-0.249635621,Bald Eagle2021,5,0,69,8.012048193
62000200,2020,Bald Eagle,8/13/2020,589.06,1,4,NA,NA,NA,NA,589.06,0.5613,37,12.32472074,72.6,97.51186535,2.56064,3.993169231,0.032318841,0.020888889,1.682352941,0.652941176,14,72.6,5/4/2020,1,1,1,1,0,0,0,0,0,170,0.408643459,-0.02826743,0.797464134,1.205281864,-0.242223016,-0.249598785,Bald Eagle2020,4,0,64,9.141176471
62000200,2020,Bald Eagle,7/9/2020,589.06,1,4,NA,NA,NA,NA,589.06,0.5613,37,12.32472074,72.6,97.51186535,2.56064,3.993169231,0.032318841,0.020888889,2.388535032,0.859872611,16,72.6,5/4/2020,1,1,1,1,0,0,0,0,0,157,0.408643459,-0.02826743,0.797464134,1.205281864,-0.242223016,-0.249598785,Bald Eagle2020,4,0,65,13.75796178
62000200,2019,Bald Eagle,8/22/2019,589.06,1,3,NA,NA,NA,NA,589.06,0.5613,37,11.68302041,68.82,103.6678221,2.341935484,3.654545455,0.038157143,0.026433333,1.488235294,0.558823529,16,68.82,5/1/2019,1,1,1,0,0,0,0,0,0,170,0.772761601,0.400766809,0.574419036,0.93632541,-0.242076506,-0.24932682,Bald Eagle2019,3,0,67,8.941176471
62000200,2019,Bald Eagle,7/17/2019,589.06,1,3,NA,NA,NA,NA,589.06,0.5613,37,11.68302041,68.82,103.6678221,2.341935484,3.654545455,0.038157143,0.026433333,1.4875,0.7,13,68.82,5/1/2019,1,1,1,0,0,0,0,0,0,160,0.772761601,0.400766809,0.574419036,0.93632541,-0.242076506,-0.24932682,Bald Eagle2019,3,0,68,9.1
62000200,2018,Bald Eagle,8/22/2018,589.06,1,2,NA,0.38,NA,NA,589.06,0.5613,37,3.327335076,19.6,115.5346293,2.209090909,3.175,0.038867647,0.02275,1.424418605,0.703488372,14,19.6,5/1/2018,1,1,0,0,0,0,0,0,0,172,-0.319592826,1.227813976,0.438937923,0.555440032,-0.242058676,-0.249507494,Bald Eagle2018,2,0,70,9.848837209
62000600,2025,Kohlman,8/25/2025,82.9,1,6,NA,0.27,NA,NA,82.9,1,11.60000038,18.79372738,15.58,87.50826959,1.179166667,1.2625,0.059512821,0.056933333,1.221238938,0.663716814,7,15.58,4/30/2025,1,1,1,1,1,1,0,0,0,113,-1.184373414,-0.72545964,-0.611427009,-0.963588621,-0.241540593,-0.247830739,Kohlman2025,6,0,72,4.646017699
62000600,2024,Kohlman,9/11/2024,82.9,1,5,NA,0.29,NA,NA,82.9,1,11.60000038,14.95778046,12.4,67.08913793,1.069,1.2,0.10056,0.106727273,1.026548673,0.628318584,7,12.4,4/30/2024,1,1,1,1,1,0,0,0,0,113,-1.457462021,-2.148553882,-0.72378013,-1.013230081,-0.240510531,-0.245388255,Kohlman2024,5,0,75,4.398230088
62000600,2024,Kohlman,8/20/2024,82.9,1,5,NA,0.29,NA,NA,82.9,1,11.60000038,14.95778046,12.4,67.08913793,1.069,1.2,0.10056,0.106727273,1.464285714,0.642857143,10,12.4,4/30/2024,1,1,1,1,1,0,0,0,0,112,-1.457462021,-2.148553882,-0.72378013,-1.013230081,-0.240510531,-0.245388255,Kohlman2024,5,0,74,6.428571429
62000600,2024,Kohlman,7/24/2024,82.9,1,5,NA,0.29,NA,NA,82.9,1,11.60000038,14.95778046,12.4,67.08913793,1.069,1.2,0.10056,0.106727273,1.504424779,0.725663717,9,12.4,4/30/2024,1,1,1,1,1,0,0,0,0,113,-1.457462021,-2.148553882,-0.72378013,-1.013230081,-0.240510531,-0.245388255,Kohlman2024,5,0,73,6.530973451
62005500,2025,Como,8/4/2025,65.65,1,8,NA,0.25,NA,NA,65.65,0.9775,16,108.6062452,71.3,87.02247726,1.17,1.55,0.144325,0.079875,0.183333333,0.183333333,1,71.3,4/15/2025,1,1,1,0,1,1,1,1,1,60,-1.184373414,-0.759316529,-0.620775605,-0.735237909,-0.239412265,-0.246705408,Como2025,3,0,79,0.183333333
62005500,2025,Como,7/2/2025,65.65,1,8,NA,0.25,NA,NA,65.65,0.9775,16,108.6062452,71.3,87.02247726,1.17,1.55,0.144325,0.079875,0.666666667,0.616666667,4,71.3,4/15/2025,1,1,1,0,1,1,1,1,1,60,-1.184373414,-0.759316529,-0.620775605,-0.735237909,-0.239412265,-0.246705408,Como2025,3,0,78,2.466666667
62005500,2024,Como,8/6/2024,65.65,1,7,NA,0.55,NA,NA,65.65,0.9775,16,108.6062452,71.3,66.6033456,1.16482,1.370181818,0.108592593,0.078155556,0.616666667,0.5,6,71.3,4/4/2024,1,1,0,1,1,1,1,1,0,60,-1.457462021,-2.182410771,-0.626058411,-0.8780609,-0.240308956,-0.24678975,Como2024,2,0,77,3
62005500,2024,Como,7/9/2024,65.65,1,7,NA,0.55,NA,NA,65.65,0.9775,16,108.6062452,71.3,66.6033456,1.16482,1.370181818,0.108592593,0.078155556,0.783333333,0.7,4,71.3,4/4/2024,1,1,0,1,1,1,1,1,0,60,-1.457462021,-2.182410771,-0.626058411,-0.8780609,-0.240308956,-0.24678975,Como2024,2,0,76,2.8
66003800,2020,,7/29/2020,379.03,1,NA,NA,NA,NA,NA,NA,NA,NA,0.897026621,3.4,91.75185051,0.892,1.56,NA,NA,0.447368421,0.236842105,9,3.4,5/1/2020,1,1,1,1,0,0,0,0,0,190,NA,NA,NA,NA,NA,NA,NA,4,0,NA,NA
70002200,2022,Cleary,8/4/2022,144.74,1,4,0.48,0.07,-0.41,NA,144.74,0.9902,9,100.1796324,145,105.9724506,0.8,1.28,171.2333333,98.046,1.245283019,0.767295597,5,145,4/20/2022,1,1,1,1,0,0,0,0,0,159,-0.000989451,0.561385958,-0.998118916,-0.949689013,4.053998735,4.55871293,Cleary2022,4,0,81,3.836477987
70002200,2019,Cleary,9/3/2019,144.74,1,1,0.81,0.84,0.03,NA,144.74,0.9902,9,100.1796324,145,99.31458848,1.625,2.08,0.08225,0.0586,1.018292683,0.841463415,6,145,5/1/2019,1,0,0,0,0,0,0,0,0,164,0.772761601,0.097371845,-0.156745316,-0.314278334,-0.240970013,-0.247748986,Cleary2019,1,0,80,5.048780488
70005000,2018,,7/12/2018,162.26,1,NA,NA,NA,NA,NA,NA,NA,NA,10.16886478,16.5,110.5382991,1.705,3.65,NA,NA,0.848684211,0.447368421,8,16.5,5/1/2018,1,1,0,0,1,0,0,0,0,152,NA,NA,NA,NA,NA,NA,NA,2,0,NA,NA
70005000,2013,,9/23/2013,162.26,0,NA,NA,NA,NA,NA,NA,NA,NA,0,0,115.5657301,1.7875,3,NA,NA,0.725,0.425,3,0,NA,0,0,0,0,0,0,0,0,0,40,NA,NA,NA,NA,NA,NA,NA,0,NA,NA,NA
70007200,2020,Upper Prior,7/20/2020,310.51,1,2,NA,NA,NA,NA,310.51,0.8132,40.29999924,5.700299507,17.7,95.2791782,1.901111111,2.6935,NA,NA,0.430232558,0.325581395,5,17.7,5/1/2020,1,1,0,0,0,0,0,0,0,86,0.408643459,-0.183872687,0.124845714,0.17300223,NA,NA,Upper Prior2020,2,0,83,1.627906977
70007200,2019,Upper Prior,7/29/2019,310.51,1,1,NA,NA,NA,NA,310.51,0.8132,40.29999924,4.605326721,14.3,101.435135,0.961111111,1.05,0.223305556,0.13,0.328947368,0.276315789,3,14.3,5/1/2019,1,0,0,0,0,0,0,0,0,76,0.772761601,0.245161555,-0.833810267,-1.132369583,-0.23743028,-0.244246685,Upper Prior2019,1,0,82,0.828947368
70009100,2018,,7/11/2018,792.5,1,NA,NA,NA,NA,NA,NA,NA,NA,49.96845426,396,110.8357164,0.8,2.715,NA,NA,0.302083333,0.197916667,8,396,5/1/2018,1,1,1,0,0,0,0,0,0,192,NA,NA,NA,NA,NA,NA,NA,3,0,NA,NA
70009100,2016,Cedar,8/8/2016,792.5,1,NA,NA,NA,NA,NA,NA,NA,NA,1.062460568,8.42,76.05498368,NA,NA,NA,NA,0.54973822,0.256544503,6,8.42,5/1/2016,1,0,0,0,0,0,0,0,0,191,NA,NA,NA,NA,NA,NA,NA,1,0,NA,NA
70009100,2015,Cedar,8/13/2015,792.5,0,NA,NA,NA,NA,NA,NA,NA,NA,0,0,86.40365842,NA,NA,NA,NA,0.459183673,0.214285714,6,0,NA,0,0,0,0,0,0,0,0,0,196,NA,NA,NA,NA,NA,NA,NA,0,NA,NA,NA
70009100,2014,,7/31/2014,792.5,0,NA,NA,NA,NA,NA,NA,NA,NA,0,0,105.3650949,1.063157895,1.8,NA,NA,0.413265306,0.25,6,0,NA,0,0,0,0,0,0,0,0,0,196,NA,NA,NA,NA,NA,NA,NA,0,NA,NA,NA
70009100,2013,,7/29/2013,792.5,0,NA,NA,NA,NA,NA,NA,NA,NA,0,0,115.8631475,1.1,1.49,NA,NA,0.435897436,0.241025641,6,0,NA,0,0,0,0,0,0,0,0,0,195,NA,NA,NA,NA,NA,NA,NA,0,NA,NA,NA
70009100,2012,,9/4/2012,792.5,0,NA,NA,NA,NA,NA,NA,NA,NA,0,0,71.16705157,0.826666667,1.2125,NA,NA,0.262135922,0.116504854,6,0,NA,0,0,0,0,0,0,0,0,0,103,NA,NA,NA,NA,NA,NA,NA,0,NA,NA,NA
71001300,2025,Orono,7/14/2025,246.64,1,8,NA,NA,NA,NA,246.64,0.9907,17,12.56892637,31,89.69145951,1.065,1.975,NA,NA,0.588235294,0.362745098,8,31,5/14/2025,1,1,1,1,0,1,1,1,1,204,-1.184373414,-0.573304051,-0.727859517,-0.397675986,NA,NA,Orono2025,4,0,92,2.901960784
71001300,2024,Orono,7/19/2024,246.64,1,7,NA,NA,NA,NA,246.64,0.9907,17,12.51621797,30.87,69.27232785,0.979714286,0.8636,NA,NA,0.710784314,0.406862745,9,30.87,4/24/2024,1,1,1,0,1,1,1,1,0,204,-1.457462021,-1.996398293,-0.814837879,-1.280420271,NA,NA,Orono2024,3,0,91,3.661764706
71001300,2023,Orono,7/21/2023,246.64,1,6,0.19,NA,NA,NA,246.64,0.9907,17,12.51621797,30.87,109.3228611,0.99822,1.35255,NA,NA,0.647058824,0.37254902,7,30.87,5/25/2023,1,1,0,1,1,1,1,0,0,204,1.774086492,0.794890005,-0.795964886,-0.892065207,NA,NA,Orono2023,2,0,90,2.607843137
71001300,2022,Orono,7/19/2022,246.64,1,5,0.2,NA,NA,NA,246.64,0.9907,17,12.51621797,30.87,109.134024,0.9906,0.89535,NA,NA,1.0591133,0.556650246,9,30.87,6/3/2022,1,0,1,1,1,1,0,0,0,203,-0.000989451,0.781729162,-0.803736118,-1.25520241,NA,NA,Orono2022,1,0,89,5.009852217
71001300,2021,Orono,7/22/2021,246.64,0,4,0,0.22,0.22,NA,246.64,0.9907,17,0,0,84.86000429,1.05156,1.4859,NA,NA,0.62745098,0.460784314,6,NA,NA,0,1,1,1,1,0,0,0,0,204,0.272099155,-0.910028267,-0.741566258,-0.786150189,NA,NA,Orono2021,0,1,88,2.764705882
71001300,2020,Orono,7/21/2020,246.64,1,4,0.28,NA,NA,NA,246.64,0.9907,17,10.33895556,25.5,96.3202051,0.92,1.4125,0.1,0.065,1,0.495098039,7,25.5,5/1/2020,1,1,1,1,0,0,0,0,0,204,0.408643459,-0.111319191,-0.875737302,-0.844449119,-0.240524584,-0.247435054,Orono2020,4,0,87,3.465686275
71001300,2019,Orono,7/25/2019,246.64,1,3,0.15,NA,NA,NA,246.64,0.9907,17,3.811222835,9.4,102.4761619,1.52,1.3625,0.07,0.066,0.838235294,0.455882353,8,9.4,5/1/2019,1,1,1,0,0,0,0,0,0,204,0.772761601,0.317715051,-0.263829228,-0.884162287,-0.241277422,-0.247386003,Orono2019,3,0,86,3.647058824
71001300,2018,Orono,7/21/2018,246.64,1,2,NA,0.17,NA,NA,246.64,0.9907,17,8.883392799,21.91,114.3429691,1.245,1.47,NA,NA,0.946078431,0.450980392,8,21.91,5/1/2018,1,1,0,0,0,0,0,0,0,204,-0.319592826,1.144762219,-0.544287095,-0.798778977,NA,NA,Orono2018,2,0,85,3.607843137
71001300,2017,Orono,7/26/2017,246.64,1,1,NA,0.32,NA,NA,246.64,0.9907,17,1.743431722,4.3,82.26014926,1.5,1.65,0.073,0.072,0.735294118,0.411764706,6,4.3,5/1/2017,1,0,0,0,0,0,0,0,0,204,-1.138858646,-1.091222981,-0.284226164,-0.655811574,-0.241202138,-0.247091692,Orono2017,1,0,84,2.470588235
71014700,2018,Rush,8/10/2018,160.82,1,2,NA,NA,NA,NA,160.82,1,10,6.715582639,10.8,115.6944635,0.595,1.02,NA,NA,1.357142857,0.580357143,11,10.8,5/1/2018,1,1,0,0,0,0,0,0,0,112,-0.319592826,1.238953486,-1.207187508,-1.156197483,NA,NA,Rush2018,2,0,93,6.383928571
73001400,2018,Marie,7/16/2018,124.97,1,2,NA,NA,NA,NA,124.97,0.8513,30,10.27446587,12.84,116.7605069,1.77,2.485,NA,NA,1.416666667,0.85,8,12.84,5/1/2018,1,1,0,0,0,0,0,0,0,120,-0.319592826,1.313250486,-0.008867531,0.007398322,NA,NA,Marie2018,2,0,95,6.8
73001400,2017,Marie,7/28/2017,124.97,1,1,NA,NA,NA,NA,124.97,0.8513,30,11.84284228,14.8,84.67768708,1.75,4.3,0.05575,0.033,1.466666667,0.833333333,7,14.8,5/1/2017,1,0,0,0,0,0,0,0,0,120,-1.138858646,-0.922734712,-0.029264467,1.448986298,-0.24163502,-0.249004713,Marie2017,1,0,94,5.833333333
73003700,2014,NA,7/10/2014,558.63,0,NA,NA,NA,NA,NA,NA,NA,NA,0,0,112.0747997,1.692,2.333333333,NA,NA,0.935,0.635,15,0,NA,0,0,0,0,0,0,0,0,0,400,NA,NA,NA,NA,NA,NA,NA,0,NA,NA,NA
73003700,2012,NA,9/4/2012,558.63,0,NA,NA,NA,NA,NA,NA,NA,NA,0,0,77.87675642,1.206788571,1.55392,NA,NA,0.595800525,0.278215223,11,0,NA,0,0,0,0,0,0,0,0,0,381,NA,NA,NA,NA,NA,NA,NA,0,NA,NA,NA
73008200,2023,Schneider,9/12/2023,25.14,0,2,NA,NA,NA,NA,25.14,0.462,55,0,0,113.4293501,3.232,3.735,0.0322,0.0335,1.027027027,0.756756757,7,NA,NA,0,0,0,1,0,0,1,0,0,37,1.774086492,1.081088309,1.482148474,1.000227506,-0.242225998,-0.248980187,Schneider2023,0,3,96,5.297297297
73008200,2020,Schneider,7/31/2020,25.14,1,2,NA,NA,NA,NA,25.14,0.462,55,6.76213206,1.7,100.4266941,2.475,3.69,NA,NA,1.56,0.76,9,1.7,5/1/2020,1,0,0,1,0,0,0,0,0,25,0.408643459,0.174879113,0.710124455,0.964485656,NA,NA,Schneider2020,1,0,97,6.84
73008300,2020,Great Northern,7/31/2020,185.35,1,1,NA,NA,NA,NA,185.35,0.9221,16.20000076,0.917183707,1.7,99.49144854,0.59055,0.762,NA,NA,1.531914894,0.765957447,10,1.7,5/1/2020,1,0,0,0,0,0,0,0,0,94,0.408643459,0.109697959,-1.211725826,-1.361117427,NA,NA,Great Northern2020,1,0,98,7.659574468
73008600,2023,Knaus,9/12/2023,209.7,1,4,NA,NA,NA,NA,209.7,0.9682,16.20000076,2.861230329,6,112.5455052,1.556,1.375,0.1078,0.1065,1.232227488,0.872037915,7,6,5/24/2023,1,1,1,1,0,0,0,0,0,211,1.774086492,1.019489481,-0.227114744,-0.874233995,-0.240328846,-0.245399403,Knaus2023,4,0,99,6.104265403
73008600,2020,Knaus,7/15/2020,209.7,1,1,NA,NA,NA,NA,209.7,0.9682,16.20000076,1.907486886,4,99.5428492,0.870857143,1.274618182,NA,NA,0.769911504,0.513274336,8,4,5/1/2020,1,0,0,0,0,0,0,0,0,113,0.408643459,0.113280285,-0.925855487,-0.953963594,NA,NA,Knaus2020,1,0,100,4.10619469
73008700,2020,Krays,7/15/2020,86.94,1,1,NA,NA,NA,NA,86.94,0.9048,40.20000076,2.070393375,1.8,NA,1.15824,1.719942857,NA,NA,0.866666667,0.6,5,1.8,5/1/2020,1,0,0,0,0,0,0,0,0,45,0.408643459,NA,-0.632769003,-0.600258526,NA,NA,Krays2020,1,0,101,3
73008800,2023,Bolfing,9/12/2023,67.37,0,3,NA,NA,NA,NA,67.37,0.6299,35,0,0,112.2822586,2.866,4.345,0.0368,0.0415,1.307692308,0.923076923,5,NA,NA,0,1,1,1,0,0,0,0,0,65,1.774086492,1.00114273,1.10888455,1.484728149,-0.242110563,-0.248587773,Bolfing2023,0,1,102,4.615384615
73008800,2020,Bolfing,7/15/2020,67.37,1,1,NA,NA,NA,NA,67.37,0.6299,35,1.484340211,1,99.27960256,2.2425,3.65,NA,NA,0.625,0.525,4,1,5/1/2020,1,0,0,0,0,0,0,0,0,40,0.408643459,0.094933531,0.473010077,0.932715122,NA,NA,Bolfing2020,1,0,103,2.1
73008900,2020,Zumwalde,8/4/2020,118.62,1,1,NA,NA,NA,NA,118.62,0.9816,21.29999924,1.433147867,1.7,NA,0.88392,1.2192,NA,NA,0.416666667,0.316666667,5,1.7,5/1/2020,1,0,0,0,0,0,0,0,0,60,0.408643459,NA,-0.912533374,-0.997980224,NA,NA,Zumwalde2020,1,0,104,1.583333333
73013300,2022,Cedar Island,9/28/2022,755,1,3,NA,0.26,NA,NA,755,0.7659,NA,5.78807947,43.7,NA,1.417826087,1.237,NA,NA,0.400468384,0.325526932,11,43.7,5/23/2022,1,1,0,0,0,1,0,0,0,427,-0.000989451,NA,-0.368030966,-0.983842337,NA,NA,Cedar Island2022,2,0,106,3.580796253
73013300,2020,Cedar Island,8/22/2020,755,0,1,NA,NA,NA,NA,755,0.7659,NA,0,0,NA,1.237083333,1.697,NA,NA,0.732804233,0.510582011,15,NA,NA,0,0,0,1,0,0,0,0,0,378,0.408643459,NA,-0.552360882,-0.618481197,NA,NA,Cedar Island2020,0,3,105,7.658730159
73013900,2020,Long,7/30/2020,331.23,1,2,NA,NA,NA,NA,331.23,0.672,34,0.603810041,2,100.1538767,1.439333333,3.0988,NA,NA,0.791411043,0.478527607,10,2,5/21/2020,1,0,0,1,0,0,0,0,0,163,0.408643459,0.155865334,-0.34609687,0.494917165,NA,NA,Long2020,1,0,107,4.785276074
73015700,2023,Horseshoe,8/7/2023,341.05,0,4,NA,NA,NA,NA,341.05,0.5437,57,0,0,113.4651645,1.676,2.44,0.073166667,0.075,0.899845917,0.6394453,11,NA,NA,0,1,1,1,0,0,1,0,0,649,1.774086492,1.083584364,-0.104733129,-0.028343529,-0.241197956,-0.246944536,Horseshoe2023,0,1,108,7.033898305
73015700,2022,Horseshoe,9/28/2022,341.05,1,4,NA,0.35,NA,NA,341.05,0.5437,57,1.143527342,3.9,113.2763274,1.752,1.335,NA,NA,0.818487395,0.593277311,12,3.9,5/23/2022,1,1,1,0,0,1,0,0,0,595,-0.000989451,1.070423521,-0.027224773,-0.906004529,NA,NA,Horseshoe2022,3,0,110,7.119327731
73015700,2020,Horseshoe,8/15/2020,341.05,1,2,NA,NA,NA,NA,341.05,0.5437,57,1.583345551,5.4,100.4625085,1.24968,1.6764,NA,NA,0.769230769,0.520710059,9,5.4,5/21/2020,1,0,0,1,0,0,0,0,0,169,0.408643459,0.177375168,-0.539514212,-0.634843022,NA,NA,Horseshoe2020,1,0,109,4.686390533
86002300,2017,Beebe,8/15/2017,179.49,1,1,NA,NA,NA,NA,179.49,0.5899,23.5,14.76405371,26.5,83.89081555,1.458717241,1.963058824,0.0364,0.04,0.956521739,0.52173913,8,26.5,5/1/2017,1,0,0,0,0,0,0,0,0,115,-1.138858646,-0.977575063,-0.326328253,-0.407160424,-0.242120601,-0.24866135,Beebe2017,1,0,111,4.173913043
86023400,2018,Bass,7/12/2018,95.96,1,2,NA,NA,NA,NA,95.96,0.449,34,3.230512714,3.1,117.158988,4.724242424,5.825,0.0122,0.011,3.73255814,1,16,3.1,5/1/2018,1,1,0,0,0,0,0,0,0,86,-0.319592826,1.341022292,3.004007119,2.660237904,-0.24272789,-0.250083854,Bass2018,2,0,112,16
86026400,2016,,7/30/2016,58.31,0,NA,NA,NA,NA,NA,NA,NA,NA,0,0,NA,1.84,3.5,NA,NA,0.366071429,0.25,8,0,NA,0,0,0,0,0,0,0,0,0,112,NA,NA,NA,NA,NA,NA,NA,0,NA,NA,NA
86028200,2018,Louisa,7/17/2018,129.57,1,2,NA,NA,NA,NA,129.57,0.6673,44,12.10928456,15.69,116.2923533,2.048,3.345,NA,NA,1.703389831,0.889830508,7,15.69,5/1/2018,1,1,0,0,0,0,0,0,0,118,-0.319592826,1.280622914,0.274649876,0.690464801,NA,NA,Louisa2018,2,0,114,6.228813559
86028200,2017,Louisa,7/28/2017,129.57,1,1,NA,NA,NA,NA,129.57,0.6673,44,10.68920275,13.85,84.20953346,2.25,5.8,0.05325,0.05,1.466666667,0.833333333,7,13.85,5/1/2017,1,0,0,0,0,0,0,0,0,120,-1.138858646,-0.955362286,0.480658928,2.64038132,-0.241697756,-0.248170832,Louisa2017,1,0,113,5.833333333
