"","X","Lake.ID","Year","Lake","Latitude.x","Trt","YrsTrt","PrevAUGSecchi","IceIn","IceOut","IceCover","Snow","APRMAYPcri","APRMAY3.7","APRMAYDIFF","APRMAYRelDens","APRMAYRelDensall","County","Latitude.y","Longitude","Ecoregion","Lake.area..ha.","Littoral.area..ha.","Proportion.littoral","Max.depth..m.","Lake.y","Acres_Chem","Acres_Harvested","litt.ac","perc.lit.chem","Snow.sc","PrevAUGSecchi.sc","IceCover.sc","lake_year","nsamp","nocc_pcri","rd_pcri","datasource","foc_clp","cytrt","yutrt","Trte","perc.cheme"
"159",159,62000200,2008,"baldeagle",45.117,"1",3,0.8,"29-Nov","22-Apr",146,7.6,0.52,0.52,0,NA,NA,"Ramsey",45.117,-93.016,"NCHF",424,304,0.72,"11","Bald Eagle ",98,NA,751.1992,0.130458072905296,-0.678385470089462,-0.415389332048973,0.862665284420228,"baldeagle2008",NA,NA,NA,NA,NA,0,0,"0",0
"160",160,62000200,2009,"baldeagle",45.117,"1",4,0.8,"25-Nov","7-Apr",134,3.9,0.41,0.41,0,NA,NA,"Ramsey",45.117,-93.016,"NCHF",424,304,0.72,"11","Bald Eagle ",98,NA,751.1992,0.130458072905296,-1.09464769552063,-0.415389332048973,0.0220743419759522,"baldeagle2009",NA,NA,NA,NA,NA,0,0,"1",0.130458072905296
"161",161,62000200,2010,"baldeagle",45.117,"1",5,1,"7-Dec","31-Mar",115,17.8,0.51,0.51,0,NA,NA,"Ramsey",45.117,-93.016,"NCHF",424,304,0.72,"11","Bald Eagle ",241,NA,751.1992,0.320820362960983,0.469148232450519,-0.214823773553931,-1.30886131689415,"baldeagle2010",NA,NA,NA,NA,NA,1,0,"1",0.130458072905296
"162",162,62000200,2011,"baldeagle",45.117,"1",6,0.8,"22-Nov","13-Apr",143,26.9,0.3,0.3,0,NA,NA,"Ramsey",45.117,-93.016,"NCHF",424,304,0.72,"11","Bald Eagle ",124.6,NA,751.1992,0.165868121265305,1.49292830040285,-0.415389332048973,0.652517548809159,"baldeagle2011",NA,NA,NA,NA,NA,2,0,"1",0.320820362960983
"163",163,62000200,2012,"baldeagle",45.117,"1",7,1.1,"29-Nov","18-Mar",111,1.9,0.36,0.36,0,NA,NA,"Ramsey",45.117,-93.016,"NCHF",424,304,0.72,"11","Bald Eagle ",97,NA,751.1992,0.129126868079732,-1.3196543038618,-0.11454099430641,-1.58905829770891,"baldeagle2012",NA,NA,NA,NA,NA,3,0,"1",0.165868121265305
"164",164,62000200,2013,"baldeagle",45.117,"1",8,0.7,"2-Dec","2-May",152,11.8,0.3,0.3,0,NA,NA,"Ramsey",45.117,-93.016,"NCHF",424,304,0.72,"11","Bald Eagle ",62.5,NA,751.1992,0.0832003015977653,-0.205871592572999,-0.515672111296494,1.28296075564237,"baldeagle2013",NA,NA,NA,NA,NA,4,0,"1",0.129126868079732
"165",165,62000200,2014,"baldeagle",45.117,"1",9,1.1,"24-Nov","23-Apr",151,20.9,0.06,0.06,0,NA,NA,"Ramsey",45.117,-93.016,"NCHF",424,304,0.72,"11","Bald Eagle ",92,NA,751.1992,0.12247084395191,0.817908475379336,-0.11454099430641,1.21291151043868,"baldeagle2014",NA,NA,NA,NA,NA,5,0,"1",0.0832003015977653
"141",141,47004900,2008,"belle",44.982,"0",0,NA,"28-Nov","22-Apr",147,11.9,NA,NA,NA,NA,NA,"Meeker",44.982,-94.426,"NCHF",334,155,0.46,"7.6",NA,0,NA,383.01275,0,-0.19462126215594,NA,0.932714529623918,"belle2008",NA,NA,NA,NA,NA,0,0,"0",0
"142",142,47004900,2009,"belle",44.982,"0",0,0.7,"21-Nov","10-Apr",141,12.4,NA,NA,NA,NA,NA,"Meeker",44.982,-94.426,"NCHF",334,155,0.46,"7.6",NA,0,NA,383.01275,0,-0.138369610070647,-0.515672111296494,0.51241905840178,"belle2009",NA,NA,NA,NA,NA,0,0,"0",0
"143",143,47004900,2010,"belle",44.982,"0",0,0.7,"5-Dec","30-Mar",116,24.3,0.004,0.004,0,NA,NA,"Meeker",44.982,-94.426,"NCHF",334,155,0.46,"7.6",NA,0,NA,383.01275,0,1.20041970955933,-0.515672111296494,-1.23881207169046,"belle2010",273,2,NA,"dustin",0.00732600732600733,0,0,"0",0
"144",144,47004900,2013,"belle",44.982,"0",0,NA,"9-Dec","2-May",145,15.3,0.01,0.01,0,NA,NA,"Meeker",44.982,-94.426,"NCHF",334,155,0.46,"7.6",NA,0,NA,383.01275,0,0.187889972024053,NA,0.792616039216539,"belle2013",259,2,1,"dustin",0.00772200772200772,0,0,"0",0
"137",137,41004300,2006,"benton",44.294,"1",1,0.8,"25-Dec","28-Mar",94,2.4,0.05,0.05,0,NA,NA,"Lincoln",44.294,-96.251,"NGP",1092,1092,1,"2.7",NA,2875,NA,2698.3866,1.06545148126662,-1.26340265177651,-0.415389332048973,-2.77989546617163,"benton2006",NA,NA,NA,NA,NA,0,0,"0",0
"138",138,41004300,2007,"benton",44.294,"1",2,0.8,"28-Nov","27-Mar",120,2.5,0.03,0.03,0,NA,NA,"Lincoln",44.294,-96.251,"NGP",1092,1092,1,"2.7","Benton",2875,NA,2698.3866,1.06545148126662,-1.25215232135945,-0.415389332048973,-0.958615090875703,"benton2007",NA,NA,NA,NA,NA,0,0,"1",1.06545148126662
"139",139,41004300,2008,"benton",44.294,"1",3,0.6,"24-Nov","12-Apr",141,2.3,0.03,0.03,0,NA,NA,"Lincoln",44.294,-96.251,"NGP",1092,1092,1,"2.7","Benton",2875,NA,2698.3866,1.06545148126662,-1.27465298219357,-0.615954890544015,0.51241905840178,"benton2008",NA,NA,NA,NA,NA,1,0,"1",1.06545148126662
"140",140,41004300,2012,"benton",44.294,"1",2,NA,"26-Nov","13-Mar",109,1.2,NA,NA,NA,NA,NA,"Lincoln",44.294,-96.251,"NGP",1092,1092,1,"2.7",NA,302,NA,2698.3866,0.111918729510442,-1.39840661678121,NA,-1.72915678811629,"benton2012",NA,NA,NA,NA,NA,0,4,"0",0
"221",221,80003400,2008,"blueberry",46.793,"1",1,0.4,"29-Nov","25-Apr",149,10.2,NA,NA,NA,NA,NA,"Wadena",46.793,-95.076,"NCHF",216,216,1,"4.6","Blueberry",180,NA,533.7468,0.337238555809609,-0.385876879245937,-0.816520449039057,1.0728130200313,"blueberry2008",NA,NA,NA,NA,NA,0,0,"0",0
"222",222,80003400,2009,"blueberry",46.793,"1",2,0.6,"16-Nov","21-Apr",157,21.3,0.27,0.3,-0.03,1.61,0.44,"Wadena",46.793,-95.076,"NCHF",216,216,1,"4.6","Blueberry",190,NA,533.7468,0.355974031132365,0.862909797047571,-0.615954890544015,1.63320698166081,"blueberry2009",396,108,1.61111111111111,"newman",0.272727272727273,0,0,"1",0.337238555809609
"52",52,21005700,2008,"carlos",45.971,"0",0,3.1,"30-Nov","2-May",155,14.4,NA,NA,NA,NA,NA,"Douglas",45.971,-95.363,"NCHF",1054,373,0.35,"49.7",NA,0,NA,921.70165,0,0.0866369982705254,1.89111459064401,1.49310849125344,"carlos2008",NA,NA,NA,NA,NA,0,0,"0",0
"53",53,21005700,2009,"carlos",45.971,"0",0,2.5,"23-Nov","23-Apr",152,18.7,NA,NA,NA,NA,NA,"Douglas",45.971,-95.363,"NCHF",1054,373,0.35,"49.7",NA,0,NA,921.70165,0,0.570401206204046,1.28941791515888,1.28296075564237,"carlos2009",NA,NA,NA,NA,NA,0,0,"0",0
"54",54,21005700,2010,"carlos",45.971,"0",0,2.4,"5-Dec","2-Apr",119,27.2,NA,NA,NA,NA,NA,"Douglas",45.971,-95.363,"NCHF",1054,373,0.35,"49.7",NA,0,NA,921.70165,0,1.52667929165403,1.18913513591136,-1.02866433607939,"carlos2010",NA,NA,NA,NA,NA,0,0,"0",0
"132",132,34003200,2008,"carrie",45.083,"0",0,1.2,"23-Nov","21-Apr",151,8,NA,NA,NA,NA,NA,"Kandiyohi",45.083,-94.785,"WCBP",37,8,0.22,"7.9",NA,0,NA,19.7684,0,-0.633384148421227,-0.0142582150588893,1.21291151043868,"carrie2008",NA,NA,NA,NA,NA,0,0,"0",0
"133",133,34003200,2009,"carrie",45.083,"0",0,1.3,"16-Nov","19-Apr",155,11.7,NA,NA,NA,NA,NA,"Kandiyohi",45.083,-94.785,"WCBP",37,8,0.22,"7.9",NA,0,NA,19.7684,0,-0.217121922990058,0.0860245641886318,1.49310849125344,"carrie2009",NA,NA,NA,NA,NA,0,0,"0",0
"134",134,34003200,2010,"carrie",45.083,"0",0,0.7,"5-Dec","31-Mar",117,26.6,NA,NA,NA,NA,NA,"Kandiyohi",45.083,-94.785,"WCBP",37,8,0.22,"7.9",NA,0,NA,19.7684,0,1.45917730915168,-0.515672111296494,-1.16876282648677,"carrie2010",NA,NA,NA,NA,NA,0,0,"0",0
"135",135,34003200,2011,"carrie",45.083,"0",0,2.2,"23-Nov","12-Apr",141,34.8,NA,NA,NA,NA,NA,"Kandiyohi",45.083,-94.785,"WCBP",37,8,0.22,"7.9",NA,0,NA,19.7684,0,2.38170440335049,0.988569577416321,0.51241905840178,"carrie2011",NA,NA,NA,NA,NA,0,0,"0",0
"136",136,34003200,2013,"carrie",45.083,"0",0,1.5,"24-Nov","30-Apr",158,19.1,NA,NA,NA,NA,NA,"Kandiyohi",45.083,-94.785,"WCBP",37,8,0.22,"7.9",NA,0,NA,19.7684,0,0.615402527872281,0.286590122683674,1.7032562268645,"carrie2013",NA,NA,NA,NA,NA,0,0,"0",0
"150",150,49014000,2008,"cedar",45.813,"0",0,0.3,"3-Dec","30-Apr",150,14.8,NA,NA,NA,NA,NA,"Morrison",45.813,-94.636,"NCHF",95,27,0.28,"26.8",NA,0,NA,66.71835,0,0.13163831993876,-0.916803228286578,1.14286226523499,"cedar2008",NA,NA,NA,NA,NA,0,0,"0",0
"151",151,49014000,2009,"cedar",45.813,"0",0,4.8,"7-Dec","20-Apr",135,21,NA,NA,NA,NA,NA,"Morrison",45.813,-94.636,"NCHF",95,27,0.28,"26.8",NA,0,NA,66.71835,0,0.829158805796395,3.59592183785187,0.0921235871796419,"cedar2009",NA,NA,NA,NA,NA,0,0,"0",0
"152",152,49014000,2010,"cedar",45.813,"0",0,4,"6-Dec","1-Apr",117,27.7,NA,NA,NA,NA,NA,"Morrison",45.813,-94.636,"NCHF",95,27,0.28,"26.8",NA,0,NA,66.71835,0,1.58293094373932,2.7936596038717,-1.16876282648677,"cedar2010",NA,NA,NA,NA,NA,0,0,"0",0
"101",101,27013700,2014,"christmas",44.896,"0",0,6.9,"27-Nov","20-Apr",145,25.2,NA,NA,NA,NA,NA,"Hennepin",44.896,-93.543,"NCHF",108,31,0.29,"26.5",NA,0,NA,76.60255,0,1.30167268331286,5.70186020204981,0.792616039216539,"christmas2014",NA,NA,NA,NA,NA,0,0,"0",0
"102",102,27013700,2015,"christmas",44.896,"0",0,6.1,"27-Nov","1-Apr",126,4.6,NA,NA,NA,NA,NA,"Hennepin",44.896,-93.543,"NCHF",108,31,0.29,"26.5",NA,0,NA,76.60255,0,-1.01589538260122,4.89959796806964,-0.538319619653565,"christmas2015",NA,NA,NA,NA,NA,0,0,"0",0
"145",145,47009500,2009,"clearm",45.276,"1",4,0.5,"29-Nov","13-Apr",136,13.7,0.28,0.38,-0.1,1.43,0.4,"Meeker",45.276,-94.446,"NCHF",214,178,0.83,"5.5","Clear ",60.5,NA,439.8469,0.137547860403245,0.00788468535111489,-0.716237669791536,0.162172832383332,"clearm2009",211,61,1.42622950819672,"newman",0.289099526066351,0,0,"0",0
"227",227,82016300,2009,"clearw",45.261,"1",0,1.7,"22-Nov","9-Apr",139,9,NA,NA,NA,NA,NA,"Washington",45.263,-93.001,"NCHF",429,267,0.62,"8.5","Clear ",69.1,NA,659.77035,0.104733412163793,-0.520880844250641,0.487155681178716,0.372320567994401,"clearw2009",NA,NA,NA,NA,NA,0,0,"0",0
"228",228,82016300,2010,"clearw",45.261,"0",0,1.5,"10-Dec","30-Mar",111,22.4,NA,NA,NA,NA,NA,"Washington",45.263,-93.001,"NCHF",429,267,0.62,"8.5","Clear ",0,NA,659.77035,0,0.986663431635216,0.286590122683674,-1.58905829770891,"clearw2010",NA,NA,NA,NA,NA,0,0,"1",0.104733412163793
"229",229,82016300,2011,"clearw",45.261,"0",0,2.5,"24-Nov","12-Apr",140,26.2,NA,NA,NA,NA,NA,"Washington",45.263,-93.001,"NCHF",429,267,0.62,"8.5","Clear ",0,NA,659.77035,0,1.41417598748344,1.28941791515888,0.44236981319809,"clearw2011",NA,NA,NA,NA,NA,0,0,"0",0
"230",230,82016300,2012,"clearw",45.261,"0",0,1.8,"30-Nov","18-Mar",110,2.9,NA,NA,NA,NA,NA,"Washington",45.263,-93.001,"NCHF",429,267,0.62,"8.5",NA,0,NA,659.77035,0,-1.20715099969122,0.587438460426237,-1.6591075429126,"clearw2012",NA,NA,NA,NA,NA,0,0,"0",0
"231",231,82016300,2013,"clearw",45.261,"0",0,1.9,"10-Dec","30-Apr",142,14.8,NA,NA,NA,NA,NA,"Washington",45.263,-93.001,"NCHF",429,267,0.62,"8.5",NA,0,NA,659.77035,0,0.13163831993876,0.687721239673758,0.58246830360547,"clearw2013",NA,NA,NA,NA,NA,0,0,"0",0
"232",232,82016300,2014,"clearw",45.261,"0",0,1.7,"23-Nov","23-Apr",152,23.3,NA,NA,NA,NA,NA,"Washington",45.263,-93.001,"NCHF",429,267,0.62,"8.5",NA,0,NA,659.77035,0,1.08791640538874,0.487155681178716,1.28296075564237,"clearw2014",NA,NA,NA,NA,NA,0,0,"0",0
"233",233,82016300,2015,"clearw",45.261,"0",0,1.3,"12-Nov","29-Mar",138,4.8,NA,NA,NA,NA,NA,"Washington",45.263,-93.001,"NCHF",429,267,0.62,"8.5",NA,0,NA,659.77035,0,-0.993394721767103,0.0860245641886318,0.302271322790711,"clearw2015",NA,NA,NA,NA,NA,0,0,"0",0
"188",188,70002200,2008,"cleary",44.692,"0",0,0.9,"28-Nov","21-Apr",146,8.3,NA,NA,NA,NA,NA,"Scott",44.692,-93.391,"NCHF",58,58,1,"2.7",NA,0,NA,143.3209,0,-0.599633157170051,-0.315106552801452,0.862665284420228,"cleary2008",NA,NA,NA,NA,NA,0,0,"0",0
"189",189,70002200,2009,"cleary",44.692,"0",0,1,"26-Nov","2-Apr",128,10.3,NA,NA,NA,NA,NA,"Scott",44.692,-93.391,"NCHF",58,58,1,"2.7",NA,0,NA,143.3209,0,-0.374626548828878,-0.214823773553931,-0.398221129246186,"cleary2009",NA,NA,NA,NA,NA,0,0,"0",0
"190",190,70002200,2010,"cleary",44.692,"0",0,1.5,"5-Dec","30-Mar",116,21.4,NA,NA,NA,NA,NA,"Scott",44.692,-93.391,"NCHF",58,58,1,"2.7",NA,0,NA,143.3209,0,0.874160127464629,0.286590122683674,-1.23881207169046,"cleary2010",NA,NA,NA,NA,NA,0,0,"0",0
"191",191,70002200,2011,"cleary",44.692,"0",0,1.6,"25-Nov","10-Apr",137,23.9,NA,NA,NA,NA,NA,"Scott",44.692,-93.391,"NCHF",58,58,1,"2.7",NA,0,NA,143.3209,0,1.1554183878911,0.386872901931195,0.232222077587021,"cleary2011",NA,NA,NA,NA,NA,0,0,"0",0
"192",192,70002200,2012,"cleary",44.692,"0",0,0.7,"6-Dec","17-Mar",103,1.1,NA,NA,NA,NA,NA,"Scott",44.692,-93.391,"NCHF",58,58,1,"2.7",NA,0,NA,143.3209,0,-1.40965694719827,-0.515672111296494,-2.14945225933843,"cleary2012",NA,NA,NA,NA,NA,0,0,"0",0
"193",193,70002200,2013,"cleary",44.692,"0",0,0.6,"11-Dec","26-Apr",137,9.1,NA,NA,NA,NA,NA,"Scott",44.692,-93.391,"NCHF",58,58,1,"2.7",NA,0,NA,143.3209,0,-0.509630513833582,-0.615954890544015,0.232222077587021,"cleary2013",NA,NA,NA,NA,NA,0,0,"0",0
"194",194,70002200,2014,"cleary",44.692,"0",0,0.4,"25-Nov","12-Apr",139,19.6,NA,NA,NA,NA,NA,"Scott",44.692,-93.391,"NCHF",58,58,1,"2.7",NA,0,NA,143.3209,0,0.671654179957574,-0.816520449039057,0.372320567994401,"cleary2014",NA,NA,NA,NA,NA,0,0,"0",0
"217",217,77004600,2006,"coal",46.083,"0",0,1.8,"29-Nov","7-Apr",130,15.4,0.42,0.42,0,1.3,0.54,"Todd",46.083,-94.755,"NLF",69,29,0.42,"7.6",NA,0,NA,71.66045,0,0.199140302441112,0.587438460426237,-0.258122638838807,"coal2006",77,30,1.33333333333333,"johnson",0.38961038961039,0,0,"0",0
"218",218,77004600,2007,"coal",46.083,"0",0,1.7,"29-Nov","18-Apr",141,7,0.49,0.46,0.03,2.1,1.04,"Todd",46.083,-94.755,"NLF",69,29,0.42,"7.6",NA,0,NA,71.66045,0,-0.745887452591813,0.487155681178716,0.51241905840178,"coal2007",78,36,1.90196078431373,"johnson",0.461538461538462,0,0,"0",0
"219",219,77004600,2008,"coal",46.083,"0",0,2.3,"23-Nov","27-Apr",157,14.2,0.29,0.29,0,1.33,0.39,"Todd",46.083,-94.755,"NLF",69,29,0.42,"7.6",NA,0,NA,71.66045,0,0.0641363374364081,1.08885235666384,1.63320698166081,"coal2008",79,24,1.2962962962963,"johnson",0.30379746835443,0,0,"0",0
"220",220,77004600,2009,"coal",46.083,"0",0,3,"1-Dec","20-Apr",141,20.1,0.29,0.3,-0.01,1.41,0.41,"Todd",46.083,-94.755,"NLF",69,29,0.42,"7.6",NA,0,NA,71.66045,0,0.727905832042868,1.79083181139649,0.51241905840178,"coal2009",90,27,1.37931034482759,"newman",0.3,0,0,"0",0
"180",180,62005500,2010,"como",44.98,"0",0,1.7,"7-Dec","28-Mar",112,18.5,0.47,0.47,0,NA,NA,"Ramsey",44.98,-93.141,"NCHF",28,28,1,"4.6",NA,0,NA,69.1894,0,0.547900545369929,0.487155681178716,-1.51900905250522,"como2010",NA,NA,NA,NA,NA,0,0,"0",0
"181",181,62005500,2013,"como",44.98,"0",0,0.6,"11-Dec","28-Apr",139,12.6,NA,NA,NA,NA,NA,"Ramsey",44.98,-93.141,"NCHF",28,28,1,"4.6","Como ",0,25,69.1894,0,-0.11586894923653,-0.615954890544015,0.372320567994401,"como2013",NA,NA,NA,NA,NA,0,0,"0",0
"182",182,62005500,2014,"como",44.98,"0",0,0.6,"27-Nov","18-Apr",143,22.3,NA,NA,NA,NA,NA,"Ramsey",44.98,-93.141,"NCHF",28,28,1,"4.6","Como ",0,25,69.1894,0,0.975413101218157,-0.615954890544015,0.652517548809159,"como2014",NA,NA,NA,NA,NA,0,0,"0",0
"183",183,62005500,2015,"como",44.98,"0",0,1.1,"15-Nov","1-Apr",138,4.2,0.94,0.94,0,NA,NA,"Ramsey",44.98,-93.141,"NCHF",28,28,1,"4.6","Como ",0,10,69.1894,0,-1.06089670426946,-0.11454099430641,0.302271322790711,"como2015",60,47,2.48936170212766,"crwd",0.783333333333333,0,0,"0",0
"146",146,49013300,2006,"crookneck",46.245,"1",1,2.3,"24-Nov","7-Apr",135,1.5,0.38,0.34,0.04,1.03,0.39,"Morrison",46.245,-94.611,"NLF",73,53,0.73,"6.7","Crookneck ",60,NA,130.96565,0.458135396571544,-1.36465562553004,1.08885235666384,0.0921235871796419,"crookneck2006",178,65,1.02173913043478,"johnson",0.365168539325843,0,0,"0",0
"147",147,49013300,2007,"crookneck",46.245,"1",2,1.8,"1-Dec","21-Apr",142,2.9,0.4,0.3,0.1,1.16,0.47,"Morrison",46.245,-94.611,"NLF",73,53,0.73,"6.7","Crookneck ",60,NA,130.96565,0.458135396571544,-1.20715099969122,0.587438460426237,0.58246830360547,"crookneck2007",137,47,1.32203389830508,"johnson",0.343065693430657,0,0,"1",0.458135396571544
"148",148,49013300,2008,"crookneck",46.245,"1",3,2.5,"1-Dec","3-May",155,14.4,0.11,0.08,0.03,0.75,0.08,"Morrison",46.245,-94.611,"NLF",73,53,0.73,"6.7","Crookneck ",60,NA,130.96565,0.458135396571544,0.0866369982705254,1.28941791515888,1.49310849125344,"crookneck2008",141,11,1,"johnson",0.0780141843971631,1,0,"1",0.458135396571544
"149",149,49013300,2009,"crookneck",46.245,"0",0,2.6,"25-Nov","20-Apr",147,19.3,0.05,0.03,0.02,1,0.05,"Morrison",46.245,-94.611,"NLF",73,53,0.73,"6.7",NA,0,NA,130.96565,0,0.637903188706398,1.3897006944064,0.932714529623918,"crookneck2009",149,7,1,"newman",0.0469798657718121,2,0,"1",0.458135396571544
"174",174,62004700,2012,"crosbylower",44.905,"0",0,NA,"4-Dec","18-Mar",106,2,NA,NA,NA,NA,NA,"Ramsey",44.905,-93.15,"NCHF",28,19,0.68,"5.8",NA,0,NA,46.94995,0,-1.30840397344474,NA,-1.93930452372736,"crosbylower2012",NA,NA,NA,NA,NA,0,0,"0",0
"176",176,62004700,2015,"crosbylower",44.905,"0",0,NA,"15-Nov","25-Mar",131,4.4,NA,NA,NA,NA,NA,"Ramsey",44.905,-93.15,"NCHF",28,19,0.68,"5.8",NA,0,NA,46.94995,0,-1.03839604343534,NA,-0.188073393635117,"crosbylower2015",NA,NA,NA,NA,NA,0,0,"0",0
"175",175,62004700,2015,"crosbyupper",44.9,"0",0,1.6,"26-Nov","31-Mar",126,3.9,NA,NA,NA,NA,NA,"Ramsey",44.9,-93.16,"NCHF",NA,NA,NA,"",NA,0,NA,NA,NA,-1.09464769552063,0.386872901931195,-0.538319619653565,"crosbyupper2015",NA,NA,NA,NA,NA,0,0,"0",0
"195",195,70006900,2006,"fish",44.651,"1",1,1,"29-Nov","6-Apr",129,6.2,0.57,0.66,-0.09,0.99,0.56,"Scott",44.651,-93.46,"NCHF",70,30,0.43,"8.5","Fish ",28,NA,74.1315,0.377707182506762,-0.835890095928282,-0.214823773553931,-0.328171884042496,"fish2006",112,63,1,"johnson",0.5625,0,0,"0",0
"196",196,70006900,2007,"fish",44.651,"1",2,1.6,"3-Dec","28-Mar",116,3.8,0.35,0.44,-0.09,1.05,0.37,"Scott",44.651,-93.46,"NCHF",70,30,0.43,"8.5","Fish ",28,NA,74.1315,0.377707182506762,-1.10589802593769,0.386872901931195,-1.23881207169046,"fish2007",115,42,1.04545454545455,"johnson",0.365217391304348,0,0,"1",0.377707182506762
"197",197,70006900,2008,"fish",44.651,"1",3,1.2,"1-Dec","18-Apr",140,8.8,0.13,0.16,-0.03,1,0.13,"Scott",44.651,-93.46,"NCHF",70,30,0.43,"8.5","Fish ",28,NA,74.1315,0.377707182506762,-0.543381505084758,-0.0142582150588893,0.44236981319809,"fish2008",118,16,1,"johnson",0.135593220338983,1,0,"1",0.377707182506762
"198",198,70006900,2009,"fish",44.651,"0",0,1.4,"28-Nov","3-Apr",127,10.4,0.02,0.02,0,1,0.02,"Scott",44.651,-93.46,"NCHF",70,30,0.43,"8.5",NA,0,NA,74.1315,0,-0.36337621841182,0.186307343436153,-0.468270374449876,"fish2009",126,2,1,"newman",0.0158730158730159,2,0,"1",0.377707182506762
"77",77,27009500,2007,"gleason",44.981,"1",2,0.5,"2-Dec","28-Mar",117,6.1,0.79,0.83,-0.04,2.08,1.38,"Hennepin",44.981,-93.493,"NCHF",57,56,0.98,"4.9","Gleason ",140,NA,138.3788,1.01171566742883,-0.847140426345341,-0.716237669791536,-1.16876282648677,"gleason2007",128,101,2.2970297029703,"mccomas",0.7890625,0,0,"0",0
"78",78,27009500,2008,"gleason",44.981,"1",3,0.5,"29-Nov","7-Apr",131,11.5,0.59,0.6,-0.01,1.62,0.95,"Hennepin",44.981,-93.493,"NCHF",57,56,0.98,"4.9","Gleason ",140,NA,138.3788,1.01171566742883,-0.239622583824175,-0.716237669791536,-0.188073393635117,"gleason2008",125,90,1.9,"mccomas",0.72,0,0,"1",1.01171566742883
"79",79,27009500,2009,"gleason",44.981,"1",4,0.5,"30-Nov","4-Apr",126,7.2,0.49,0.5,-0.01,1.83,0.89,"Hennepin",44.981,-93.493,"NCHF",57,56,0.98,"4.9","Gleason ",140,NA,138.3788,1.01171566742883,-0.723386791757696,-0.716237669791536,-0.538319619653565,"gleason2009",127,73,1.93150684931507,"mccomas",0.574803149606299,1,0,"1",1.01171566742883
"80",80,27009500,2010,"gleason",44.981,"1",5,0.9,"6-Dec","31-Mar",116,22.4,0.36,0.36,0,1.48,0.53,"Hennepin",44.981,-93.493,"NCHF",57,56,0.98,"4.9","Gleason ",27.9,NA,138.3788,0.201620479437602,0.986663431635216,-0.315106552801452,-1.23881207169046,"gleason2010",125,52,1.53846153846154,"mccomas",0.416,2,0,"1",1.01171566742883
"81",81,27009500,2011,"gleason",44.981,"1",6,0.5,"23-Nov","10-Apr",139,27.1,0.09,0.09,0,1.07,0.09,"Hennepin",44.981,-93.493,"NCHF",57,56,0.98,"4.9","Gleason ",16.3,NA,138.3788,0.117792609850642,1.51542896123697,-0.716237669791536,0.372320567994401,"gleason2011",125,12,1.33333333333333,"mccomas",0.096,3,0,"1",0.201620479437602
"82",82,27009500,2012,"gleason",44.981,"1",7,0.9,"6-Dec","18-Mar",104,1.9,0.36,0.36,0,1.38,0.48,"Hennepin",44.981,-93.493,"NCHF",57,56,0.98,"4.9","Gleason ",45,NA,138.3788,0.325194321673551,-1.3196543038618,-0.315106552801452,-2.07940301413474,"gleason2012",128,56,NA,"mccomas",0.4375,4,0,"1",0.117792609850642
"83",83,27009500,2013,"gleason",44.981,"1",8,1.5,"3-Dec","28-Apr",147,12.5,0.05,0.05,0,1.29,0.06,"Hennepin",44.981,-93.493,"NCHF",57,56,0.98,"4.9","Gleason ",4.5,NA,138.3788,0.0325194321673551,-0.127119279653589,0.286590122683674,0.932714529623918,"gleason2013",127,11,NA,"mccomas",0.0866141732283465,5,0,"1",0.325194321673551
"84",84,27009500,2014,"gleason",44.981,"1",9,1.4,"27-Nov","18-Apr",143,25.5,0.13,0.13,0,1.71,0.23,"Hennepin",44.981,-93.493,"NCHF",57,56,0.98,"4.9","Gleason ",13.07,NA,138.3788,0.0944508840949625,1.33542367456403,0.186307343436153,0.652517548809159,"gleason2014",4,4,NA,"mccomas",0.13,6,0,"1",0.0325194321673551
"85",85,27009500,2015,"gleason",44.981,"1",10,0.7,"24-Nov","30-Mar",127,4.5,0.12,0.12,0,0.62,0.07,"Hennepin",44.981,-93.493,"NCHF",57,56,0.98,"4.9","Gleason ",32,NA,138.3788,0.231249295412303,-1.02714571301828,-0.515672111296494,-0.468270374449876,"gleason2015",NA,NA,NA,NA,NA,7,0,"1",0.0944508840949625
"95",95,27013301,2015,"graystonka",44.954,"0",0,5.8,"27-Nov","5-Apr",130,4.5,NA,NA,NA,NA,NA,"Hennepin",44.954,-93.494,"NCHF",74,NA,NA,"11",NA,0,NA,NA,NA,-1.02714571301828,4.59874963032708,-0.258122638838807,"graystonka2015",NA,NA,NA,NA,NA,0,0,"0",0
"99",99,27013325,2013,"halsteadtonka",44.91,"0",0,0.5,"22-Dec","2-May",132,12.6,NA,NA,NA,NA,NA,"Hennepin",44.91,-93.685,"NCHF",215,NA,NA,"9.1",NA,0,NA,NA,NA,-0.11586894923653,-0.716237669791536,-0.118024148431427,"halsteadtonka2013",NA,NA,NA,NA,NA,0,0,"0",0
"27",27,1014200,2008,"hill",47.002,"0",0,NA,"25-Nov","27-Apr",155,15.6,0.02,0.02,0,NA,NA,"Aitkin",47.002,-93.591,"NLF",327,143,0.44,"14.6",NA,0,NA,353.36015,0,0.221640963275229,NA,1.49310849125344,"hill2008",149,3,1,"dustin",0.0201342281879195,0,0,"0",0
"28",28,1014200,2009,"hill",47.002,"0",0,3.2,"20-Nov","23-Apr",155,10.7,NA,NA,NA,NA,NA,"Aitkin",47.002,-93.591,"NLF",327,143,0.44,"14.6",NA,0,NA,353.36015,0,-0.329625227160644,1.99139736989153,1.49310849125344,"hill2009",NA,NA,NA,NA,NA,0,0,"0",0
"29",29,1014200,2010,"hill",47.002,"0",0,3.5,"6-Dec","2-Apr",118,9.4,0.07,0.08,-0.01,NA,NA,"Aitkin",47.002,-93.591,"NLF",327,143,0.44,"14.6",NA,0,NA,353.36015,0,-0.475879522582406,2.29224570763409,-1.09871358128308,"hill2010",165,12,1,"dustin",0.0727272727272727,0,0,"0",0
"30",30,1014200,2011,"hill",47.002,"0",0,NA,"27-Nov","24-Apr",149,15.9,NA,NA,NA,NA,NA,"Aitkin",47.002,-93.591,"NLF",327,143,0.44,"14.6",NA,0,NA,353.36015,0,0.255391954526405,NA,1.0728130200313,"hill2011",NA,NA,NA,NA,NA,0,0,"0",0
"57",57,27004800,2008,"hyland",44.822,"0",0,0.4,"25-Nov","19-Apr",147,9.8,NA,NA,NA,NA,NA,"Hennepin",44.822,-93.369,"NCHF",36,36,1,"3.7","Hyland",0,16.2,88.9578,0,-0.430878200914172,-0.816520449039057,0.932714529623918,"hyland2008",NA,NA,NA,NA,NA,0,0,"0",0
"58",58,27004800,2009,"hyland",44.822,"0",0,NA,"25-Nov","28-Mar",124,7.2,NA,NA,NA,NA,NA,"Hennepin",44.822,-93.369,"NCHF",36,36,1,"3.7","Hyland",0,16.2,88.9578,0,-0.723386791757696,NA,-0.678418110060945,"hyland2009",NA,NA,NA,NA,NA,0,0,"0",0
"59",59,27004800,2011,"hyland",44.822,"0",0,0.4,"29-Nov","10-Apr",133,28.1,NA,NA,NA,NA,NA,"Hennepin",44.822,-93.369,"NCHF",36,36,1,"3.7","Hyland",0,8.8,88.9578,0,1.62793226540756,-0.816520449039057,-0.0479749032277375,"hyland2011",NA,NA,NA,NA,NA,0,0,"0",0
"60",60,27004800,2012,"hyland",44.822,"1",1,0.3,"4-Dec","18-Mar",106,2,0.64,0.64,0,1.29,0.83,"Hennepin",44.822,-93.369,"NCHF",36,36,1,"3.7","Hyland",84,NA,88.9578,0.944267956266904,-1.30840397344474,-0.916803228286578,-1.93930452372736,"hyland2012",124,80,1.2875,"brasch",0.645161290322581,0,0,"0",0
"61",61,27004800,2013,"hyland",44.822,"1",2,0.3,"3-Dec","27-Apr",146,12.6,0.94,0.94,0,1.46,1.38,"Hennepin",44.822,-93.369,"NCHF",36,36,1,"3.7","Hyland",84,NA,88.9578,0.944267956266904,-0.11586894923653,-0.916803228286578,0.862665284420228,"hyland2013",124,118,1.45762711864407,"brasch",0.951612903225806,0,0,"1",0.944267956266904
"62",62,27004800,2015,"hyland",44.822,"1",3,0.9,"26-Nov","29-Mar",124,4.6,0.43,0.43,0,1.13,0.49,"Hennepin",44.822,-93.369,"NCHF",36,36,1,"3.7","Hyland",84,NA,88.9578,0.944267956266904,-1.01589538260122,-0.315106552801452,-0.678418110060945,"hyland2015",117,54,1.12962962962963,"brasch",0.461538461538462,0,2,"0",0
"201",201,71014500,2006,"julia",45.504,"1",1,0.4,"28-Nov","7-Apr",131,7.3,0.42,0.54,-0.12,1.05,0.42,"Sherburne",45.504,-93.924,"NCHF",62,62,1,"3.7","Julia ",52,NA,153.2051,0.339414288427735,-0.712136461340637,-0.816520449039057,-0.188073393635117,"julia2006",106,42,1.04761904761905,"johnson",0.39622641509434,0,0,"0",0
"202",202,71014500,2007,"julia",45.504,"1",2,0.5,"30-Nov","1-Apr",123,8.6,0.47,0.54,-0.07,1.06,0.5,"Sherburne",45.504,-93.924,"NCHF",62,62,1,"3.7","Julia ",52,NA,153.2051,0.339414288427735,-0.565882165918875,-0.716237669791536,-0.748467355264634,"julia2007",106,50,1.06,"johnson",0.471698113207547,0,0,"1",0.339414288427735
"203",203,71014500,2008,"julia",45.504,"1",3,0.3,"27-Nov","21-Apr",147,14.5,0.14,0.16,-0.02,1,0.14,"Sherburne",45.504,-93.924,"NCHF",62,62,1,"3.7","Julia ",52,NA,153.2051,0.339414288427735,0.097887328687584,-0.916803228286578,0.932714529623918,"julia2008",106,15,1,"johnson",0.141509433962264,1,0,"1",0.339414288427735
"204",204,71014500,2009,"julia",45.504,"1",4,0.5,"27-Nov","10-Apr",135,16.1,0.04,0.04,0,1.25,0.05,"Sherburne",45.504,-93.924,"NCHF",62,62,1,"3.7","Julia ",9,NA,153.2051,0.0587447806894157,0.277892615360522,-0.716237669791536,0.0921235871796419,"julia2009",106,4,1.25,"newman",0.0377358490566038,2,0,"1",0.339414288427735
"42",42,19002500,2006,"keller",44.726,"0",0,1.5,"26-Nov","5-Apr",131,6.3,NA,NA,NA,NA,NA,"Dakota",44.726,-93.251,"NCHF",51,51,1,"2.1","Keller",0,27.6,126.02355,0,-0.824639765511224,0.286590122683674,-0.188073393635117,"keller2006",NA,NA,NA,NA,NA,0,0,"0",0
"43",43,19002500,2007,"keller",44.726,"0",0,0.7,"30-Nov","25-Mar",116,3.9,1,1,0,3.75,3.75,"Dakota",44.726,-93.251,"NCHF",51,51,1,"2.1","Keller",0,27.2,126.02355,0,-1.09464769552063,-0.515672111296494,-1.23881207169046,"keller2007",38,38,3.94736842105263,"mccomas",1,0,0,"0",0
"44",44,19002500,2008,"keller",44.726,"0",0,1.1,"23-Nov","20-Apr",150,7.8,NA,NA,NA,NA,NA,"Dakota",44.726,-93.251,"NCHF",51,51,1,"2.1","Keller",0,25,126.02355,0,-0.655884809255344,-0.11454099430641,1.14286226523499,"keller2008",NA,NA,NA,NA,NA,0,0,"0",0
"45",45,19002500,2013,"keller",44.726,"0",0,2,"7-Dec","29-Apr",144,11.94,0.95,0.95,0,2.79,2.64,"Dakota",44.726,-93.251,"NCHF",51,51,1,"2.1","Keller",0,22,126.02355,0,-0.190121129989117,0.788004018921279,0.722566794012849,"keller2013",37,35,2.8,"mccomas",0.945945945945946,0,0,"0",0
"46",46,19002500,2014,"keller",44.726,"0",0,0.4,"24-Nov","11-Apr",139,24.77,0.73,0.73,0,1.93,1.41,"Dakota",44.726,-93.251,"NCHF",51,51,1,"2.1","Keller",0,22,126.02355,0,1.25329626251951,-0.816520449039057,0.372320567994401,"keller2014",37,27,1.92592592592593,"mccomas",0.72972972972973,0,0,"0",0
"47",47,19002500,2015,"keller",44.726,"0",0,NA,"14-Nov","23-Mar",130,5.5,0.95,0.95,0,NA,NA,"Dakota",44.726,-93.251,"NCHF",51,51,1,"2.1","Keller",0,22,126.02355,0,-0.914642408847693,NA,-0.258122638838807,"keller2015",37,0,NA,"mccomas",0.95,0,0,"0",0
"166",166,62000600,2006,"kohlman",45.023,"0",0,0.7,"3-Dec","6-Apr",125,5.2,NA,NA,NA,NA,NA,"Ramsey",45.023,-93.058,"NCHF",30,30,1,"2.7",NA,0,NA,74.1315,0,-0.948393400098869,-0.515672111296494,-0.608368864857255,"kohlman2006",NA,NA,NA,NA,NA,0,0,"0",0
"167",167,62000600,2008,"kohlman",45.023,"1",0,0.8,"1-Dec","18-Apr",140,8.1,0.23,0.23,0,NA,NA,"Ramsey",45.023,-93.058,"NCHF",30,30,1,"2.7","Kohlman ",144,NA,74.1315,1.94249408146335,-0.622133818004168,-0.415389332048973,0.44236981319809,"kohlman2008",122,28,1,"sblood",0.229508196721311,0,0,"0",0
"168",168,62000600,2009,"kohlman",45.023,"1",0,0.6,"26-Nov","31-Mar",126,4.4,0.28,0.28,0,NA,NA,"Ramsey",45.023,-93.058,"NCHF",30,30,1,"2.7","Kohlman ",144,NA,74.1315,1.94249408146335,-1.03839604343534,-0.615954890544015,-0.538319619653565,"kohlman2009",137,43,NA,"sblood",0.313868613138686,0,0,"1",1.94249408146335
"169",169,62000600,2010,"kohlman",45.023,"1",0,0.3,"30-Nov","29-Mar",120,16.5,0.09,0.09,0,NA,NA,"Ramsey",45.023,-93.058,"NCHF",30,30,1,"2.7","Kohlman ",6.9,NA,74.1315,0.093077841403452,0.322893937028757,-0.916803228286578,-0.958615090875703,"kohlman2010",NA,NA,NA,NA,NA,1,0,"1",1.94249408146335
"170",170,62000600,2011,"kohlman",45.023,"1",0,1.2,"27-Nov","10-Apr",135,28.2,0.02,0.02,0,NA,NA,"Ramsey",45.023,-93.058,"NCHF",30,30,1,"2.7","Kohlman ",31.5,NA,74.1315,0.424920580320107,1.63918259582462,-0.0142582150588893,0.0921235871796419,"kohlman2011",140,3,1,"sblood",0.0214285714285714,2,0,"1",0.093077841403452
"171",171,62000600,2012,"kohlman",45.023,"0",0,1,"27-Nov","17-Mar",112,1.9,0.02,0.02,0,NA,NA,"Ramsey",45.023,-93.058,"NCHF",30,30,1,"2.7",NA,0,NA,74.1315,0,-1.3196543038618,-0.214823773553931,-1.51900905250522,"kohlman2012",NA,NA,NA,NA,NA,3,0,"1",0.424920580320107
"172",172,62000600,2013,"kohlman",45.023,"1",0,1.1,"3-Dec","6-Apr",125,13.4,0.01,0.01,0,NA,NA,"Ramsey",45.023,-93.058,"NCHF",30,30,1,"2.7","Kohlman ",22,NA,74.1315,0.296769929112456,-0.0258663059000609,-0.11454099430641,-0.608368864857255,"kohlman2013",138,2,1,"sblood",0.0144927536231884,0,1,"0",0
"173",173,62000600,2014,"kohlman",45.023,"0",0,1.7,"27-Nov","12-Apr",137,23.2,0,0,0,NA,NA,"Ramsey",45.023,-93.058,"NCHF",30,30,1,"2.7",NA,0,NA,74.1315,0,1.07666607497168,0.487155681178716,0.232222077587021,"kohlman2014",144,0,NA,"sblood",0,0,0,"1",0.296769929112456
"76",76,27008500,2015,"libbstonka",44.946,"0",0,NA,"1-Dec","18-Apr",139,4.2,NA,NA,NA,NA,NA,"Hennepin",44.946,-93.487,"NCHF",9,9,1,"2.4",NA,0,NA,22.23945,0,-1.06089670426946,NA,0.372320567994401,"libbstonka2015",NA,NA,NA,NA,NA,0,0,"0",0
"184",184,62023100,2011,"loeb",44.976,"0",0,2.5,"24-Nov","10-Apr",138,27.7,NA,NA,NA,NA,NA,"Ramsey",44.976,-93.123,"NCHF",4,3,0.75,"8.5",NA,0,NA,7.41315,0,1.58293094373932,1.28941791515888,0.302271322790711,"loeb2011",NA,NA,NA,NA,NA,0,0,"0",0
"185",185,62023100,2013,"loeb",44.976,"0",0,2.4,"3-Dec","28-Apr",147,12.1,NA,NA,NA,NA,NA,"Ramsey",44.976,-93.123,"NCHF",4,3,0.75,"8.5",NA,0,NA,7.41315,0,-0.172120601321823,1.18913513591136,0.932714529623918,"loeb2013",NA,NA,NA,NA,NA,0,0,"0",0
"186",186,62023100,2014,"loeb",44.976,"0",0,3.4,"25-Nov","18-Apr",145,21.9,NA,NA,NA,NA,NA,"Ramsey",44.976,-93.123,"NCHF",4,3,0.75,"8.5",NA,0,NA,7.41315,0,0.930411779549922,2.19196292838657,0.792616039216539,"loeb2014",NA,NA,NA,NA,NA,0,0,"0",0
"187",187,62023100,2015,"loeb",44.976,"0",0,2.8,"14-Nov","29-Mar",136,4.3,0.25,0.29,-0.04,NA,NA,"Ramsey",44.976,-93.123,"NCHF",4,3,0.75,"8.5",NA,0,NA,7.41315,0,-1.0496463738524,1.59026625290145,0.162172832383332,"loeb2015",8,2,1,"crwd",0.25,0,0,"0",0
"39",39,19002200,2013,"longd",44.756,"0",0,0.2,"7-Dec","29-Apr",144,11.94,NA,NA,NA,NA,NA,"Dakota",44.756,-93.174,"NCHF",37,37,1,"-",NA,0,NA,91.42885,0,-0.190121129989117,-1.0170860075341,0.722566794012849,"longd2013",NA,NA,NA,NA,NA,0,0,"0",0
"40",40,19002200,2014,"longd",44.756,"0",0,0.3,"24-Nov","9-Apr",139,24.77,NA,NA,NA,NA,NA,"Dakota",44.756,-93.174,"NCHF",37,37,1,"-",NA,0,NA,91.42885,0,1.25329626251951,-0.916803228286578,0.372320567994401,"longd2014",NA,NA,NA,NA,NA,0,0,"0",0
"41",41,19002200,2015,"longd",44.756,"0",0,NA,"14-Nov","23-Mar",130,5.5,0.88,0.88,0,2.67,2.35,"Dakota",44.756,-93.174,"NCHF",37,37,1,"-",NA,0,NA,91.42885,0,-0.914642408847693,NA,-0.258122638838807,"longd2015",NA,NA,NA,NA,NA,0,0,"0",0
"131",131,30007200,2009,"longi",45.474,"1",4,0.5,"21-Nov","5-Apr",136,9,0.45,0.45,0,1.46,0.65,"Isanti",45.474,-93.346,"NCHF",155,155,1,"4.6","Long ",350,NA,383.01275,0.913807699613133,-0.520880844250641,-0.716237669791536,0.162172832383332,"longi2009",NA,NA,NA,NA,NA,0,0,"0",0
"35",35,18024300,2006,"lowermission",46.533,"0",1,0.9,"26-Nov","6-Apr",132,16.5,0.55,0.47,0.08,1.24,0.68,"Crow Wing",46.533,-94.103,"NLF",725,452,0.62,"8.2",NA,0,NA,1116.9146,0,0.322893937028757,-0.315106552801452,-0.118024148431427,"lowermission2006",196,107,1.203125,"johnson",0.545918367346939,0,0,"0",0
"36",36,18024300,2007,"lowermission",46.533,"1",2,0.8,"30-Nov","18-Apr",140,6.7,0.57,0.5,0.07,1.93,1.09,"Crow Wing",46.533,-94.103,"NLF",725,452,0.62,"8.2","Lower Mission ",300,NA,1116.9146,2.38050745277371,-0.779638443842989,-0.415389332048973,0.44236981319809,"lowermission2007",203,114,1.87096774193548,"johnson",0.561576354679803,0,0,"0",0
"37",37,18024300,2008,"lowermission",46.533,"1",3,0.8,"27-Nov","25-Apr",151,19.7,0.47,0.45,0.02,1.24,0.58,"Crow Wing",46.533,-94.103,"NLF",725,452,0.62,"8.2","Lower Mission ",300,NA,1116.9146,2.38050745277371,0.682904510374633,-0.415389332048973,1.21291151043868,"lowermission2008",191,87,1.25,"johnson",0.455497382198953,0,0,"1",2.38050745277371
"38",38,18024300,2009,"lowermission",46.533,"1",4,1.3,"21-Nov","19-Apr",150,18.3,0.33,0.32,0.01,1.34,0.45,"Crow Wing",46.533,-94.103,"NLF",725,452,0.62,"8.2","Lower Mission ",300,NA,1116.9146,0.726981317912929,0.525399884535812,0.0860245641886318,1.14286226523499,"lowermission2009",201,68,1.33333333333333,"newman",0.338308457711443,1,0,"1",2.38050745277371
"16",16,10000700,2010,"lucy",44.876,"1",0,0.7,"7-Dec","31-Mar",115,22.6,NA,NA,NA,NA,NA,"Carver",44.876,-93.559,"NCHF",35,34,0.97,"6.1","Lucy ",5.7,19.1,84.0157,0.0744100555399266,1.00916409246933,-0.515672111296494,-1.30886131689415,"lucy2010",NA,NA,NA,NA,NA,0,0,"0",0
"17",17,10000700,2011,"lucy",44.876,"1",0,0.6,"28-Nov","10-Apr",134,25.3,NA,NA,NA,NA,NA,"Carver",44.876,-93.559,"NCHF",35,34,0.97,"6.1","Lucy ",8.2,NA,84.0157,0.0232057859382276,1.31292301372992,-0.615954890544015,0.0220743419759522,"lucy2011",NA,NA,NA,NA,NA,0,0,"1",0.0744100555399266
"18",18,10000700,2012,"lucy",44.876,"1",0,0.8,"4-Dec","18-Mar",106,1.9,NA,NA,NA,NA,NA,"Carver",44.876,-93.559,"NCHF",35,34,0.97,"6.1","Lucy ",8.1,NA,84.0157,0.022922788548737,-1.3196543038618,-0.415389332048973,-1.93930452372736,"lucy2012",NA,NA,NA,NA,NA,1,0,"1",0.0232057859382276
"199",199,7004400,2009,"madison",44.191,"0",0,0.7,"7-Dec","24-Mar",108,12.9,NA,NA,NA,NA,NA,"Blue Earth",44.191,-93.813,"NCHF",585,292,0.5,"18",NA,0,NA,721.5466,0,-0.082117957985354,-0.515672111296494,-1.79920603331998,"madison2009",NA,NA,NA,NA,NA,0,0,"0",0
"200",200,7004400,2013,"madison",44.191,"0",0,0.7,"19-Dec","21-Apr",124,3.5,NA,NA,NA,NA,NA,"Blue Earth",44.191,-93.813,"NCHF",585,292,0.5,"18",NA,0,NA,721.5466,0,-1.13964901718887,-0.515672111296494,-0.678418110060945,"madison2013",NA,NA,NA,NA,NA,0,0,"0",0
"98",98,27013320,2014,"maxwelltonka",44.96,"0",0,1.2,"29-Nov","24-Apr",147,25,NA,NA,NA,NA,NA,"Hennepin",44.96,-93.606,"NCHF",122,NA,NA,"9.1",NA,0,NA,NA,NA,1.27917202247874,-0.0142582150588893,0.932714529623918,"maxwelltonka2014",NA,NA,NA,NA,NA,0,0,"0",0
"177",177,62005400,2013,"mccarron",44.999,"0",0,3.1,"3-Dec","28-Apr",147,12.1,NA,NA,NA,NA,NA,"Ramsey",44.999,-93.113,"NCHF",30,10,0.33,"17.4",NA,0,NA,24.7105,0,-0.172120601321823,1.89111459064401,0.932714529623918,"mccarron2013",NA,NA,NA,NA,NA,0,0,"0",0
"178",178,62005400,2014,"mccarron",44.999,"0",0,3.8,"25-Nov","18-Apr",145,21.9,0,0,0,NA,NA,"Ramsey",44.999,-93.113,"NCHF",30,10,0.33,"17.4",NA,0,NA,24.7105,0,0.930411779549922,2.59309404537666,0.792616039216539,"mccarron2014",NA,NA,NA,NA,NA,0,0,"0",0
"179",179,62005400,2015,"mccarron",44.999,"0",0,2.5,"14-Nov","29-Mar",136,4.3,0.21,0.22,-0.01,NA,NA,"Ramsey",44.999,-93.113,"NCHF",30,10,0.33,"17.4",NA,0,NA,24.7105,0,-1.0496463738524,1.28941791515888,0.162172832383332,"mccarron2015",24,5,1,"crwd",0.208333333333333,0,0,"0",0
"86",86,27010400,2010,"medicine",45.008,"1",1,1.2,"8-Dec","31-Mar",114,22.9,NA,NA,NA,NA,NA,"Hennepin",45.008,-93.42,"NCHF",374,161,0.43,"15","Medicine",55,NA,397.83905,0.13824686138779,1.04291508372051,-0.0142582150588893,-1.37891056209784,"medicine2010",NA,NA,NA,NA,NA,0,0,"0",0
"87",87,27010400,2011,"medicine",45.008,"1",2,1,"1-Dec","10-Apr",131,28.5,NA,NA,NA,NA,NA,"Hennepin",45.008,-93.42,"NCHF",374,161,0.43,"15","Medicine",29.1,NA,397.83905,0.0731451575706306,1.67293358707579,-0.214823773553931,-0.188073393635117,"medicine2011",NA,NA,NA,NA,NA,0,0,"1",0.13824686138779
"88",88,27010400,2012,"medicine",45.008,"1",3,0.9,"6-Dec","18-Mar",104,1.9,0.52,0.52,0,2.62,1.37,"Hennepin",45.008,-93.42,"NCHF",374,161,0.43,"15","Medicine",74,NA,397.83905,0.186004868049026,-1.3196543038618,-0.315106552801452,-2.07940301413474,"medicine2012",105,55,2.61818181818182,"brasch",0.523809523809524,1,0,"1",0.0731451575706306
"19",19,10000900,2014,"minnewashta",44.881,"0",0,1.9,"28-Nov","21-Apr",145,19.4,NA,NA,NA,NA,NA,"Carver",44.881,-93.609,"NCHF",274,150,0.55,"21.3","Minnewashta ",0,NA,370.6575,0,0.649153519123457,0.687721239673758,0.792616039216539,"minnewashta2014",NA,NA,NA,NA,NA,0,0,"0",0
"63",63,27007000,2013,"mitchell",44.858,"0",0,1.1,"3-Dec","28-Apr",147,12.5,NA,NA,NA,NA,NA,"Hennepin",44.858,-93.497,"NCHF",46,44,0.96,"5.8","Mitchell ",0,6,108.7262,0,-0.127119279653589,-0.11454099430641,0.932714529623918,"mitchell2013",NA,NA,NA,NA,NA,0,0,"0",0
"64",64,27007000,2014,"mitchell",44.858,"0",0,1.4,"27-Nov","18-Apr",143,25.5,0.32,0.33,-0.01,2.09,0.66,"Hennepin",44.858,-93.497,"NCHF",46,44,0.96,"5.8","Mitchell ",0,20,108.7262,0,1.33542367456403,0.186307343436153,0.652517548809159,"mitchell2014",181,58,2.08620689655172,"newman",0.320441988950276,0,0,"0",0
"65",65,27007000,2015,"mitchell",44.858,"1",1,NA,"27-Nov","30-Mar",124,4.6,0.72,0.72,0,1.4,1.01,"Hennepin",44.858,-93.497,"NCHF",46,44,0.96,"5.8","Mitchell ",13,13,108.7262,0.11956639705977,-1.01589538260122,NA,-0.678418110060945,"mitchell2015",184,136,NA,"newman",0.739130434782609,0,0,"0",0
"96",96,27013318,2015,"northarmtonka",44.96,"0",0,NA,"29-Nov","5-Apr",128,4.5,NA,NA,NA,NA,NA,"Hennepin",44.96,-93.62,"NCHF",127,NA,NA,"17.7",NA,0,NA,NA,NA,-1.02714571301828,NA,-0.398221129246186,"northarmtonka2015",NA,NA,NA,NA,NA,0,0,"0",0
"209",209,73003700,2008,"pearl",45.399,"0",0,NA,"26-Nov","23-Apr",150,13.5,NA,NA,NA,NA,NA,"Stearns",45.399,-94.307,"NCHF",305,207,0.68,"5.2",NA,0,NA,511.50735,0,-0.0146159754830023,NA,1.14286226523499,"pearl2008",NA,NA,NA,NA,NA,0,0,"0",0
"210",210,73003700,2009,"pearl",45.399,"0",0,1.2,"23-Nov","15-Apr",144,15,NA,NA,NA,NA,NA,"Stearns",45.399,-94.307,"NCHF",305,207,0.68,"5.2",NA,0,NA,511.50735,0,0.154138980772877,-0.0142582150588893,0.722566794012849,"pearl2009",NA,NA,NA,NA,NA,0,0,"0",0
"211",211,73003700,2010,"pearl",45.399,"0",0,1.4,"7-Dec","31-Mar",115,22.1,0.45,0.24,0.21,NA,NA,"Stearns",45.399,-94.307,"NCHF",305,207,0.68,"5.2",NA,0,NA,511.50735,0,0.95291244038404,0.186307343436153,-1.30886131689415,"pearl2010",423,190,1,"dustin",0.449172576832151,0,0,"0",0
"212",212,73003700,2011,"pearl",45.399,"0",0,1,"26-Nov","13-Apr",139,23.9,NA,NA,NA,NA,NA,"Stearns",45.399,-94.307,"NCHF",305,207,0.68,"5.2",NA,0,NA,511.50735,0,1.1554183878911,-0.214823773553931,0.372320567994401,"pearl2011",NA,NA,NA,NA,NA,0,0,"0",0
"48",48,2000400,2008,"peltier",45.177,"0",0,0.7,"28-Nov","22-Apr",147,10.7,0.43,0.44,-0.01,NA,NA,"Anoka",45.177,-93.058,"NCHF",223,167,0.75,"5.5","Peltier ",0,10.6,412.66535,0,-0.329625227160644,-0.515672111296494,0.932714529623918,"peltier2008",377,217,NA,"dustin",0.575596816976127,0,0,"0",0
"49",49,2000400,2009,"peltier",45.177,"0",0,1.5,"22-Nov","9-Apr",139,12.9,0.35,0.36,-0.01,NA,NA,"Anoka",45.177,-93.058,"NCHF",223,167,0.75,"5.5",NA,0,NA,412.66535,0,-0.082117957985354,0.286590122683674,0.372320567994401,"peltier2009",355,180,NA,"dustin",0.507042253521127,0,0,"0",0
"50",50,2000400,2010,"peltier",45.177,"0",0,1.2,"6-Dec","31-Mar",116,22.6,0.3,0.31,-0.01,NA,NA,"Anoka",45.177,-93.058,"NCHF",223,167,0.75,"5.5",NA,0,NA,412.66535,0,1.00916409246933,-0.0142582150588893,-1.23881207169046,"peltier2010",374,168,NA,"dustin",0.449197860962567,0,0,"0",0
"51",51,2000400,2011,"peltier",45.177,"0",0,0.8,"24-Nov","12-Apr",140,31.1,0.28,0.29,-0.01,NA,NA,"Anoka",45.177,-93.058,"NCHF",223,167,0.75,"5.5",NA,0,NA,412.66535,0,1.96544217791932,-0.415389332048973,0.44236981319809,"peltier2011",365,152,NA,"dustin",0.416438356164384,0,0,"0",0
"127",127,29025000,2008,"portage",46.965,"1",1,0.8,"22-Nov","3-May",164,20.5,0.2,0.28,-0.08,NA,NA,"Hubbard",46.965,-95.12,"NLF",174,166,0.95,"5.2","Portage ",40,NA,410.1943,0.09751476312567,0.772907153711102,-0.415389332048973,2.12355169808664,"portage2008",NA,NA,NA,NA,NA,0,0,"0",0
"128",128,29025000,2009,"portage",46.965,"1",2,0.7,"18-Nov","22-Apr",156,21.9,0.08,0.1,-0.02,NA,NA,"Hubbard",46.965,-95.12,"NLF",174,166,0.95,"5.2","Portage ",27.8,NA,410.1943,0.0677727603723406,0.930411779549922,-0.515672111296494,1.56315773645713,"portage2009",287,23,1,"dustin",0.0801393728222996,0,0,"1",0.09751476312567
"129",129,29025000,2010,"portage",46.965,"1",3,1.3,"4-Dec","1-Apr",119,17.2,0.15,0.17,-0.02,NA,NA,"Hubbard",46.965,-95.12,"NLF",174,166,0.95,"5.2","Portage ",23.5,NA,410.1943,0.0572899233363311,0.401646249948167,0.0860245641886318,-1.02866433607939,"portage2010",296,44,1,"dustin",0.148648648648649,1,0,"1",0.0677727603723406
"130",130,29025000,2011,"portage",46.965,"0",4,1.2,"21-Nov","28-Apr",159,29.9,NA,NA,NA,NA,NA,"Hubbard",46.965,-95.12,"NLF",174,166,0.95,"5.2",NA,0,NA,410.1943,0,1.83043821291461,-0.0142582150588893,1.77330547206819,"portage2011",NA,NA,NA,NA,NA,2,0,"1",0.0572899233363311
"117",117,27019200,2006,"rebecca",45.066,"0",0,NA,"1-Dec","6-Apr",127,5.5,0.97,0.96,0.01,2.13,2.07,"Hennepin",45.066,-93.742,"NCHF",107,56,0.52,"9.1",NA,0,NA,138.3788,0,-0.914642408847693,NA,-0.468270374449876,"rebecca2006",132,128,1.96078431372549,"johnson",0.96969696969697,0,0,"0",0
"118",118,27019200,2007,"rebecca",45.066,"0",0,0.6,"1-Dec","30-Mar",120,5.8,0.96,0.96,0,2.49,2.39,"Hennepin",45.066,-93.742,"NCHF",107,56,0.52,"9.1",NA,0,NA,138.3788,0,-0.880891417596517,-0.615954890544015,-0.958615090875703,"rebecca2007",141,135,2.31847133757962,"johnson",0.957446808510638,0,0,"0",0
"119",119,27019200,2008,"rebecca",45.066,"0",0,0.6,"29-Nov","22-Apr",146,10,0.59,0.66,-0.07,1.15,0.69,"Hennepin",45.066,-93.742,"NCHF",107,56,0.52,"9.1",NA,0,NA,138.3788,0,-0.408377540080054,-0.615954890544015,0.862665284420228,"rebecca2008",140,80,1.21951219512195,"johnson",0.571428571428571,0,0,"0",0
"120",120,27019200,2009,"rebecca",45.066,"1",1,0.6,"22-Nov","12-Apr",142,6.2,0.53,0.64,-0.11,1.26,0.67,"Hennepin",45.066,-93.742,"NCHF",107,56,0.52,"9.1","Rebecca ",290,NA,138.3788,2.095696739674,-0.835890095928282,-0.615954890544015,0.58246830360547,"rebecca2009",152,82,1.25609756097561,"newman",0.539473684210526,0,0,"0",0
"121",121,27019200,2010,"rebecca",45.066,"1",2,0.6,"3-Dec","28-Mar",116,22.4,0.26,0.32,-0.06,1.39,0.36,"Hennepin",45.066,-93.742,"NCHF",107,56,0.52,"9.1","Rebecca ",138,NA,138.3788,0.997262586465557,0.986663431635216,-0.615954890544015,-1.23881207169046,"rebecca2010",156,42,NA,"brasch",0.269230769230769,0,0,"1",2.095696739674
"122",122,27019200,2011,"rebecca",45.066,"1",3,0.6,"23-Nov","10-Apr",139,27.1,NA,NA,NA,NA,NA,"Hennepin",45.066,-93.742,"NCHF",107,56,0.52,"9.1","Rebecca ",65,NA,138.3788,0.46972513130624,1.51542896123697,-0.615954890544015,0.372320567994401,"rebecca2011",NA,NA,NA,NA,NA,1,0,"1",0.997262586465557
"123",123,27019200,2012,"rebecca",45.066,"1",4,1.8,"30-Nov","18-Mar",110,2,0.18,0.22,-0.04,1.11,0.2,"Hennepin",45.066,-93.742,"NCHF",107,56,0.52,"9.1","Rebecca ",138,NA,138.3788,0.997262586465557,-1.30840397344474,0.587438460426237,-1.6591075429126,"rebecca2012",158,28,1.10714285714286,"brasch",0.177215189873418,2,0,"1",0.46972513130624
"124",124,27019200,2013,"rebecca",45.066,"1",5,1.2,"22-Nov","29-Apr",159,11.7,0.21,0.25,-0.04,1.36,0.28,"Hennepin",45.066,-93.742,"NCHF",107,56,0.52,"9.1","Rebecca ",46,NA,138.3788,0.332420862155186,-0.217121922990058,-0.0142582150588893,1.77330547206819,"rebecca2013",157,33,1.36363636363636,"brasch",0.210191082802548,3,0,"1",0.997262586465557
"125",125,27019200,2014,"rebecca",45.066,"1",6,1.8,"24-Nov","13-Apr",141,25.7,0.12,0.14,-0.02,1,0.12,"Hennepin",45.066,-93.742,"NCHF",107,56,0.52,"9.1","Rebecca ",46,NA,138.3788,0.332420862155186,1.35792433539815,0.587438460426237,0.51241905840178,"rebecca2014",152,18,1,"brasch",0.118421052631579,4,0,"1",0.332420862155186
"126",126,27019200,2015,"rebecca",45.066,"0",0,1.3,"17-Nov","29-Mar",133,4.8,NA,NA,NA,NA,NA,"Hennepin",45.066,-93.742,"NCHF",107,56,0.52,"9.1",NA,0,NA,138.3788,0,-0.993394721767103,0.0860245641886318,-0.0479749032277375,"rebecca2015",NA,NA,NA,NA,NA,5,0,"1",0.332420862155186
"1",1,2000900,2006,"reshanau",45.152,"1",2,0.3,"30-Nov","7-Apr",129,7.6,0.39,0.39,0,NA,NA,"Anoka",45.152,-93.096,"NCHF",136,136,1,"3","Reshanau ",282,NA,336.0628,2.59367107468117,-0.678385470089462,-0.916803228286578,-0.328171884042496,"reshanau2006",NA,NA,NA,NA,NA,0,0,"0",0
"2",2,2000900,2007,"reshanau",45.152,"1",3,0.3,"1-Dec","30-Mar",120,10.9,0.95,0.95,0,NA,NA,"Anoka",45.152,-93.096,"NCHF",136,136,1,"3","Reshanau ",282,NA,336.0628,2.59367107468117,-0.307124566326527,-0.916803228286578,-0.958615090875703,"reshanau2007",NA,NA,NA,NA,NA,0,0,"1",2.59367107468117
"3",3,2000900,2008,"reshanau",45.152,"1",4,0.5,"28-Nov","22-Apr",147,10.7,0.72,0.72,0,1.09,0.78,"Anoka",45.152,-93.096,"NCHF",136,136,1,"3","Reshanau ",282,NA,336.0628,2.59367107468117,-0.329625227160644,-0.716237669791536,0.932714529623918,"reshanau2008",130,94,1.19148936170213,"mccomas",0.723076923076923,1,0,"1",2.59367107468117
"4",4,2000900,2009,"reshanau",45.152,"1",5,0.3,"22-Nov","9-Apr",139,12.9,0.31,0.31,0,1.05,0.78,"Anoka",45.152,-93.096,"NCHF",136,136,1,"3","Reshanau ",282,NA,336.0628,2.59367107468117,-0.082117957985354,-0.916803228286578,0.372320567994401,"reshanau2009",130,40,1.1,"mccomas",0.307692307692308,2,0,"1",2.59367107468117
"5",5,2000900,2010,"reshanau",45.152,"0",0,0.4,"6-Dec","31-Mar",116,22.6,0.46,0.46,0,1.13,0.52,"Anoka",45.152,-93.096,"NCHF",136,136,1,"3",NA,0,NA,336.0628,0,1.00916409246933,-0.816520449039057,-1.23881207169046,"reshanau2010",130,60,1.15,"mccomas",0.461538461538462,3,0,"1",2.59367107468117
"6",6,2000900,2011,"reshanau",45.152,"1",1,0.5,"24-Nov","12-Apr",140,31.1,0.65,0.65,0,1.58,1.02,"Anoka",45.152,-93.096,"NCHF",136,136,1,"3","Reshanau ",49,NA,336.0628,0.583224325929558,1.96544217791932,-0.716237669791536,0.44236981319809,"reshanau2011",130,84,1.64285714285714,"mccomas",0.646153846153846,0,1,"0",0
"7",7,2000900,2012,"reshanau",45.152,"1",2,0.5,"30-Nov","18-Mar",110,2.1,0.48,0.48,0,1.08,0.52,"Anoka",45.152,-93.096,"NCHF",136,136,1,"3","Reshanau ",48,NA,336.0628,0.57132178866569,-1.29715364302769,-0.716237669791536,-1.6591075429126,"reshanau2012",130,64,NA,"mccomas",0.492307692307692,0,0,"1",0.583224325929558
"8",8,2000900,2013,"reshanau",45.152,"1",0,0.3,"10-Dec","1-May",143,18.4,0.06,0.06,0,1,0.06,"Anoka",45.152,-93.096,"NCHF",136,136,1,"3","Reshanau ",48,NA,336.0628,0.57132178866569,0.53665021495287,-0.916803228286578,0.652517548809159,"reshanau2013",115,8,1,"mccomas",0.0695652173913043,1,0,"1",0.57132178866569
"9",9,2000900,2014,"reshanau",45.152,"1",1,0.3,"23-Nov","23-Apr",152,30.2,0.1,0.1,0,1,0.1,"Anoka",45.152,-93.096,"NCHF",136,136,1,"3","Reshanau ",48,NA,336.0628,0.12949960543089,1.86418920416579,-0.916803228286578,1.28296075564237,"reshanau2014",18,13,1,"mccomas",0.1,2,0,"1",0.57132178866569
"10",10,2000900,2015,"reshanau",45.152,"1",2,NA,"13-Nov","31-Mar",139,6,0.23,0.23,0,NA,NA,"Anoka",45.152,-93.096,"NCHF",136,136,1,"3","Reshanau ",48,NA,336.0628,0.626610994020434,-0.8583907567624,NA,0.372320567994401,"reshanau2015",44,0,NA,"mccomas",0.23,3,0,"1",0.12949960543089
"11",11,10000200,2011,"riley",44.836,"0",0,1,"25-Nov","10-Apr",137,24.8,NA,NA,NA,NA,NA,"Carver",44.836,-93.522,"NCHF",120,44,0.37,"14.9",NA,0,NA,108.7262,0,1.25667136164462,-0.214823773553931,0.232222077587021,"riley2011",NA,NA,NA,NA,NA,0,0,"0",0
"12",12,10000200,2012,"riley",44.836,"0",0,0.9,"4-Dec","18-Mar",106,1.9,0.62,0.71,-0.09,3.72,2.31,"Carver",44.836,-93.522,"NCHF",120,44,0.37,"14.9",NA,0,NA,108.7262,0,-1.3196543038618,-0.315106552801452,-1.93930452372736,"riley2012",165,106,NA,"newman",0.642424242424242,0,0,"0",0
"13",13,10000200,2013,"riley",44.836,"1",1,0.8,"3-Dec","28-Apr",147,8.9,0.53,0.59,-0.06,2.84,1.51,"Carver",44.836,-93.522,"NCHF",120,44,0.37,"14.9","Riley",35,NA,108.7262,0.456903849806567,-0.532131174667699,-0.415389332048973,0.932714529623918,"riley2013",179,96,NA,"newman",0.536312849162011,0,0,"0",0
"14",14,10000200,2014,"riley",44.836,"1",2,0.8,"27-Nov","18-Apr",143,19.7,0.27,0.3,-0.03,1.67,0.4,"Carver",44.836,-93.522,"NCHF",120,44,0.37,"14.9","Riley",35,NA,108.7262,0.456903849806567,0.682904510374633,-0.415389332048973,0.652517548809159,"riley2014",176,48,1.66666666666667,"newman",0.272727272727273,0,0,"1",0.456903849806567
"15",15,10000200,2015,"riley",44.836,"1",3,2,"27-Nov","30-Mar",124,3.2,0.25,0.28,-0.03,1.11,0.27,"Carver",44.836,-93.522,"NCHF",120,44,0.37,"14.9","Riley",34.5,NA,108.7262,0.450376651952187,-1.17340000844004,0.788004018921279,-0.678418110060945,"riley2015",181,45,1.11111111111111,"newman",0.248618784530387,1,0,"1",0.456903849806567
"66",66,27007100,2011,"round",44.869,"0",0,1.3,"23-Nov","10-Apr",139,27.1,NA,NA,NA,NA,NA,"Hennepin",44.869,-93.493,"NCHF",31,23,0.74,"11.3",NA,0,NA,56.83415,0,1.51542896123697,0.0860245641886318,0.372320567994401,"round2011",NA,NA,NA,NA,NA,0,0,"0",0
"67",67,27007100,2012,"round",44.869,"0",0,NA,"4-Dec","18-Mar",106,2,0.19,0.19,0,1,0.19,"Hennepin",44.869,-93.493,"NCHF",31,23,0.74,"11.3",NA,0,NA,56.83415,0,-1.30840397344474,NA,-1.93930452372736,"round2012",37,8,NA,"mccomas",0.216216216216216,0,0,"0",0
"68",68,27007100,2013,"round",44.869,"0",0,NA,"3-Dec","27-Apr",146,12.5,NA,NA,NA,NA,NA,"Hennepin",44.869,-93.493,"NCHF",31,23,0.74,"11.3",NA,0,NA,56.83415,0,-0.127119279653589,NA,0.862665284420228,"round2013",NA,NA,NA,NA,NA,0,0,"0",0
"69",69,27007100,2014,"round",44.869,"0",0,NA,"24-Nov","13-Apr",141,25.7,NA,NA,NA,NA,NA,"Hennepin",44.869,-93.493,"NCHF",31,23,0.74,"11.3",NA,0,NA,56.83415,0,1.35792433539815,NA,0.51241905840178,"round2014",NA,NA,NA,NA,NA,0,0,"0",0
"70",70,27007100,2015,"round",44.869,"0",0,NA,"14-Nov","29-Mar",136,4.8,NA,NA,NA,NA,NA,"Hennepin",44.869,-93.493,"NCHF",31,23,0.74,"11.3",NA,0,NA,56.83415,0,-0.993394721767103,NA,0.162172832383332,"round2015",NA,NA,NA,NA,NA,0,0,"0",0
"205",205,71014700,2006,"rush",45.489,"1",1,0.2,"28-Nov","7-Apr",131,7.3,0.42,0.42,0,1.02,0.43,"Sherburne",45.489,-93.935,"NCHF",65,65,1,"3.7","Rush ",65,NA,160.61825,0.40468626697153,-0.712136461340637,-1.0170860075341,-0.188073393635117,"rush2006",112,47,1.02127659574468,"johnson",0.419642857142857,0,0,"0",0
"206",206,71014700,2007,"rush",45.489,"1",2,0.4,"30-Nov","31-Mar",122,8.6,0.7,0.7,0,1.45,1.01,"Sherburne",45.489,-93.935,"NCHF",65,65,1,"3.7","Rush ",65,NA,160.61825,0.40468626697153,-0.565882165918875,-0.816520449039057,-0.818516600468324,"rush2007",112,78,1.44871794871795,"johnson",0.696428571428571,0,0,"1",0.40468626697153
"207",207,71014700,2008,"rush",45.489,"1",3,0.2,"17-Nov","16-Apr",152,14,0.19,0.19,0,1.1,0.21,"Sherburne",45.489,-93.935,"NCHF",65,65,1,"3.7","Rush ",65,NA,160.61825,0.40468626697153,0.0416356766022909,-1.0170860075341,1.28296075564237,"rush2008",112,21,1.0952380952381,"johnson",0.1875,1,0,"1",0.40468626697153
"208",208,71014700,2009,"rush",45.489,"1",4,0.4,"27-Nov","10-Apr",135,16.1,0.06,0.06,0,1.14,0.07,"Sherburne",45.489,-93.935,"NCHF",65,65,1,"3.7","Rush ",11,NA,160.61825,0.0684853682567205,0.277892615360522,-0.816520449039057,0.0921235871796419,"rush2009",112,7,1.14285714285714,"newman",0.0625,2,0,"1",0.40468626697153
"110",110,27019102,2006,"saraheast",45.06,"0",0,0.6,"1-Dec","7-Apr",128,5.5,NA,NA,NA,NA,NA,"Hennepin",45.06,-93.668,"NCHF",81,NA,NA,"5.5","sarahe",0,NA,NA,NA,-0.914642408847693,-0.615954890544015,-0.398221129246186,"saraheast2006",NA,NA,NA,NA,NA,0,0,"0",0
"111",111,27019102,2008,"saraheast",45.06,"0",0,0.7,"3-Dec","22-Apr",142,10.3,0.46,0.48,-0.02,1.12,0.52,"Hennepin",45.06,-93.668,"NCHF",81,NA,NA,"5.5",NA,0,NA,NA,NA,-0.374626548828878,-0.515672111296494,0.58246830360547,"saraheast2008",71,34,NA,"brasch",0.47887323943662,0,0,"0",0
"112",112,27019102,2009,"saraheast",45.06,"0",0,0.8,"22-Nov","12-Apr",142,6.2,NA,NA,NA,NA,NA,"Hennepin",45.06,-93.668,"NCHF",81,NA,NA,"5.5",NA,0,NA,NA,NA,-0.835890095928282,-0.415389332048973,0.58246830360547,"saraheast2009",NA,NA,NA,NA,NA,0,0,"0",0
"113",113,27019102,2011,"saraheast",45.06,"0",0,0.7,"24-Nov","10-Apr",138,27.3,NA,NA,NA,NA,NA,"Hennepin",45.06,-93.668,"NCHF",81,NA,NA,"5.5",NA,0,NA,NA,NA,1.53792962207109,-0.515672111296494,0.302271322790711,"saraheast2011",NA,NA,NA,NA,NA,0,0,"0",0
"114",114,27019102,2012,"saraheast",45.06,"0",0,1,"28-Nov","18-Mar",112,1.9,NA,NA,NA,NA,NA,"Hennepin",45.06,-93.668,"NCHF",81,NA,NA,"5.5",NA,0,NA,NA,NA,-1.3196543038618,-0.214823773553931,-1.51900905250522,"saraheast2012",NA,NA,NA,NA,NA,0,0,"0",0
"115",115,27019102,2013,"saraheast",45.06,"1",1,0.7,"20-Nov","30-Apr",162,11.4,0.31,0.34,-0.03,1.43,0.45,"Hennepin",45.06,-93.668,"NCHF",81,NA,NA,"5.5","sarahe",260,NA,NA,NA,-0.250872914241233,-0.515672111296494,1.98345320767926,"saraheast2013",72,23,1.43478260869565,"brasch",0.319444444444444,0,0,"0",0
"116",116,27019102,2014,"saraheast",45.06,"1",2,0.8,"24-Nov","21-Apr",149,24.8,0.26,0.28,-0.02,1.26,0.33,"Hennepin",45.06,-93.668,"NCHF",81,NA,NA,"5.5","sarahe",260,NA,NA,NA,1.25667136164462,-0.415389332048973,1.0728130200313,"saraheast2014",73,19,1.26315789473684,"brasch",0.26027397260274,0,0,"1",NA
"103",103,27019101,2006,"sarahwest",45.068,"0",0,0.6,"1-Dec","7-Apr",128,5.5,NA,NA,NA,NA,NA,"Hennepin",45.068,-93.699,"NCHF",138,NA,NA,"18","sarahw",0,NA,NA,NA,-0.914642408847693,-0.615954890544015,-0.398221129246186,"sarahwest2006",NA,NA,NA,NA,NA,0,0,"0",0
"104",104,27019101,2008,"sarahwest",45.068,"0",0,0.8,"3-Dec","22-Apr",142,10.3,0.46,0.55,-0.09,1.1,0.51,"Hennepin",45.068,-93.699,"NCHF",138,NA,NA,"18",NA,0,NA,NA,NA,-0.374626548828878,-0.415389332048973,0.58246830360547,"sarahwest2008",110,56,NA,"brasch",0.509090909090909,0,0,"0",0
"105",105,27019101,2009,"sarahwest",45.068,"0",0,0.7,"22-Nov","12-Apr",142,6.2,NA,NA,NA,NA,NA,"Hennepin",45.068,-93.699,"NCHF",138,NA,NA,"18",NA,0,NA,NA,NA,-0.835890095928282,-0.515672111296494,0.58246830360547,"sarahwest2009",NA,NA,NA,NA,NA,0,0,"0",0
"106",106,27019101,2011,"sarahwest",45.068,"0",0,0.7,"24-Nov","10-Apr",138,27.3,NA,NA,NA,NA,NA,"Hennepin",45.068,-93.699,"NCHF",138,NA,NA,"18",NA,0,NA,NA,NA,1.53792962207109,-0.515672111296494,0.302271322790711,"sarahwest2011",NA,NA,NA,NA,NA,0,0,"0",0
"107",107,27019101,2012,"sarahwest",45.068,"0",0,0.9,"28-Nov","18-Mar",112,1.9,NA,NA,NA,NA,NA,"Hennepin",45.068,-93.699,"NCHF",138,NA,NA,"18",NA,0,NA,NA,NA,-1.3196543038618,-0.315106552801452,-1.51900905250522,"sarahwest2012",NA,NA,NA,NA,NA,0,0,"0",0
"108",108,27019101,2013,"sarahwest",45.068,"1",1,0.7,"20-Nov","30-Apr",162,11.4,0.41,0.48,-0.07,1.53,0.63,"Hennepin",45.068,-93.699,"NCHF",138,NA,NA,"18","sarahw",260,NA,NA,NA,-0.250872914241233,-0.515672111296494,1.98345320767926,"sarahwest2013",110,45,1.53333333333333,"brasch",0.409090909090909,0,0,"0",0
"109",109,27019101,2014,"sarahwest",45.068,"1",2,0.7,"24-Nov","21-Apr",149,24.8,0.31,0.36,-0.05,1.42,0.44,"Hennepin",45.068,-93.699,"NCHF",138,NA,NA,"18","sarahw",260,NA,NA,NA,1.25667136164462,-0.515672111296494,1.0728130200313,"sarahwest2014",107,33,1.42424242424242,"brasch",0.308411214953271,0,0,"1",NA
"153",153,62000100,2006,"silver",45.028,"0",0,1.6,"4-Dec","7-Apr",125,5.2,NA,NA,NA,NA,NA,"Ramsey",45.028,-92.988,"NCHF",30,29,0.97,"5.5",NA,0,NA,71.66045,0,-0.948393400098869,0.386872901931195,-0.608368864857255,"silver2006",NA,NA,NA,NA,NA,0,0,"0",0
"154",154,62000100,2007,"silver",45.028,"1",1,1.5,"1-Dec","27-Mar",117,4.8,0.64,NA,NA,NA,NA,"Ramsey",45.028,-92.988,"NCHF",30,29,0.97,"5.5","Silver ",50,NA,71.66045,0.697734943054363,-0.993394721767103,0.286590122683674,-1.16876282648677,"silver2007",NA,NA,NA,NA,NA,0,0,"0",0
"155",155,62000100,2008,"silver",45.028,"1",2,0.8,"1-Dec","20-Apr",142,8,0.66,NA,NA,NA,NA,"Ramsey",45.028,-92.988,"NCHF",30,29,0.97,"5.5","Silver ",60,NA,71.66045,0.837281931665235,-0.633384148421227,-0.415389332048973,0.58246830360547,"silver2008",NA,NA,NA,NA,NA,0,0,"1",0.697734943054363
"156",156,62000100,2009,"silver",45.028,"1",3,0.7,"26-Nov","1-Apr",127,4.3,0.44,NA,NA,NA,NA,"Ramsey",45.028,-92.988,"NCHF",30,29,0.97,"5.5","Silver ",60,NA,71.66045,0.837281931665235,-1.0496463738524,-0.515672111296494,-0.468270374449876,"silver2009",145,64,1.109375,"newman",0.441379310344828,1,0,"1",0.837281931665235
"157",157,62000100,2014,"silver",45.028,"1",4,0.5,"27-Nov","18-Apr",143,22.3,NA,NA,NA,NA,NA,"Ramsey",45.028,-92.988,"NCHF",30,29,0.97,"5.5","Silver ",10.65,NA,71.66045,0.148617542870579,0.975413101218157,-0.716237669791536,0.652517548809159,"silver2014",NA,NA,NA,NA,NA,0,5,"0",0
"158",158,62000100,2015,"silver",45.028,"0",5,1,"15-Nov","29-Mar",135,4.2,NA,NA,NA,NA,NA,"Ramsey",45.028,-92.988,"NCHF",30,29,0.97,"5.5",NA,0,NA,71.66045,0,-1.06089670426946,-0.214823773553931,0.0921235871796419,"silver2015",NA,NA,NA,NA,NA,0,0,"1",0.148617542870579
"31",31,13002700,2008,"southcenter",45.375,"0",0,0.8,"2-Dec","22-Apr",143,13.4,0.83,0.83,0,NA,NA,"Chisago",45.375,-92.826,"NCHF",898,561,0.62,"33.2",NA,0,NA,1386.25905,0,-0.0258663059000609,-0.415389332048973,0.652517548809159,"southcenter2008",422,353,NA,"dustin",0.836492890995261,0,0,"0",0
"32",32,13002700,2009,"southcenter",45.375,"0",0,0.8,"25-Nov","10-Apr",137,10.9,0.85,0.85,0,NA,NA,"Chisago",45.375,-92.826,"NCHF",898,561,0.62,"33.2",NA,0,NA,1386.25905,0,-0.307124566326527,-0.415389332048973,0.232222077587021,"southcenter2009",436,377,NA,"dustin",0.864678899082569,0,0,"0",0
"33",33,13002700,2010,"southcenter",45.375,"0",0,0.9,"7-Dec","1-Apr",116,17.5,0.75,0.76,-0.01,NA,NA,"Chisago",45.375,-92.826,"NCHF",898,561,0.62,"33.2",NA,0,NA,1386.25905,0,0.435397241199343,-0.315106552801452,-1.23881207169046,"southcenter2010",434,326,NA,"dustin",0.751152073732719,0,0,"0",0
"34",34,13002700,2011,"southcenter",45.375,"0",0,1.4,"26-Nov","13-Apr",139,22.3,0.52,0.5,0.02,NA,NA,"Chisago",45.375,-92.826,"NCHF",898,561,0.62,"33.2",NA,0,NA,1386.25905,0,0.975413101218157,0.186307343436153,0.372320567994401,"southcenter2011",430,224,1,"dustin",0.52093023255814,0,0,"0",0
"97",97,27013319,2015,"stalbanstonka",44.906,"0",0,NA,"29-Nov","5-Apr",128,4.5,NA,NA,NA,NA,NA,"Hennepin",44.906,-93.552,"NCHF",NA,NA,NA,"",NA,0,NA,NA,NA,-1.02714571301828,NA,-0.398221129246186,"stalbanstonka2015",NA,NA,NA,NA,NA,0,0,"0",0
"71",71,27007800,2011,"staring",44.837,"0",0,0.5,"25-Nov","10-Apr",137,27.4,NA,NA,NA,NA,NA,"Hennepin",44.837,-93.454,"NCHF",66,59,0.89,"4.9",NA,0,NA,145.79195,0,1.54917995248815,-0.716237669791536,0.232222077587021,"staring2011",NA,NA,NA,NA,NA,0,0,"0",0
"72",72,27007800,2012,"staring",44.837,"0",0,0.4,"4-Dec","18-Mar",106,2,NA,NA,NA,NA,NA,"Hennepin",44.837,-93.454,"NCHF",66,59,0.89,"4.9",NA,0,NA,145.79195,0,-1.30840397344474,-0.816520449039057,-1.93930452372736,"staring2012",NA,NA,NA,NA,NA,0,0,"0",0
"73",73,27007800,2013,"staring",44.837,"0",0,0.5,"3-Dec","28-Apr",147,12.5,NA,NA,NA,NA,NA,"Hennepin",44.837,-93.454,"NCHF",66,59,0.89,"4.9",NA,0,NA,145.79195,0,-0.127119279653589,-0.716237669791536,0.932714529623918,"staring2013",NA,NA,NA,NA,NA,0,0,"0",0
"74",74,27007800,2014,"staring",44.837,"0",0,0.5,"27-Nov","18-Apr",143,25.5,NA,NA,NA,NA,NA,"Hennepin",44.837,-93.454,"NCHF",66,59,0.89,"4.9",NA,0,NA,145.79195,0,1.33542367456403,-0.716237669791536,0.652517548809159,"staring2014",NA,NA,NA,NA,NA,0,0,"0",0
"75",75,27007800,2015,"staring",44.837,"0",0,0.5,"27-Nov","30-Mar",124,4.6,0.28,0.31,-0.03,2.86,0.8,"Hennepin",44.837,-93.454,"NCHF",66,59,0.89,"4.9",NA,0,NA,145.79195,0,-1.01589538260122,-0.716237669791536,-0.678418110060945,"staring2015",178,50,2.86,"newman",0.280898876404494,0,0,"0",0
"234",234,83004300,2008,"stjames",43.977,"0",0,NA,"14-Nov","11-Apr",150,4.7,NA,NA,NA,NA,NA,"Watonwan",43.977,-94.646,"WCBP",102,102,1,"4.6",NA,0,NA,252.0471,0,-1.00464505218416,NA,1.14286226523499,"stjames2008",NA,NA,NA,NA,NA,0,0,"0",0
"235",235,83004300,2009,"stjames",43.977,"0",0,1.1,"22-Nov","24-Mar",123,14.3,NA,NA,NA,NA,NA,"Watonwan",43.977,-94.646,"WCBP",102,102,1,"4.6",NA,0,NA,252.0471,0,0.0753866678534668,-0.11454099430641,-0.748467355264634,"stjames2009",NA,NA,NA,NA,NA,0,0,"0",0
"236",236,83004300,2010,"stjames",43.977,"0",0,1.3,"10-Dec","30-Mar",111,39.2,0.03,0.03,0,NA,NA,"Watonwan",43.977,-94.646,"WCBP",102,102,1,"4.6",NA,0,NA,252.0471,0,2.87671894170107,0.0860245641886318,-1.58905829770891,"stjames2010",149,4,1,"dustin",0.0268456375838926,0,0,"0",0
"237",237,83004300,2011,"stjames",43.977,"0",0,1.4,"30-Nov","7-Apr",129,35.6,NA,NA,NA,NA,NA,"Watonwan",43.977,-94.646,"WCBP",102,102,1,"4.6",NA,0,NA,252.0471,0,2.47170704668696,0.186307343436153,-0.328171884042496,"stjames2011",NA,NA,NA,NA,NA,0,0,"0",0
"238",238,83004300,2013,"stjames",43.977,"0",0,NA,"12-Dec","9-Apr",119,6,NA,NA,NA,NA,NA,"Watonwan",43.977,-94.646,"WCBP",102,102,1,"4.6",NA,0,NA,252.0471,0,-0.8583907567624,NA,-1.02866433607939,"stjames2013",NA,NA,NA,NA,NA,0,0,"0",0
"223",223,81000300,2008,"stolaf",43.903,"0",0,1.8,"29-Nov","16-Apr",140,7.1,NA,NA,NA,NA,NA,"Waseca",43.903,-93.417,"WCBP",37,21,0.57,"10.1",NA,0,NA,51.89205,0,-0.734637122174755,0.587438460426237,0.44236981319809,"stolaf2008",NA,NA,NA,NA,NA,0,0,"0",0
"224",224,81000300,2009,"stolaf",43.903,"0",0,1,"6-Dec","24-Mar",109,6.9,0.09,0.1,-0.01,NA,NA,"Waseca",43.903,-93.417,"WCBP",37,21,0.57,"10.1",NA,0,NA,51.89205,0,-0.757137783008872,-0.214823773553931,-1.72915678811629,"stolaf2009",54,5,1,"dustin",0.0925925925925926,0,0,"0",0
"225",225,81000300,2010,"stolaf",43.903,"0",0,1.1,"10-Dec","31-Mar",112,27.4,0.08,0.08,0,NA,NA,"Waseca",43.903,-93.417,"WCBP",37,21,0.57,"10.1",NA,0,NA,51.89205,0,1.54917995248815,-0.11454099430641,-1.51900905250522,"stolaf2010",52,4,1,"dustin",0.0769230769230769,0,0,"0",0
"226",226,81000300,2011,"stolaf",43.903,"0",0,1.3,"30-Nov","9-Apr",131,24.6,NA,NA,NA,NA,NA,"Waseca",43.903,-93.417,"WCBP",37,21,0.57,"10.1",NA,0,NA,51.89205,0,1.23417070081051,0.0860245641886318,-0.188073393635117,"stolaf2011",NA,NA,NA,NA,NA,0,0,"0",0
"100",100,27013329,2014,"stubbstonka",44.97,"0",0,0.5,"29-Nov","24-Apr",147,25,NA,NA,NA,NA,NA,"Hennepin",44.97,-93.616,"NCHF",80,NA,NA,"27.7",NA,0,NA,NA,NA,1.27917202247874,-0.716237669791536,0.932714529623918,"stubbstonka2014",NA,NA,NA,NA,NA,0,0,"0",0
"20",20,10001300,2009,"susan",44.852,"0",0,0.5,"23-Nov","5-Apr",134,8.7,NA,NA,NA,NA,NA,"Carver",44.852,-93.541,"NCHF",36,31,0.86,"5.2",NA,0,NA,76.60255,0,-0.554631835501817,-0.716237669791536,0.0220743419759522,"susan2009",NA,NA,NA,NA,NA,0,0,"0",0
"21",21,10001300,2010,"susan",44.852,"0",0,0.4,"7-Dec","31-Mar",115,22.6,NA,NA,NA,NA,NA,"Carver",44.852,-93.541,"NCHF",36,31,0.86,"5.2",NA,0,NA,76.60255,0,1.00916409246933,-0.816520449039057,-1.30886131689415,"susan2010",NA,NA,NA,NA,NA,0,0,"0",0
"22",22,10001300,2011,"susan",44.852,"0",0,0.9,"25-Nov","10-Apr",137,24.8,0.29,0.42,-0.13,2.46,0.7,"Carver",44.852,-93.541,"NCHF",36,31,0.86,"5.2",NA,0,NA,76.60255,0,1.25667136164462,-0.315106552801452,0.232222077587021,"susan2011",95,27,2.41379310344828,"newman",0.284210526315789,0,0,"0",0
"23",23,10001300,2012,"susan",44.852,"0",0,0.7,"4-Dec","18-Mar",106,1.9,0.41,0.61,-0.2,3.29,1.33,"Carver",44.852,-93.541,"NCHF",36,31,0.86,"5.2",NA,0,NA,76.60255,0,-1.3196543038618,-0.515672111296494,-1.93930452372736,"susan2012",94,42,3.28571428571429,"newman",0.446808510638298,0,0,"0",0
"24",24,10001300,2013,"susan",44.852,"1",0,0.6,"3-Dec","28-Apr",147,8.9,0.39,0.58,-0.19,2.45,0.96,"Carver",44.852,-93.541,"NCHF",36,31,0.86,"5.2","Susan ",16,NA,76.60255,0.0115418543164786,-0.532131174667699,-0.615954890544015,0.932714529623918,"susan2013",112,47,NA,"newman",0.419642857142857,0,0,"0",0
"25",25,10001300,2014,"susan",44.852,"1",0,0.8,"27-Nov","18-Apr",143,19.7,0.29,0.41,-0.12,1.8,0.52,"Carver",44.852,-93.541,"NCHF",36,31,0.86,"5.2","Susan ",16,NA,76.60255,0.0143251775919126,0.682904510374633,-0.415389332048973,0.652517548809159,"susan2014",101,30,1.8,"newman",0.297029702970297,0,0,"1",0.0115418543164786
"26",26,10001300,2015,"susan",44.852,"0",0,0.9,"27-Nov","30-Mar",124,3.2,0.21,0.31,-0.1,0.79,0.27,"Carver",44.852,-93.541,"NCHF",36,31,0.86,"5.2",NA,0,NA,76.60255,0,-1.17340000844004,-0.315106552801452,-0.678418110060945,"susan2015",101,22,1.27272727272727,"newman",0.217821782178218,1,0,"1",0.0143251775919126
"56",56,27003501,2014,"sweeney",44.993,"0",0,1.1,"27-Nov","20-Apr",145,25.2,NA,NA,NA,NA,NA,"Hennepin",44.993,-93.339,"NCHF",27,14,0.52,"8.5",NA,0,NA,34.5947,0,1.30167268331286,-0.11454099430641,0.792616039216539,"sweeney2014",NA,NA,NA,NA,NA,0,0,"0",0
"55",55,27003500,2014,"twin",44.992,"0",0,NA,"27-Nov","20-Apr",145,25.2,NA,NA,NA,NA,NA,"Hennepin",44.992,-93.336,"NCHF",27,14,0.52,"8.5",NA,0,NA,34.5947,0,1.30167268331286,NA,0.792616039216539,"twin2014",NA,NA,NA,NA,NA,0,0,"0",0
"213",213,73015100,2006,"vails",45.339,"0",0,NA,"29-Nov","7-Apr",130,3.7,0.77,0.95,-0.18,2.39,1.83,"Stearns",45.339,-94.534,"NCHF",65,51,0.78,"6.1",NA,0,NA,126.02355,0,-1.11714835635475,NA,-0.258122638838807,"vails2006",144,113,2.37606837606838,"johnson",0.784722222222222,0,0,"0",0
"214",214,73015100,2007,"vails",45.339,"0",0,NA,"1-Dec","28-Mar",118,3.1,0.45,0.6,-0.15,3.27,1.45,"Stearns",45.339,-94.534,"NCHF",65,51,0.78,"6.1",NA,0,NA,126.02355,0,-1.1846503388571,NA,-1.09871358128308,"vails2007",177,79,3.24050632911392,"johnson",0.446327683615819,0,0,"0",0
"215",215,73015100,2008,"vails",45.339,"0",0,NA,"1-Dec","23-Apr",145,14.1,0.46,0.62,-0.16,1.34,0.61,"Stearns",45.339,-94.534,"NCHF",65,51,0.78,"6.1",NA,0,NA,126.02355,0,0.0528860070193495,NA,0.792616039216539,"vails2008",147,67,1.35820895522388,"johnson",0.45578231292517,0,0,"0",0
"216",216,73015100,2009,"vails",45.339,"0",0,0.5,"1-Dec","17-Apr",138,15.7,0.38,0.53,-0.15,1.9,0.72,"Stearns",45.339,-94.534,"NCHF",65,51,0.78,"6.1",NA,0,NA,126.02355,0,0.232891293692288,-0.716237669791536,0.302271322790711,"vails2009",179,68,1.89705882352941,"newman",0.379888268156425,0,0,"0",0
"89",89,27011700,2006,"weaver",45.109,"1",1,2.7,"13-Dec","7-Apr",116,5.2,0.72,0.71,0.01,1.15,0.83,"Hennepin",45.109,-93.501,"NCHF",62,31,0.5,"17.4","Weaver ",157,NA,76.60255,2.04954012627517,-0.948393400098869,1.48998347365393,-1.23881207169046,"weaver2006",104,75,1.14102564102564,"johnson",0.721153846153846,0,0,"0",0
"90",90,27011700,2007,"weaver",45.109,"1",2,2.2,"1-Dec","28-Mar",118,6,0.49,0.5,-0.01,1.08,0.52,"Hennepin",45.109,-93.501,"NCHF",62,31,0.5,"17.4","Weaver ",157,NA,76.60255,2.04954012627517,-0.8583907567624,0.988569577416321,-1.09871358128308,"weaver2007",107,52,1.07017543859649,"johnson",0.485981308411215,0,0,"1",2.04954012627517
"91",91,27011700,2008,"weaver",45.109,"1",3,2.2,"29-Nov","20-Apr",144,10.2,0.33,0.34,-0.01,1.06,0.35,"Hennepin",45.109,-93.501,"NCHF",62,31,0.5,"17.4","Weaver ",75,NA,76.60255,0.979079678156928,-0.385876879245937,0.988569577416321,0.722566794012849,"weaver2008",106,35,1.05555555555556,"johnson",0.330188679245283,1,0,"1",2.04954012627517
"92",92,27011700,2009,"weaver",45.109,"1",4,1.7,"24-Nov","4-Apr",132,6.7,0.14,0.14,0,1.2,0.16,"Hennepin",45.109,-93.501,"NCHF",62,31,0.5,"17.4","Weaver ",75,NA,76.60255,0.979079678156928,-0.779638443842989,0.487155681178716,-0.118024148431427,"weaver2009",107,15,1.2,"newman",0.14018691588785,2,0,"1",0.979079678156928
"93",93,27011700,2010,"weaver",45.109,"1",5,2.7,"7-Dec","31-Mar",115,22.7,0.09,0.1,-0.01,1,0.09,"Hennepin",45.109,-93.501,"NCHF",62,31,0.5,"17.4","Weaver ",9.4,NA,76.60255,0.122711319662335,1.02041442288639,1.48998347365393,-1.30886131689415,"weaver2010",NA,NA,NA,NA,NA,3,0,"1",0.979079678156928
"94",94,27011700,2011,"weaver",45.109,"0",0,2.4,"25-Nov","10-Apr",137,27.4,NA,NA,NA,NA,NA,"Hennepin",45.109,-93.501,"NCHF",62,31,0.5,"17.4",NA,0,NA,76.60255,0,1.54917995248815,1.18913513591136,0.232222077587021,"weaver2011",NA,NA,NA,NA,NA,4,0,"1",0.122711319662335
