Lake.ID,Year,Lake.x,Max.depth,litt.ac,Lake.area.ac,Proportion.littoral,PrevAugSecchi,PrevAugSecchi.sc,IceDuration,IceDuration.sc,IceOff,Snow,Snow.sc,lake_year,foc_clp,SURVEY_START,nsamp,pcri.p_foc,perc.lit.chem,Acres_Chem,trt_date_lag0,YrsTrt,cytrt,yutrt,Trt,lag0,lag1,lag2,lag3,lag4,lag5,lag6,lag7,lag8,obs
10000200,2017,Riley,49,110.08,296.0731576,0.3718,1.63,0.638619145,100,-1.946065016,,3.302,-0.991504362,2017,0.21686747,6/15/2017,166,0.21686747,18.16860465,20,5/1/2017,1,1,0,1,1,0,0,0,0,0,0,0,0,2
10000200,2023,Riley,49,110.08,296.0731576,0.3718,3.9,3.208188645,140,0.722061827,,19.558,2.039977018,2023,0.294444444,6/19/2023,180,0.294444444,8.175872093,9,5/17/2023,6,4,0,1,1,1,1,1,0,1,1,0,0,5
10000200,2022,Riley,49,110.08,296.0731576,0.3718,4.5,3.88737001,131,0.121733287,,9.652,0.192668052,2022,0.286516854,6/21/2022,178,0.286516854,15.17078488,16.7,5/1/2022,5,3,0,1,1,1,1,0,1,1,0,0,0,32
10001300,2017,Susan,17,71.99,88.33128834,0.815,0.37,-0.787661723,101,-1.879361845,,3.302,-0.991504362,2017,0.032967033,6/12/2017,91,0.032967033,12.50173635,9,5/1/2017,1,1,0,1,1,0,0,0,0,0,0,0,0,7
10001300,2020,Susan,17,71.99,88.33128834,0.815,0.65,-0.470710419,135,0.388545972,,11.938,0.618970122,2020,0.25,6/18/2020,116,0.25,0,0,NA,2,0,2,0,0,0,1,1,0,0,0,0,0,8
10001300,2023,Susan,17,71.99,88.33128834,0.815,0.62,-0.504669487,141,0.788764998,,19.558,2.039977018,2023,0.122137405,6/13/2023,131,0.122137405,7.431587721,5.35,5/17/2023,5,3,0,1,1,1,1,0,0,1,1,0,0,9
10001300,2018,Susan,17,71.99,88.33128834,0.815,0.52,-0.617866381,142,0.855468169,,7.874,-0.138900223,2018,0.068627451,6/21/2018,102,0.068627451,10.73760244,7.73,5/1/2018,2,2,0,1,1,1,0,0,0,0,0,0,0,33
10001300,2022,Susan,17,71.99,88.33128834,0.815,0.71,-0.402792282,132,0.188436458,,9.652,0.192668052,2022,0.263636364,6/28/2022,110,0.263636364,11.45992499,8.25,5/1/2022,4,2,0,1,1,1,0,0,1,1,0,0,0,34
13002700,2025,South Center,105.3000031,544.51,831.5668907,0.6548,0.72,-0.391472593,127,-0.145079397,,3.048,-1.038871258,2025,0.846774194,6/12/2025,124,0.846774194,1.287396007,7.01,5/14/2025,7,3,0,1,1,1,1,0,0,1,1,1,1,35
13002700,2025,South Center,105.3000031,544.51,831.5668907,0.6548,0.72,-0.391472593,127,-0.145079397,,3.048,-1.038871258,2025,0.846774194,6/12/2025,124,0.846774194,1.287396007,7.01,5/14/2025,7,3,0,1,1,1,1,0,0,1,1,1,1,35
13002700,2025,South Center,105.3000031,544.51,831.5668907,0.6548,0.72,-0.391472593,127,-0.145079397,,3.048,-1.038871258,2025,0.846774194,6/12/2025,124,0.846774194,1.287396007,7.01,5/14/2025,7,3,0,1,1,1,1,0,0,1,1,1,1,35
13002700,2025,South Center,105.3000031,544.51,831.5668907,0.6548,0.72,-0.391472593,127,-0.145079397,,3.048,-1.038871258,2025,0.846774194,6/12/2025,124,0.846774194,1.287396007,7.01,5/14/2025,7,3,0,1,1,1,1,0,0,1,1,1,1,35
13003200,2025,North Center,NA,608,749.2600004,0.811467314,0.56,-0.572587623,128,-0.078376226,,3.048,-1.038871258,2025,0.882758621,6/9/2025,145,0.882758621,1.151315789,7,5/14/2025,7,3,0,1,1,1,1,0,0,1,1,1,1,36
27002800,2017,NA,6.5,52.63,52.63,1,0.6,-0.527308866,101,-1.879361845,,3.302,-0.991504362,2017,0.008064516,6/10/2017,124,0.008064516,14.06042181,7.4,5/1/2017,1,1,0,1,1,0,0,0,0,0,0,0,0,10
27002800,2022,NA,6.5,52.63,52.63,1,0.29,-0.878219238,132,0.188436458,,9.652,0.192668052,2022,0.04,6/21/2022,125,0.04,8.740262208,4.6,5/1/2022,6,6,0,1,1,1,1,1,1,1,0,0,0,12
27002800,2023,NA,6.5,52.63,52.63,1,0.35,-0.810301101,141,0.788764998,,19.558,2.039977018,2023,0.544,6/26/2023,125,0.544,0,0,NA,6,0,1,0,0,1,1,1,1,1,1,0,0,13
27002800,2024,NA,6.5,52.63,52.63,1,0.46,-0.685784518,123,-0.411892081,,1.524,-1.323072638,2024,0.32,6/12/2024,125,0.32,94.81284439,49.9,4/18/2024,7,1,0,1,1,0,1,1,1,1,1,1,0,37
27002800,2025,NA,6.5,52.63,52.63,1,0.64,-0.482030108,123,-0.411892081,,3.048,-1.038871258,2025,0.056,6/10/2025,125,0.056,94.81284439,49.9,4/30/2025,8,2,0,1,1,1,0,1,1,1,1,1,1,38
27003400,2020,Crystal,39,53,79.11628601,0.6699,1,-0.074521289,136,0.455249143,,11.938,0.618970122,2020,0.035087719,6/10/2020,57,0.035087719,0,0,NA,2,0,1,0,0,1,0,1,0,0,0,0,0,39
27004800,2018,Hyland,11.5,83.91,84.33165829,0.995,0.5,-0.64050576,142,0.855468169,,7.874,-0.138900223,2018,0.064516129,6/6/2018,124,0.064516129,0,0,NA,1,0,1,0,0,1,0,0,0,0,0,0,0,16
27004800,2018,Hyland,11.5,83.91,84.33165829,0.995,0.5,-0.64050576,142,0.855468169,,7.874,-0.138900223,2018,0.064516129,6/6/2018,124,0.064516129,0,0,NA,1,0,1,0,0,1,0,0,0,0,0,0,0,16
27004800,2018,Hyland,11.5,83.91,84.33165829,0.995,0.5,-0.64050576,142,0.855468169,,7.874,-0.138900223,2018,0.064516129,6/6/2018,124,0.064516129,0,0,NA,1,0,1,0,0,1,0,0,0,0,0,0,0,16
27004800,2018,Hyland,11.5,83.91,84.33165829,0.995,0.5,-0.64050576,142,0.855468169,,7.874,-0.138900223,2018,0.064516129,6/6/2018,124,0.064516129,0,0,NA,1,0,1,0,0,1,0,0,0,0,0,0,0,16
27004800,2019,Hyland,11.5,83.91,84.33165829,0.995,0.58,-0.549948245,142,0.855468169,,13.97,0.997905294,2019,0.201612903,6/11/2019,124,0.201612903,22.64330831,19,5/1/2019,2,1,0,1,1,0,1,0,0,0,0,0,0,17
27004800,2019,Hyland,11.5,83.91,84.33165829,0.995,0.58,-0.549948245,142,0.855468169,,13.97,0.997905294,2019,0.201612903,6/11/2019,124,0.201612903,22.64330831,19,5/1/2019,2,1,0,1,1,0,1,0,0,0,0,0,0,17
27004800,2019,Hyland,11.5,83.91,84.33165829,0.995,0.58,-0.549948245,142,0.855468169,,13.97,0.997905294,2019,0.201612903,6/11/2019,124,0.201612903,22.64330831,19,5/1/2019,2,1,0,1,1,0,1,0,0,0,0,0,0,17
27004800,2019,Hyland,11.5,83.91,84.33165829,0.995,0.58,-0.549948245,142,0.855468169,,13.97,0.997905294,2019,0.201612903,6/11/2019,124,0.201612903,22.64330831,19,5/1/2019,2,1,0,1,1,0,1,0,0,0,0,0,0,17
27004800,2020,Hyland,11.5,83.91,84.33165829,0.995,0.7,-0.414111972,134,0.3218428,,11.938,0.618970122,2020,0.418032787,6/4/2020,122,0.418032787,10.72577762,9,4/30/2020,3,2,0,1,1,1,0,1,0,0,0,0,0,18
27004800,2020,Hyland,11.5,83.91,84.33165829,0.995,0.7,-0.414111972,134,0.3218428,,11.938,0.618970122,2020,0.418032787,6/4/2020,122,0.418032787,10.72577762,9,4/30/2020,3,2,0,1,1,1,0,1,0,0,0,0,0,18
27004800,2020,Hyland,11.5,83.91,84.33165829,0.995,0.7,-0.414111972,134,0.3218428,,11.938,0.618970122,2020,0.418032787,6/4/2020,122,0.418032787,10.72577762,9,4/30/2020,3,2,0,1,1,1,0,1,0,0,0,0,0,18
27004800,2020,Hyland,11.5,83.91,84.33165829,0.995,0.7,-0.414111972,134,0.3218428,,11.938,0.618970122,2020,0.418032787,6/4/2020,122,0.418032787,10.72577762,9,4/30/2020,3,2,0,1,1,1,0,1,0,0,0,0,0,18
27005700,2023,NA,NA,11,NA,NA,1.5,0.491463183,143,0.92217134,,19.558,2.039977018,2023,0,6/19/2023,55,0,53.72727273,5.91,5/24/2023,1,1,0,1,1,0,0,0,0,0,0,0,0,40
27005700,2024,NA,NA,11,NA,NA,1.19,0.14055281,125,-0.278485739,,1.524,-1.323072638,2024,0.636363636,6/24/2024,55,0.636363636,0,0,NA,1,0,1,0,0,1,0,0,0,0,0,0,0,41
27007800,2023,Staring,16,156.22,164.3556023,0.9505,0.55,-0.583907313,140,0.722061827,,19.558,2.039977018,2023,0.196629213,6/14/2023,178,0.196629213,0,0,NA,1,0,6,0,0,0,0,0,0,0,1,0,0,19
27007800,2017,Staring,16,156.22,164.3556023,0.9505,0.67,-0.44807104,100,-1.946065016,,3.302,-0.991504362,2017,0.215909091,6/20/2017,176,0.215909091,25.60491614,40,5/1/2017,1,1,0,1,1,0,0,0,0,0,0,0,0,42
27007800,2017,Staring,16,156.22,164.3556023,0.9505,0.67,-0.44807104,100,-1.946065016,,3.302,-0.991504362,2017,0.138728324,6/28/2017,173,0.138728324,25.60491614,40,5/1/2017,1,1,0,1,1,0,0,0,0,0,0,0,0,43
27007800,2019,Staring,16,156.22,164.3556023,0.9505,0.78,-0.323554456,142,0.855468169,,13.97,0.997905294,2019,0.12,6/3/2019,175,0.12,0,0,NA,1,0,2,0,0,0,1,0,0,0,0,0,0,44
27007800,2019,Staring,16,156.22,164.3556023,0.9505,0.78,-0.323554456,142,0.855468169,,13.97,0.997905294,2019,0.259887006,6/18/2019,177,0.259887006,0,0,NA,1,0,2,0,0,0,1,0,0,0,0,0,0,45
27009000,2024,Holiday,NA,8,8,1,0.46,-0.685784518,124,-0.34518891,,1.524,-1.323072638,2024,0,6/12/2024,104,0,52.5,4.2,4/19/2024,1,1,0,1,1,0,0,0,0,0,0,0,0,46
27009000,2025,Holiday,NA,8,8,1,0.29,-0.878219238,124,-0.34518891,,3.048,-1.038871258,2025,0.009615385,6/10/2025,104,0.009615385,52.5,4.2,4/30/2025,2,2,0,1,1,1,0,0,0,0,0,0,0,47
27009800,2023,Bass,31,149.28,183.1881212,0.8149,0.95,-0.131119736,141,0.788764998,,19.558,2.039977018,2023,0.021505376,6/7/2023,93,0.021505376,12.5,18.66,5/24/2023,8,8,0,1,1,1,1,1,1,1,1,1,0,48
27009800,2023,Bass,31,149.28,183.1881212,0.8149,0.95,-0.131119736,141,0.788764998,,19.558,2.039977018,2023,0.021505376,6/7/2023,93,0.021505376,12.5,18.66,5/24/2023,8,8,0,1,1,1,1,1,1,1,1,1,0,48
27009800,2023,Bass,31,149.28,183.1881212,0.8149,0.95,-0.131119736,141,0.788764998,,19.558,2.039977018,2023,0.021505376,6/7/2023,93,0.021505376,12.5,18.66,5/24/2023,8,8,0,1,1,1,1,1,1,1,1,1,0,48
27009800,2023,Bass,31,149.28,183.1881212,0.8149,0.95,-0.131119736,141,0.788764998,,19.558,2.039977018,2023,0.021505376,6/7/2023,93,0.021505376,12.5,18.66,5/24/2023,8,8,0,1,1,1,1,1,1,1,1,1,0,48
27010300,2022,NA,6,NA,NA,NA,0.27,-0.900858617,133,0.255139629,,9.652,0.192668052,2022,0.246031746,6/21/2022,126,0.246031746,NA,0,NA,4,0,2,0,0,0,1,1,1,1,0,0,0,49
27010400,2017,Medicine,47.59999847,434.53,929.6747967,0.4674,0.83,-0.266956009,99,-2.012768187,,3.302,-0.991504362,2017,0.456521739,6/2/2017,184,0.456521739,10.35601685,45,4/1/2017,1,1,0,1,1,0,0,0,0,0,0,0,0,22
27010400,2018,Medicine,47.59999847,434.53,929.6747967,0.4674,1.2,0.1518725,141,0.788764998,,7.874,-0.138900223,2018,0.142076503,6/27/2018,183,0.142076503,8.238786735,35.8,5/1/2018,2,2,0,1,1,1,0,0,0,0,0,0,0,24
27010400,2019,Medicine,47.59999847,434.53,929.6747967,0.4674,1.12,0.061314984,141,0.788764998,,13.97,0.997905294,2019,0.5,6/19/2019,182,0.5,11.40772789,49.57,5/1/2019,3,3,0,1,1,1,1,0,0,0,0,0,0,25
27010400,2022,Medicine,47.59999847,434.53,929.6747967,0.4674,1.81,0.842373555,131,0.121733287,,9.652,0.192668052,2022,0.412087912,6/9/2022,182,0.412087912,27.50097807,119.5,5/16/2022,6,6,0,1,1,1,1,1,1,1,0,0,0,26
27010400,2020,Medicine,47.59999847,434.53,929.6747967,0.4674,0.85,-0.24431663,133,0.255139629,,11.938,0.618970122,2020,0.686813187,6/11/2020,182,0.686813187,11.36860516,49.4,5/1/2020,4,4,0,1,1,1,1,1,0,0,0,0,0,50
27012500,2018,Diamond,8,405.02,405.3442754,0.9992,0.55,-0.583907313,144,0.988874511,,7.874,-0.138900223,2018,0.114285714,6/28/2018,105,0.114285714,14.81408326,60,5/1/2018,2,2,0,1,1,1,0,0,0,0,0,0,0,51
27012500,2018,Diamond,8,405.02,405.3442754,0.9992,0.55,-0.583907313,144,0.988874511,,7.874,-0.138900223,2018,0.114285714,6/28/2018,105,0.114285714,14.81408326,60,5/1/2018,2,2,0,1,1,1,0,0,0,0,0,0,0,51
27012500,2018,Diamond,8,405.02,405.3442754,0.9992,0.55,-0.583907313,144,0.988874511,,7.874,-0.138900223,2018,0.114285714,6/28/2018,105,0.114285714,14.81408326,60,5/1/2018,2,2,0,1,1,1,0,0,0,0,0,0,0,51
27012500,2018,Diamond,8,405.02,405.3442754,0.9992,0.55,-0.583907313,144,0.988874511,,7.874,-0.138900223,2018,0.114285714,6/28/2018,105,0.114285714,14.81408326,60,5/1/2018,2,2,0,1,1,1,0,0,0,0,0,0,0,51
27012500,2018,Diamond,8,405.02,405.3442754,0.9992,0.55,-0.583907313,144,0.988874511,,7.874,-0.138900223,2018,0.114285714,6/28/2018,105,0.114285714,14.81408326,60,5/1/2018,2,2,0,1,1,1,0,0,0,0,0,0,0,51
27012500,2018,Diamond,8,405.02,405.3442754,0.9992,0.55,-0.583907313,144,0.988874511,,7.874,-0.138900223,2018,0.114285714,6/28/2018,105,0.114285714,14.81408326,60,5/1/2018,2,2,0,1,1,1,0,0,0,0,0,0,0,51
27012500,2018,Diamond,8,405.02,405.3442754,0.9992,0.55,-0.583907313,144,0.988874511,,7.874,-0.138900223,2018,0.114285714,6/28/2018,105,0.114285714,14.81408326,60,5/1/2018,2,2,0,1,1,1,0,0,0,0,0,0,0,51
27012500,2018,Diamond,8,405.02,405.3442754,0.9992,0.55,-0.583907313,144,0.988874511,,7.874,-0.138900223,2018,0.114285714,6/28/2018,105,0.114285714,14.81408326,60,5/1/2018,2,2,0,1,1,1,0,0,0,0,0,0,0,51
27012500,2018,Diamond,8,405.02,405.3442754,0.9992,0.55,-0.583907313,144,0.988874511,,7.874,-0.138900223,2018,0.114285714,6/28/2018,105,0.114285714,14.81408326,60,5/1/2018,2,2,0,1,1,1,0,0,0,0,0,0,0,51
27012500,2019,Diamond,8,405.02,405.3442754,0.9992,0.45,-0.697104207,143,0.92217134,,13.97,0.997905294,2019,0.361904762,6/25/2019,105,0.361904762,99.99506197,405,5/1/2019,3,3,0,1,1,1,1,0,0,0,0,0,0,52
27012500,2019,Diamond,8,405.02,405.3442754,0.9992,0.45,-0.697104207,143,0.92217134,,13.97,0.997905294,2019,0.361904762,6/25/2019,105,0.361904762,99.99506197,405,5/1/2019,3,3,0,1,1,1,1,0,0,0,0,0,0,52
27012500,2019,Diamond,8,405.02,405.3442754,0.9992,0.45,-0.697104207,143,0.92217134,,13.97,0.997905294,2019,0.361904762,6/25/2019,105,0.361904762,99.99506197,405,5/1/2019,3,3,0,1,1,1,1,0,0,0,0,0,0,52
27012500,2019,Diamond,8,405.02,405.3442754,0.9992,0.45,-0.697104207,143,0.92217134,,13.97,0.997905294,2019,0.361904762,6/25/2019,105,0.361904762,99.99506197,405,5/1/2019,3,3,0,1,1,1,1,0,0,0,0,0,0,52
27012500,2019,Diamond,8,405.02,405.3442754,0.9992,0.45,-0.697104207,143,0.92217134,,13.97,0.997905294,2019,0.361904762,6/25/2019,105,0.361904762,99.99506197,405,5/1/2019,3,3,0,1,1,1,1,0,0,0,0,0,0,52
27012500,2019,Diamond,8,405.02,405.3442754,0.9992,0.45,-0.697104207,143,0.92217134,,13.97,0.997905294,2019,0.361904762,6/25/2019,105,0.361904762,99.99506197,405,5/1/2019,3,3,0,1,1,1,1,0,0,0,0,0,0,52
27012500,2019,Diamond,8,405.02,405.3442754,0.9992,0.45,-0.697104207,143,0.92217134,,13.97,0.997905294,2019,0.361904762,6/25/2019,105,0.361904762,99.99506197,405,5/1/2019,3,3,0,1,1,1,1,0,0,0,0,0,0,52
27012500,2019,Diamond,8,405.02,405.3442754,0.9992,0.45,-0.697104207,143,0.92217134,,13.97,0.997905294,2019,0.361904762,6/25/2019,105,0.361904762,99.99506197,405,5/1/2019,3,3,0,1,1,1,1,0,0,0,0,0,0,52
27012500,2019,Diamond,8,405.02,405.3442754,0.9992,0.45,-0.697104207,143,0.92217134,,13.97,0.997905294,2019,0.361904762,6/25/2019,105,0.361904762,99.99506197,405,5/1/2019,3,3,0,1,1,1,1,0,0,0,0,0,0,52
27012500,2020,Diamond,8,405.02,405.3442754,0.9992,0.65,-0.470710419,136,0.455249143,,11.938,0.618970122,2020,0.514285714,6/3/2020,105,0.514285714,99.99506197,405,4/13/2020,4,4,0,1,1,1,1,1,0,0,0,0,0,53
27012500,2020,Diamond,8,405.02,405.3442754,0.9992,0.65,-0.470710419,136,0.455249143,,11.938,0.618970122,2020,0.514285714,6/3/2020,105,0.514285714,99.99506197,405,4/13/2020,4,4,0,1,1,1,1,1,0,0,0,0,0,53
27012500,2020,Diamond,8,405.02,405.3442754,0.9992,0.65,-0.470710419,136,0.455249143,,11.938,0.618970122,2020,0.514285714,6/3/2020,105,0.514285714,99.99506197,405,4/13/2020,4,4,0,1,1,1,1,1,0,0,0,0,0,53
27012500,2020,Diamond,8,405.02,405.3442754,0.9992,0.65,-0.470710419,136,0.455249143,,11.938,0.618970122,2020,0.514285714,6/3/2020,105,0.514285714,99.99506197,405,4/13/2020,4,4,0,1,1,1,1,1,0,0,0,0,0,53
27012500,2020,Diamond,8,405.02,405.3442754,0.9992,0.65,-0.470710419,136,0.455249143,,11.938,0.618970122,2020,0.514285714,6/3/2020,105,0.514285714,99.99506197,405,4/13/2020,4,4,0,1,1,1,1,1,0,0,0,0,0,53
27012500,2020,Diamond,8,405.02,405.3442754,0.9992,0.65,-0.470710419,136,0.455249143,,11.938,0.618970122,2020,0.514285714,6/3/2020,105,0.514285714,99.99506197,405,4/13/2020,4,4,0,1,1,1,1,1,0,0,0,0,0,53
27012500,2020,Diamond,8,405.02,405.3442754,0.9992,0.65,-0.470710419,136,0.455249143,,11.938,0.618970122,2020,0.514285714,6/3/2020,105,0.514285714,99.99506197,405,4/13/2020,4,4,0,1,1,1,1,1,0,0,0,0,0,53
27012500,2020,Diamond,8,405.02,405.3442754,0.9992,0.65,-0.470710419,136,0.455249143,,11.938,0.618970122,2020,0.514285714,6/3/2020,105,0.514285714,99.99506197,405,4/13/2020,4,4,0,1,1,1,1,1,0,0,0,0,0,53
27012500,2020,Diamond,8,405.02,405.3442754,0.9992,0.65,-0.470710419,136,0.455249143,,11.938,0.618970122,2020,0.514285714,6/3/2020,105,0.514285714,99.99506197,405,4/13/2020,4,4,0,1,1,1,1,1,0,0,0,0,0,53
27019100,2017,Sarah,59,373,557.2154168,0.6694,NA,NA,101,-1.879361845,,3.302,-0.991504362,2017,0.149171271,6/1/2017,181,0.149171271,69.70509383,260,5/1/2017,1,1,0,1,1,0,0,0,0,0,0,0,0,54
27019100,2018,Sarah,59,373,557.2154168,0.6694,0.86,-0.232996941,143,0.92217134,,7.874,-0.138900223,2018,0.042780749,6/13/2018,187,0.042780749,30.69705094,114.5,5/1/2018,2,2,0,1,1,1,0,0,0,0,0,0,0,55
27019100,2019,Sarah,59,373,557.2154168,0.6694,0.66,-0.459390729,143,0.92217134,,13.97,0.997905294,2019,0.151351351,6/7/2019,185,0.151351351,29.1152815,108.6,5/1/2019,3,3,0,1,1,1,1,0,0,0,0,0,0,56
62000200,2018,Bald Eagle,37,589.06,1049.456619,0.5613,1.8,0.831053865,142,0.855468169,,7.874,-0.138900223,2018,0.379310345,6/20/2018,145,0.379310345,3.327335076,19.6,5/1/2018,2,2,0,1,1,1,0,0,0,0,0,0,0,57
62000600,2024,Kohlman,11.60000038,82.9,82.9,1,0.6,-0.527308866,124,-0.34518891,,1.524,-1.323072638,2024,0.285714286,6/27/2024,112,0.285714286,14.95778046,12.4,4/30/2024,5,5,0,1,1,1,1,1,1,0,0,0,0,58
62000600,2025,Kohlman,11.60000038,82.9,82.9,1,0.96,-0.119800046,124,-0.34518891,,3.048,-1.038871258,2025,0.265486726,6/23/2025,113,0.265486726,18.79372738,15.58,4/30/2025,6,6,0,1,1,1,1,1,1,1,0,0,0,59
62005500,2024,Como,16,65.65,67.16112532,0.9775,0.78,-0.323554456,123,-0.411892081,,1.524,-1.323072638,2024,0.55,6/14/2024,60,0.55,108.6062452,71.3,4/4/2024,7,2,0,1,1,1,0,1,1,1,1,1,0,60
62005500,2025,Como,16,65.65,67.16112532,0.9775,0.6,-0.527308866,123,-0.411892081,,3.048,-1.038871258,2025,0.25,6/2/2025,60,0.25,108.6062452,71.3,4/15/2025,8,3,0,1,1,1,1,0,1,1,1,1,1,61
70002200,2019,Cleary,9,144.74,146.1724904,0.9902,0.55,-0.583907313,141,0.788764998,,13.97,0.997905294,2019,0.842424242,6/14/2019,165,0.842424242,100,145,5/1/2019,1,1,0,1,1,0,0,0,0,0,0,0,0,27
70002200,2022,Cleary,9,144.74,146.1724904,0.9902,0.63,-0.493349797,131,0.121733287,,9.652,0.192668052,2022,0.072727273,6/2/2022,165,0.072727273,100,145,4/20/2022,4,4,0,1,1,1,1,1,0,0,0,0,0,28
70002200,2020,Cleary,9,144.74,146.1724904,0.9902,1.55,0.54806163,134,0.3218428,,11.938,0.618970122,2020,0.408536585,6/5/2020,164,0.408536585,100,145,4/14/2020,2,2,0,1,1,1,0,0,0,0,0,0,0,62
71001300,2021,Orono,17,246.64,248.9552841,0.9907,0.6,-0.527308866,112,-1.145626963,,11.176,0.476869431,2021,0.220588235,6/13/2021,204,0.220588235,0,0,NA,4,0,1,0,0,1,1,1,1,0,0,0,0,31
71001300,2017,Orono,17,246.64,248.9552841,0.9907,NA,NA,103,-1.745955503,,3.302,-0.991504362,2017,0.323529412,6/12/2017,204,0.323529412,1.743431722,4.3,5/1/2017,1,1,0,1,1,0,0,0,0,0,0,0,0,63
71001300,2018,Orono,17,246.64,248.9552841,0.9907,1.07,0.004716537,145,1.055577682,,7.874,-0.138900223,2018,0.171568627,6/10/2018,204,0.171568627,8.883392799,21.91,5/1/2018,2,2,0,1,1,1,0,0,0,0,0,0,0,64
73008200,2022,Schneider,55,25.14,54.41558442,0.462,1.41,0.389585978,139,0.655358656,,9.652,0.192668052,2022,0.5,6/21/2022,8,0.5,0,0,NA,2,0,2,0,0,0,1,0,0,1,0,0,0,65
73008600,2022,Knaus,16.20000076,209.7,216.5874819,0.9682,0.71,-0.402792282,138,0.588655485,,9.652,0.192668052,2022,0.337349398,6/21/2022,83,0.337349398,5.150214592,10.8,5/23/2022,3,3,0,1,1,1,1,0,0,0,0,0,0,66
73008800,2022,Bolfing,35,67.37,106.9534847,0.6299,1.1,0.038675606,139,0.655358656,,9.652,0.192668052,2022,0.222222222,6/21/2022,9,0.222222222,0.445302063,0.3,5/23/2022,3,3,0,1,1,1,1,0,0,0,0,0,0,67
73008900,2022,Zumwalde,21.29999924,118.62,120.8435208,0.9816,0.74,-0.368833214,139,0.655358656,,9.652,0.192668052,2022,0.858974359,6/21/2022,78,0.858974359,0,0,NA,2,0,1,0,0,1,1,0,0,0,0,0,0,68
73013300,2022,Cedar Island,NA,755,985.7683771,0.7659,1.05,-0.017922842,138,0.588655485,,9.652,0.192668052,2022,0.260416667,6/21/2022,384,0.260416667,5.78807947,43.7,5/23/2022,3,2,0,1,1,1,0,0,0,1,0,0,0,69
73015700,2022,Horseshoe,57,341.05,627.2760714,0.5437,1.18,0.129233121,137,0.521952314,,9.652,0.192668052,2022,0.348148148,6/21/2022,135,0.348148148,1.143527342,3.9,5/23/2022,4,3,0,1,1,1,1,0,0,1,0,0,0,70
82010100,2024,DeMontreville,24,142.62,157.053188,0.9081,3.84,3.140270508,124,-0.34518891,,1.524,-1.323072638,2024,0.022988506,6/18/2024,87,0.022988506,8.413967186,12,4/24/2024,1,1,0,1,1,0,0,0,0,0,0,0,0,71
82010100,2025,DeMontreville,24,142.62,157.053188,0.9081,1.8,0.831053865,124,-0.34518891,,3.048,-1.038871258,2025,0,6/19/2025,74,0,14.86467536,21.2,5/13/2025,2,2,0,1,1,1,0,0,0,0,0,0,0,72
82010300,2025,Olson,14.5,87.38,87.38,1,3.2,2.415810385,124,-0.34518891,,3.048,-1.038871258,2025,0,6/19/2025,77,0,7.553215839,6.6,5/13/2025,1,1,0,1,1,0,0,0,0,0,0,0,0,73
86002300,2022,Beebe,23.5,179.49,304.2719105,0.5899,1.24,0.197151258,134,0.3218428,,9.652,0.192668052,2022,0.021978022,6/15/2022,91,0.021978022,8.01715973,14.39,5/17/2022,6,6,0,1,1,1,1,1,1,1,0,0,0,74
41004300,2012,Dead Coon,NA,2649.41,NA,NA,NA,NA,NA,NA,68.31084135,0.6,NA,2012,0,6/12/2012,348,0,0,0,NA,NA,0,NA,0,0,0,0,0,0,0,0,0,0,NA
27007000,2013,,NA,110.62,NA,NA,1.2,NA,NA,NA,116.8551542,3.9,NA,2013,0.642458101,6/6/2013,358,0.642458101,0,0,NA,NA,0,NA,0,0,0,0,0,0,0,0,0,0,NA
27007000,2014,,NA,110.62,NA,NA,1.35,NA,NA,NA,106.3571015,9.6,NA,2014,0.461956522,6/12/2014,184,0.461956522,0,0,NA,NA,0,NA,0,0,0,0,0,0,0,0,0,0,NA
66003800,2014,French,NA,379.03,NA,NA,NA,NA,NA,NA,104.303993,9.6,NA,2014,0.634146341,6/16/2014,123,0.634146341,0,0,NA,NA,0,NA,0,0,0,0,0,0,0,0,0,0,NA
40000200,2015,Upper Sakatah,NA,899.57,NA,NA,NA,NA,NA,NA,85.35279048,1.3,NA,2015,0.5,6/4/2015,36,0.5,0,0,NA,NA,0,NA,0,0,0,0,0,0,0,0,0,0,NA
27007000,2015,,NA,110.62,NA,NA,2.325,NA,NA,NA,87.3956651,1.3,NA,2015,0.408839779,6/10/2015,181,0.408839779,0,0,NA,NA,0,NA,0,0,0,0,0,0,0,0,0,0,NA
70009100,2015,Cedar,NA,792.5,NA,NA,0.5,NA,NA,NA,86.40365842,1.3,NA,2015,0.422680412,6/17/2015,194,0.422680412,0,0,NA,NA,0,NA,0,0,0,0,0,0,0,0,0,0,NA
10004100,2016,,NA,156.44,NA,NA,2.433333333,NA,NA,NA,77.93104344,2,NA,2016,0.046153846,6/7/2016,65,0.046153846,0,0,NA,NA,0,NA,0,0,0,0,0,0,0,0,0,0,NA
41004300,2016,Dead Coon,NA,2649.41,NA,NA,NA,NA,NA,NA,73.19877346,2,NA,2016,0.070175439,6/9/2016,57,0.070175439,0,0,NA,NA,0,NA,0,0,0,0,0,0,0,0,0,0,NA
27007000,2016,,NA,110.62,NA,NA,1.5,NA,NA,NA,77.04699036,2,NA,2016,0.302197802,6/13/2016,182,0.302197802,0,0,NA,NA,0,NA,0,0,0,0,0,0,0,0,0,0,NA
10004100,2016,,NA,156.44,NA,NA,2.433333333,NA,NA,NA,77.93104344,2,NA,2016,0.604166667,6/21/2016,144,0.604166667,0,0,NA,NA,0,NA,0,0,0,0,0,0,0,0,0,0,NA
27007000,2017,,NA,110.62,NA,NA,0.4,NA,NA,NA,79.74490327,1.3,NA,2017,0.685082873,6/9/2017,181,0.685082873,8.587958778,9.5,5/1/2017,NA,1,0,1,1,0,0,0,0,0,0,0,0,NA
10004100,2017,,NA,156.44,NA,NA,2.1,NA,NA,NA,80.62895635,1.3,NA,2017,0.793650794,6/14/2017,126,0.793650794,0,0,NA,NA,0,NA,0,0,0,0,0,0,0,0,0,0,NA
73003700,2017,,NA,558.63,NA,NA,0.833333333,NA,NA,NA,85.46260145,1.3,NA,2017,0.036363636,6/26/2017,385,0.036363636,5.549290228,31,5/1/2017,NA,1,0,1,1,0,0,0,0,0,0,0,0,NA
41004300,2017,Dead Coon,NA,2649.41,NA,NA,NA,NA,NA,NA,75.89668637,1.3,NA,2017,0.392405063,6/29/2017,79,0.392405063,13.31617228,352.8,5/1/2017,NA,1,0,1,1,0,0,0,0,0,0,0,0,NA
41004300,2018,,NA,2649.41,NA,NA,1.4,NA,NA,NA,107.9795062,3.1,NA,2018,0.589981447,6/12/2018,539,0.589981447,0,0,NA,NA,0,1,0,0,1,0,0,0,0,0,0,0,NA
10004100,2018,,NA,156.44,NA,NA,2.05,NA,NA,NA,112.7117762,3.1,NA,2018,0.564885496,6/29/2018,131,0.564885496,0,0,NA,NA,0,NA,0,0,0,0,0,0,0,0,0,0,NA
10004100,2018,,NA,156.44,NA,NA,2.05,NA,NA,NA,112.7117762,3.1,NA,2018,0.564885496,6/29/2018,131,0.564885496,0,0,NA,NA,0,NA,0,0,0,0,0,0,0,0,0,0,NA
66003800,2020,,NA,379.03,NA,NA,0.54,NA,NA,NA,91.75185051,4.7,NA,2020,0.628272251,6/4/2020,191,0.628272251,0.897026621,3.4,5/1/2020,NA,4,0,1,1,1,1,1,0,0,0,0,0,NA
10004100,2020,,NA,156.44,NA,NA,2.75,NA,NA,NA,94.68901219,4.7,NA,2020,0.375,6/24/2020,136,0.375,0,0,NA,NA,0,NA,0,0,0,0,0,0,0,0,0,0,NA
10004100,2020,,NA,156.44,NA,NA,2.75,NA,NA,NA,94.68901219,4.7,NA,2020,0.375,6/24/2020,136,0.375,0,0,NA,NA,0,NA,0,0,0,0,0,0,0,0,0,0,NA
