"","...1","...2","Lake.ID","Year","Lake.x","Trt","YrsTrt","PrevAUGSecchi","Snow","JUNPcri","County","Lake.area.acre","Proportion.littoral","Max.depth","Acres_Chem","litt.ac","perc.lit.chem","Ice_off","Snow.sc","PrevAUGSecchi.sc","Ice_off.sc","lake_year","cytrt","yutrt","foc_clp","obs","nsamp"
"1",1,1,"2005300",2018,"Ham","0",1,2.1,7.874,NA,NA,190.45,0.8936,22,NA,190.45,NA,113.8032234,-0.324696508,0.970809491111885,1.132271722,2018,1,0,NA,1,NA
"2",2,2,"2005300",2019,"Ham","0",1,2.07,13.97,NA,NA,190.45,0.8936,22,NA,190.45,NA,101.9364162,0.750338268,0.939754389170893,0.315051192,2019,0,1,NA,2,NA
"3",3,3,"2005300",2019,"Ham","0",1,2.07,13.97,NA,NA,190.45,0.8936,22,NA,190.45,NA,101.9364162,0.750338268,0.939754389170893,0.315051192,2019,0,1,NA,3,NA
"4",4,4,"2005300",2020,"Ham","0",1,2.4,11.938,NA,NA,190.45,0.8936,22,NA,190.45,NA,95.7804594,0.391993343,1.28136051052181,-0.10888544,2020,0,2,NA,4,NA
"5",5,5,"2005300",2020,"Ham","0",1,2.4,11.938,NA,NA,190.45,0.8936,22,NA,190.45,NA,95.7804594,0.391993343,1.28136051052181,-0.10888544,2020,0,2,NA,5,NA
"6",6,6,"2008400",2017,"Crooked","1",1,2.05,3.302,NA,NA,84.017,0.731,26,2.12,84.02,2.52320876,81.63437773,-1.130972591,0.919050987876898,-1.083070675,2017,0,NA,NA,6,NA
"7",7,7,"2008400",2018,"Crooked","1",2,2.1,7.874,NA,NA,84.017,0.731,26,13.8,84.02,16.4246608,113.7171976,-0.324696508,0.970809491111885,1.12634746,2018,1,0,NA,7,NA
"8",8,8,"10000200",2017,"Riley","1",1,1.63,3.302,0.22,NA,110.083,0.3718,49,20,110.08,18.16860465,81.06417037,-1.130972591,0.484279560703008,-1.122338622,2017,0,NA,0.22,8,185
"9",9,9,"10000200",2017,"Riley","1",1,1.63,3.302,0.22,NA,110.083,0.3718,49,20,110.08,18.16860465,81.06417037,-1.130972591,0.484279560703008,-1.122338622,2017,0,NA,0.22,9,185
"10",10,10,"10000200",2018,"Riley","1",2,1.83,7.874,NA,NA,110.083,0.3718,49,15.7,110.08,14.26235465,113.1469902,-0.324696508,0.691313573642956,1.087079513,2018,1,0,NA,10,171
"11",11,11,"10000200",2018,"Riley","1",2,1.83,7.874,NA,NA,110.083,0.3718,49,15.7,110.08,14.26235465,113.1469902,-0.324696508,0.691313573642956,1.087079513,2018,1,0,NA,11,171
"12",12,12,"10000200",2020,"Riley","1",3,2.02,11.938,NA,NA,110.083,0.3718,49,16,110.08,14.53488372,95.1242262,0.391993343,0.887995885935906,-0.15407765,2020,0,1,NA,12,166
"13",13,13,"10000200",2020,"Riley","1",3,2.02,11.938,NA,NA,110.083,0.3718,49,16,110.08,14.53488372,95.1242262,0.391993343,0.887995885935906,-0.15407765,2020,0,1,NA,13,166
"14",14,14,"10000200",2022,"Riley","1",5,4.5,9.652,0.29,NA,110.083,0.3718,49,16.7,110.08,15.17078488,107.9380451,-0.011144699,3.45521764639126,0.72835987,2022,2,0,0.29,14,178
"15",15,15,"10000200",2022,"Riley","1",5,4.5,9.652,0.29,NA,110.083,0.3718,49,16.7,110.08,15.17078488,107.9380451,-0.011144699,3.45521764639126,0.72835987,2022,2,0,0.29,15,178
"16",16,16,"10000200",2023,"Riley","1",6,3.9,19.558,0.29,NA,110.083,0.3718,49,9,110.08,8.175872093,108.1268822,1.735786813,2.83411560757141,0.74136434,2023,3,0,0.29,16,172
"17",17,17,"10000200",2023,"Riley","1",6,3.9,19.558,0.29,NA,110.083,0.3718,49,9,110.08,8.175872093,108.1268822,1.735786813,2.83411560757141,0.74136434,2023,3,0,0.29,17,172
"18",18,18,"10000200",2023,"Riley","1",6,3.9,19.558,0.29,NA,110.083,0.3718,49,9,110.08,8.175872093,108.1268822,1.735786813,2.83411560757141,0.74136434,2023,3,0,0.29,18,172
"19",19,19,"10000900",2025,"Minnewashta","1",9,2.64,3.048,NA,NA,337.891,0.5021,70,50.1,337.89,14.82731066,89.25334975,-1.175765706,1.52980132604974,-0.558381915,2025,8,0,NA,19,128
"20",20,20,"10001300",2017,"Susan","1",1,0.37,3.302,0.03,NA,71.994,0.815,17,9,71.99,12.50173635,80.205464,-1.130972591,-0.820034720818662,-1.181474366,2017,0,NA,0.03,20,81
"21",21,21,"10001300",2018,"Susan","1",2,0.52,7.874,0.07,NA,71.994,0.815,17,7.73,71.99,10.73760244,112.2882838,-0.324696508,-0.664759211113702,1.027943769,2018,1,0,0.07,21,102
"22",22,22,"10001300",2020,"Susan","0",2,0.65,11.938,0.25,NA,71.994,0.815,17,NA,71.99,NA,94.26551984,0.391993343,-0.530187102702736,-0.213213394,2020,0,1,0.25,22,82
"23",23,23,"10001300",2020,"Susan","0",2,0.65,11.938,0.25,NA,71.994,0.815,17,NA,71.99,NA,94.26551984,0.391993343,-0.530187102702736,-0.213213394,2020,0,1,0.25,23,82
"24",24,24,"10001300",2020,"Susan","0",2,0.65,11.938,0.25,NA,71.994,0.815,17,NA,71.99,NA,94.26551984,0.391993343,-0.530187102702736,-0.213213394,2020,0,1,0.25,24,82
"25",25,25,"10001300",2022,"Susan","1",4,NA,9.652,0.26,NA,71.994,0.815,17,8.25,71.99,11.45992499,107.0793388,-0.011144699,NA,0.669224126,2022,1,0,0.26,25,110
"26",26,26,"10001300",2022,"Susan","1",4,NA,9.652,0.26,NA,71.994,0.815,17,8.25,71.99,11.45992499,107.0793388,-0.011144699,NA,0.669224126,2022,1,0,0.26,26,110
"27",27,27,"10001300",2023,"Susan","1",5,0.62,19.558,0.12,NA,71.994,0.815,17,5.35,71.99,7.431587721,107.2681759,1.735786813,-0.561242204643728,0.682228596,2023,2,0,0.12,27,96
"28",28,28,"10001300",2023,"Susan","1",5,0.62,19.558,0.12,NA,71.994,0.815,17,5.35,71.99,7.431587721,107.2681759,1.735786813,-0.561242204643728,0.682228596,2023,2,0,0.12,28,96
"29",29,29,"10001300",2023,"Susan","1",5,0.62,19.558,0.12,NA,71.994,0.815,17,5.35,71.99,7.431587721,107.2681759,1.735786813,-0.561242204643728,0.682228596,2023,2,0,0.12,29,96
"30",32,32,"13002700",2018,"South Center","1",2,1.12,7.874,NA,NA,544.508,0.6548,105.3000031,8,544.51,1.46921085,117.4151726,-0.324696508,-0.0436571722938584,1.381012516,2018,1,0,NA,30,387
"31",33,33,"13002700",2023,"South Center","1",5,1.37,19.558,NA,NA,544.508,0.6548,105.3000031,26.84,544.51,4.929202402,112.3950646,1.735786813,0.215135343881076,1.035297344,2023,0,2,NA,31,264
"32",30,30,"13002700",2025,"South Center","1",7,0.72,3.048,0.85,NA,544.508,0.6548,105.3000031,7.01,544.51,1.287396007,92.76366302,-1.175765706,-0.457725198173754,-0.31664039,2025,2,0,0.85,32,124
"33",31,31,"13002700",2025,"South Center","1",7,0.72,3.048,0.85,NA,544.508,0.6548,105.3000031,7.01,544.51,1.287396007,92.76366302,-1.175765706,-0.457725198173754,-0.31664039,2025,2,0,0.85,33,124
"34",34,34,"13002800",2021,"South Lindstrom","0",2,1.2,11.176,NA,NA,261.419,0.4767,33.90000153,NA,261.42,NA,86.89431895,0.257613995,0.0391564328821205,-0.720839126,2021,0,2,NA,34,245
"35",35,35,"13003200",2025,"North Center","1",7,NA,3.048,0.88,NA,749.26,0.811467314,NA,7,608,1.151315789,91.48623871,-1.175765706,NA,-0.404611599,2025,2,0,0.88,35,145
"36",36,36,"18035200",2017,"Ossawinnamakee","1",1,6.83,3.302,NA,NA,259.431,0.3756,62.90000153,8,259.43,3.08368346,93.06765817,-1.130972591,5.86716389714165,-0.295705435,2017,0,NA,NA,36,316
"37",37,37,"27002800",2017,NA,"1",1,0.6,3.302,0.01,NA,NA,NA,6.5,7.4,NA,NA,NA,-1.130972591,-0.581945605937722,NA,2017,0,NA,0.01,37,125
"38",38,38,"27002800",2017,NA,"1",1,0.6,3.302,0.01,NA,NA,NA,6.5,7.4,NA,NA,NA,-1.130972591,-0.581945605937722,NA,2017,0,NA,0.01,38,125
"39",39,39,"27002800",2018,NA,"1",2,0.2,7.874,NA,NA,NA,NA,6.5,7.4,NA,NA,NA,-0.324696508,-0.996013631817618,NA,2018,1,0,NA,39,125
"40",40,40,"27002800",2020,NA,"1",4,NA,11.938,NA,NA,NA,NA,6.5,7.4,NA,NA,NA,0.391993343,NA,NA,2020,3,0,NA,40,125
"41",41,41,"27002800",2021,NA,"1",5,0.2,11.176,NA,NA,NA,NA,6.5,7.4,NA,NA,NA,0.257613995,-0.996013631817618,NA,2021,4,0,NA,41,125
"42",42,42,"27002800",2022,NA,"1",6,NA,9.652,0.04,NA,NA,NA,6.5,4.6,NA,NA,NA,-0.011144699,NA,NA,2022,5,0,0.04,42,125
"43",43,43,"27002800",2022,NA,"1",6,NA,9.652,0.04,NA,NA,NA,6.5,4.6,NA,NA,NA,-0.011144699,NA,NA,2022,5,0,0.04,43,125
"44",44,44,"27002800",2023,NA,"0",6,NA,19.558,0.54,NA,NA,NA,6.5,NA,NA,NA,NA,1.735786813,NA,NA,2023,6,0,0.54,44,250
"45",45,45,"27002800",2023,NA,"0",6,NA,19.558,0.54,NA,NA,NA,6.5,NA,NA,NA,NA,1.735786813,NA,NA,2023,6,0,0.54,45,250
"46",46,46,"27002800",2023,NA,"0",6,NA,19.558,0.54,NA,NA,NA,6.5,NA,NA,NA,NA,1.735786813,NA,NA,2023,6,0,0.54,46,250
"47",47,47,"27002800",2024,NA,"1",7,NA,1.524,0.32,NA,NA,NA,6.5,49.9,NA,NA,NA,-1.444524401,NA,NA,2024,0,1,0.32,47,125
"48",48,48,"27002800",2024,NA,"1",7,NA,1.524,0.32,NA,NA,NA,6.5,49.9,NA,NA,NA,-1.444524401,NA,NA,2024,0,1,0.32,48,125
"49",49,49,"27002800",2025,NA,"1",8,NA,3.048,0.06,NA,NA,NA,6.5,49.9,NA,NA,NA,-1.175765706,NA,NA,2025,1,0,0.06,49,125
"50",50,50,"27002800",2025,NA,"1",8,NA,3.048,0.06,NA,NA,NA,6.5,49.9,NA,NA,NA,-1.175765706,NA,NA,2025,1,0,0.06,50,125
"51",51,51,"27003400",2018,"Crystal","0",1,0.4,7.874,NA,NA,79.12,0.6699,39,NA,53,NA,111.9989534,-0.324696508,-0.78897961887767,1.008018711,2018,1,0,NA,51,46
"52",52,52,"27003400",2018,"Crystal","0",1,0.4,7.874,NA,NA,79.12,0.6699,39,NA,53,NA,111.9989534,-0.324696508,-0.78897961887767,1.008018711,2018,1,0,NA,52,46
"53",53,53,"27003400",2020,"Crystal","0",2,1,11.938,0.04,NA,79.12,0.6699,39,NA,53,NA,93.97618935,0.391993343,-0.167877580057827,-0.233138451,2020,1,0,0.04,53,57
"54",54,54,"27003400",2020,"Crystal","0",2,1,11.938,0.04,NA,79.12,0.6699,39,NA,53,NA,93.97618935,0.391993343,-0.167877580057827,-0.233138451,2020,1,0,0.04,54,57
"55",55,55,"27003400",2021,"Crystal","1",3,1.01,11.176,NA,NA,79.12,0.6699,39,5.1,53,9.622641509,82.51598854,0.257613995,-0.15752587941083,-1.022357592,2021,0,1,NA,55,57
"56",56,56,"27004400",2020,NA,"1",2,0.5,11.938,NA,NA,NA,NA,NA,2.1,NA,NA,94.3985792,0.391993343,-0.685462612407696,-0.204050116,2020,1,0,NA,56,100
"57",57,57,"27004400",2023,NA,"0",4,NA,19.558,NA,NA,NA,NA,NA,NA,NA,NA,107.4012352,1.735786813,NA,0.691391873,2023,4,0,NA,57,100
"58",58,58,"27004400",2024,NA,"1",5,NA,1.524,NA,NA,NA,NA,NA,0.87,NA,NA,67.35070196,-1.444524401,NA,-2.066731477,2024,0,1,NA,58,100
"59",59,59,"27004400",2024,NA,"1",5,NA,1.524,NA,NA,NA,NA,NA,0.87,NA,NA,67.35070196,-1.444524401,NA,-2.066731477,2024,0,1,NA,59,100
"60",60,60,"27004500",2017,NA,"1",1,NA,3.302,NA,NA,NA,NA,7,3,NA,NA,NA,-1.130972591,NA,NA,2017,0,NA,NA,60,128
"61",61,61,"27004500",2018,NA,"1",2,NA,7.874,NA,NA,NA,NA,7,2,NA,NA,NA,-0.324696508,NA,NA,2018,1,0,NA,61,128
"62",62,62,"27004500",2020,NA,"1",4,0.7,11.938,NA,NA,NA,NA,7,2,NA,NA,NA,0.391993343,-0.478428599467749,NA,2020,3,0,NA,62,128
"63",63,63,"27004500",2023,NA,"1",7,NA,19.558,NA,NA,NA,NA,7,2,NA,NA,NA,1.735786813,NA,NA,2023,6,0,NA,63,128
"64",64,64,"27004500",2024,NA,"1",8,NA,1.524,NA,NA,NA,NA,7,2,NA,NA,NA,-1.444524401,NA,NA,2024,7,0,NA,64,128
"65",65,65,"27004800",2017,"Hyland","1",1,0.6,3.302,NA,NA,83.913,0.995,11.5,31.1,83.91,37.06352044,NA,-1.130972591,-0.581945605937722,NA,2017,0,NA,NA,65,124
"66",66,66,"27004800",2017,"Hyland","1",1,0.6,3.302,NA,NA,83.913,0.995,11.5,31.1,83.91,37.06352044,NA,-1.130972591,-0.581945605937722,NA,2017,0,NA,NA,66,124
"67",67,67,"27004800",2018,"Hyland","0",1,0.5,7.874,0.06,NA,83.913,0.995,11.5,NA,83.91,NA,NA,-0.324696508,-0.685462612407696,NA,2018,1,0,0.06,67,124
"68",68,68,"27004800",2018,"Hyland","0",1,0.5,7.874,0.06,NA,83.913,0.995,11.5,NA,83.91,NA,NA,-0.324696508,-0.685462612407696,NA,2018,1,0,0.06,68,124
"69",69,69,"27004800",2018,"Hyland","0",1,0.5,7.874,0.06,NA,83.913,0.995,11.5,NA,83.91,NA,NA,-0.324696508,-0.685462612407696,NA,2018,1,0,0.06,69,124
"70",70,70,"27004800",2019,"Hyland","1",2,0.58,13.97,0.2,NA,83.913,0.995,11.5,19,83.91,22.64330831,NA,0.750338268,-0.602649007231717,NA,2019,0,1,0.2,70,125
"71",71,71,"27004800",2019,"Hyland","1",2,0.58,13.97,0.2,NA,83.913,0.995,11.5,19,83.91,22.64330831,NA,0.750338268,-0.602649007231717,NA,2019,0,1,0.2,71,125
"72",72,72,"27004800",2019,"Hyland","1",2,0.58,13.97,0.2,NA,83.913,0.995,11.5,19,83.91,22.64330831,NA,0.750338268,-0.602649007231717,NA,2019,0,1,0.2,72,125
"73",73,73,"27004800",2020,"Hyland","1",3,0.7,11.938,0.42,NA,83.913,0.995,11.5,9,83.91,10.72577762,NA,0.391993343,-0.478428599467749,NA,2020,1,0,0.42,73,124
"74",74,74,"27004800",2020,"Hyland","1",3,0.7,11.938,0.42,NA,83.913,0.995,11.5,9,83.91,10.72577762,NA,0.391993343,-0.478428599467749,NA,2020,1,0,0.42,74,124
"75",75,75,"27005500",2018,NA,"1",1,0.7,7.874,NA,NA,NA,NA,NA,3.2,NA,NA,111.9082892,-0.324696508,-0.478428599467749,1.001775029,2018,0,NA,NA,75,95
"76",76,76,"27005500",2021,NA,"0",3,1.1,11.176,NA,NA,NA,NA,NA,NA,NA,NA,82.42532443,0.257613995,-0.0643605735878532,-1.028601274,2021,2,1,NA,76,95
"77",77,77,"27005500",2023,NA,"0",4,NA,19.558,NA,NA,NA,NA,NA,NA,NA,NA,106.8881813,1.735786813,NA,0.656059856,2023,1,0,NA,77,95
"78",78,78,"27005500",2024,NA,"1",5,NA,1.524,NA,NA,NA,NA,NA,3.16,NA,NA,66.83764799,-1.444524401,NA,-2.102063494,2024,0,1,NA,78,95
"79",79,79,"27005700",2023,NA,"1",1,1.5,19.558,0,NA,NA,NA,NA,5.91,NA,NA,106.4627146,1.735786813,0.349707452292042,0.626759634,2023,0,NA,0,79,55
"80",80,80,"27005700",2023,NA,"1",1,1.5,19.558,0,NA,NA,NA,NA,5.91,NA,NA,106.4627146,1.735786813,0.349707452292042,0.626759634,2023,0,NA,0,80,55
"81",81,81,"27005700",2024,NA,"0",1,NA,1.524,0.64,NA,NA,NA,NA,NA,NA,NA,66.41218133,-1.444524401,NA,-2.131363716,2024,1,0,0.64,81,55
"82",82,82,"27005700",2024,NA,"0",1,NA,1.524,0.64,NA,NA,NA,NA,NA,NA,NA,66.41218133,-1.444524401,NA,-2.131363716,2024,1,0,0.64,82,55
"83",83,83,"27007600",2018,"Red Rock","1",2,NA,7.874,NA,NA,96.611,0.9958,16,13,96.61,13.45616396,111.6702567,-0.324696508,NA,0.985382662,2018,1,0,NA,83,155
"84",84,84,"27007600",2021,"Red Rock","1",5,0.5,11.176,NA,NA,96.611,0.9958,16,13.04,96.61,13.49756754,82.18729191,0.257613995,-0.685462612407696,-1.044993641,2021,4,0,NA,84,146
"85",85,85,"27007800",2017,"Staring","1",1,0.67,3.302,0.22,NA,156.217,0.9505,16,40,156.22,25.60491614,NA,-1.130972591,-0.509483701408741,NA,2017,0,NA,0.22,85,176
"86",86,86,"27007800",2017,"Staring","1",1,0.67,3.302,0.22,NA,156.217,0.9505,16,40,156.22,25.60491614,NA,-1.130972591,-0.509483701408741,NA,2017,0,NA,0.22,86,176
"87",87,87,"27007800",2017,"Staring","1",1,0.67,3.302,0.22,NA,156.217,0.9505,16,40,156.22,25.60491614,NA,-1.130972591,-0.509483701408741,NA,2017,0,NA,0.22,87,176
"88",88,88,"27007800",2018,"Staring","0",1,0.92,7.874,NA,NA,156.217,0.9505,16,NA,156.22,NA,NA,-0.324696508,-0.250691185233806,NA,2018,1,0,NA,88,177
"89",89,89,"27007800",2019,"Staring","0",1,NA,13.97,0.12,NA,156.217,0.9505,16,NA,156.22,NA,NA,0.750338268,NA,NA,2019,0,1,0.12,89,175
"90",90,90,"27007800",2019,"Staring","0",1,NA,13.97,0.12,NA,156.217,0.9505,16,NA,156.22,NA,NA,0.750338268,NA,NA,2019,0,1,0.12,90,175
"91",91,91,"27007800",2019,"Staring","0",1,NA,13.97,0.12,NA,156.217,0.9505,16,NA,156.22,NA,NA,0.750338268,NA,NA,2019,0,1,0.12,91,175
"92",92,92,"27007800",2023,"Staring","0",1,0.55,19.558,0.2,NA,156.217,0.9505,16,NA,156.22,NA,NA,1.735786813,-0.633704109172709,NA,2023,0,5,0.2,92,178
"93",93,93,"27007800",2023,"Staring","0",1,0.55,19.558,0.2,NA,156.217,0.9505,16,NA,156.22,NA,NA,1.735786813,-0.633704109172709,NA,2023,0,5,0.2,93,178
"94",94,94,"27007800",2023,"Staring","0",1,0.55,19.558,0.2,NA,156.217,0.9505,16,NA,156.22,NA,NA,1.735786813,-0.633704109172709,NA,2023,0,5,0.2,94,178
"95",95,95,"27009000",2024,"Holiday","1",1,NA,1.524,0,NA,8,1,NA,4.2,8,52.5,NA,-1.444524401,NA,NA,2024,0,NA,0,95,104
"96",96,96,"27009000",2024,"Holiday","1",1,NA,1.524,0,NA,8,1,NA,4.2,8,52.5,NA,-1.444524401,NA,NA,2024,0,NA,0,96,104
"97",97,97,"27009000",2025,"Holiday","1",2,NA,3.048,0.01,NA,8,1,NA,4.2,8,52.5,NA,-1.175765706,NA,NA,2025,1,0,0.01,97,104
"98",98,98,"27009000",2025,"Holiday","1",2,NA,3.048,0.01,NA,8,1,NA,4.2,8,52.5,NA,-1.175765706,NA,NA,2025,1,0,0.01,98,104
"99",99,99,"27009800",2018,"Bass","1",3,0.6,7.874,NA,NA,149.282,0.8149,31,12.3,149.28,8.239549839,112.4418243,-0.324696508,-0.581945605937722,1.038517501,2018,2,0,NA,99,94
"100",100,100,"27009800",2019,"Bass","1",4,0.64,13.97,NA,NA,149.282,0.8149,31,20.4,149.28,13.66559486,100.5750171,0.750338268,-0.540538803349733,0.22129697,2019,3,0,NA,100,104
"101",101,101,"27009800",2021,"Bass","1",6,0.75,11.176,NA,NA,149.282,0.8149,31,18.02,149.28,12.07127546,82.95885952,0.257613995,-0.426670096232762,-0.991858802,2021,5,0,NA,101,98
"102",102,102,"27009800",2021,"Bass","1",6,0.75,11.176,NA,NA,149.282,0.8149,31,18.02,149.28,12.07127546,82.95885952,0.257613995,-0.426670096232762,-0.991858802,2021,5,0,NA,102,98
"103",103,103,"27009800",2023,"Bass","1",8,0.95,19.558,0.02,NA,149.282,0.8149,31,18.66,149.28,12.5,107.4217164,1.735786813,-0.219636083292814,0.692802328,2023,7,0,0.02,103,93
"104",104,104,"27010300",2022,NA,"0",4,NA,9.652,0.25,NA,NA,NA,6,NA,NA,NA,105.4289821,-0.011144699,NA,0.555570526,2022,0,1,0.25,104,126
"105",105,105,"27010300",2022,NA,"0",4,NA,9.652,0.25,NA,NA,NA,6,NA,NA,NA,105.4289821,-0.011144699,NA,0.555570526,2022,0,1,0.25,105,126
"106",107,107,"27010400",2017,"Medicine","1",1,0.83,3.302,0.46,NA,434.53,0.4674,47.59999847,45,434.53,10.35601685,82.52674794,-1.130972591,-0.343856491056783,-1.021616634,2017,0,NA,0.46,106,182
"107",108,108,"27010400",2017,"Medicine","1",1,0.83,3.302,0.46,NA,434.53,0.4674,47.59999847,45,434.53,10.35601685,82.52674794,-1.130972591,-0.343856491056783,-1.021616634,2017,0,NA,0.46,107,182
"108",109,109,"27010400",2018,"Medicine","1",2,1.2,7.874,0.14,NA,434.53,0.4674,47.59999847,35.8,434.53,8.238786735,114.6095678,-0.324696508,0.0391564328821205,1.187801501,2018,1,0,0.14,108,183
"109",110,110,"27010400",2018,"Medicine","1",2,1.2,7.874,0.14,NA,434.53,0.4674,47.59999847,35.8,434.53,8.238786735,114.6095678,-0.324696508,0.0391564328821205,1.187801501,2018,1,0,0.14,109,183
"110",111,111,"27010400",2019,"Medicine","1",3,1.12,13.97,0.5,NA,434.53,0.4674,47.59999847,49.57,434.53,11.40772789,102.7427606,0.750338268,-0.0436571722938584,0.37058097,2019,2,0,0.5,110,184
"111",112,112,"27010400",2019,"Medicine","1",3,1.12,13.97,0.5,NA,434.53,0.4674,47.59999847,49.57,434.53,11.40772789,102.7427606,0.750338268,-0.0436571722938584,0.37058097,2019,2,0,0.5,111,184
"112",113,113,"27010400",2019,"Medicine","1",3,1.12,13.97,0.5,NA,434.53,0.4674,47.59999847,49.57,434.53,11.40772789,102.7427606,0.750338268,-0.0436571722938584,0.37058097,2019,2,0,0.5,112,184
"113",114,114,"27010400",2020,"Medicine","1",4,0.85,11.938,0.69,NA,434.53,0.4674,47.59999847,49.4,434.53,11.36860516,96.58680377,0.391993343,-0.323153089762788,-0.053355662,2020,3,0,0.69,113,182
"114",106,106,"27010400",2022,"Medicine","1",6,1.81,9.652,0.41,NA,434.53,0.4674,47.59999847,119.5,434.53,27.50097807,109.4006227,-0.011144699,0.670610172348961,0.829081858,2022,5,0,0.41,114,183
"115",115,115,"27012500",2018,"Diamond","1",2,0.55,7.874,0.11,NA,405.015,0.9992,8,60,405.02,14.81408326,NA,-0.324696508,-0.633704109172709,NA,2018,1,0,0.11,115,105
"116",116,116,"27012500",2018,"Diamond","1",2,0.55,7.874,0.11,NA,405.015,0.9992,8,60,405.02,14.81408326,NA,-0.324696508,-0.633704109172709,NA,2018,1,0,0.11,116,105
"117",117,117,"27012500",2019,"Diamond","1",3,0.45,13.97,0.36,NA,405.015,0.9992,8,405,405.02,99.99506197,NA,0.750338268,-0.737221115642683,NA,2019,2,0,0.36,117,105
"118",118,118,"27012500",2019,"Diamond","1",3,0.45,13.97,0.36,NA,405.015,0.9992,8,405,405.02,99.99506197,NA,0.750338268,-0.737221115642683,NA,2019,2,0,0.36,118,105
"119",119,119,"27012500",2020,"Diamond","1",4,0.65,11.938,0.51,NA,405.015,0.9992,8,405,405.02,99.99506197,NA,0.391993343,-0.530187102702736,NA,2020,3,0,0.51,119,105
"120",120,120,"27019100",2017,"Sarah","1",1,NA,3.302,0.15,NA,557.23,0.6694,59,260,373,69.70509383,82.90832173,-1.130972591,NA,-0.995339141,2017,0,NA,0.15,120,181
"121",121,121,"27019100",2017,"Sarah","1",1,NA,3.302,0.15,NA,557.23,0.6694,59,260,373,69.70509383,82.90832173,-1.130972591,NA,-0.995339141,2017,0,NA,0.15,121,181
"122",122,122,"27019100",2018,"Sarah","1",2,NA,7.874,0.04,NA,557.23,0.6694,59,114.5,373,30.69705094,114.9911416,-0.324696508,NA,1.214078993,2018,1,0,0.04,122,187
"123",123,123,"27019100",2018,"Sarah","1",2,NA,7.874,0.04,NA,557.23,0.6694,59,114.5,373,30.69705094,114.9911416,-0.324696508,NA,1.214078993,2018,1,0,0.04,123,187
"124",124,124,"27019100",2019,"Sarah","1",3,NA,13.97,0.15,NA,557.23,0.6694,59,108.6,373,29.1152815,103.1243344,0.750338268,NA,0.396858463,2019,2,0,0.15,124,185
"125",125,125,"27019100",2019,"Sarah","1",3,NA,13.97,0.15,NA,557.23,0.6694,59,108.6,373,29.1152815,103.1243344,0.750338268,NA,0.396858463,2019,2,0,0.15,125,185
"126",126,126,"27019100",2019,"Sarah","1",3,NA,13.97,0.15,NA,557.23,0.6694,59,108.6,373,29.1152815,103.1243344,0.750338268,NA,0.396858463,2019,2,0,0.15,126,185
"127",127,127,"27027500",2021,NA,"1",1,1.1,11.176,NA,NA,NA,NA,NA,1.28,NA,NA,NA,0.257613995,-0.0643605735878532,NA,2021,0,NA,NA,127,40
"128",128,128,"27027500",2023,NA,"0",1,1.37,19.558,NA,NA,NA,NA,NA,NA,NA,NA,NA,1.735786813,0.215135343881076,NA,2023,0,1,NA,128,40
"129",129,129,"27027500",2025,NA,"1",2,0.87,3.048,NA,NA,NA,NA,NA,3.5,NA,NA,NA,-1.175765706,-0.302449688468793,NA,2025,0,3,NA,129,40
"130",130,130,"27066900",2021,NA,"0",2,NA,11.176,NA,NA,NA,NA,NA,NA,NA,NA,NA,0.257613995,NA,NA,2021,1,1,NA,130,49
"131",131,131,"27066900",2023,NA,"0",3,NA,19.558,NA,NA,NA,NA,NA,NA,NA,NA,NA,1.735786813,NA,NA,2023,1,0,NA,131,49
"132",132,132,"27066900",2024,NA,"1",4,NA,1.524,NA,NA,NA,NA,NA,1.17,NA,NA,NA,-1.444524401,NA,NA,2024,0,1,NA,132,49
"133",133,133,"27067700",2023,NA,"0",1,NA,19.558,NA,NA,NA,NA,NA,NA,NA,NA,NA,1.735786813,NA,NA,2023,1,0,NA,133,25
"134",134,134,"27067700",2024,NA,"1",2,NA,1.524,NA,NA,NA,NA,NA,0.59,NA,NA,NA,-1.444524401,NA,NA,2024,0,1,NA,134,25
"135",140,140,"62000200",2018,"Bald Eagle","1",2,1.8,7.874,0.38,NA,589.063,0.5613,37,19.6,589.06,3.327335076,115.5346293,-0.324696508,0.660258471701964,1.251506868,2018,1,0,0.38,135,145
"136",135,135,"62000200",2019,"Bald Eagle","1",3,1.34,13.97,NA,NA,589.063,0.5613,37,68.82,589.06,11.68302041,103.6678221,0.750338268,0.184080241940084,0.434286338,2019,2,0,NA,136,170
"137",141,141,"62000200",2019,"Bald Eagle","1",3,1.34,13.97,NA,NA,589.063,0.5613,37,68.82,589.06,11.68302041,103.6678221,0.750338268,0.184080241940084,0.434286338,2019,2,0,NA,137,170
"138",136,136,"62000200",2020,"Bald Eagle","1",4,1.14,11.938,NA,NA,589.063,0.5613,37,72.6,589.06,12.32472074,97.51186535,0.391993343,-0.0229537709998639,0.010349706,2020,3,0,NA,138,170
"139",142,142,"62000200",2020,"Bald Eagle","1",4,1.14,11.938,NA,NA,589.063,0.5613,37,72.6,589.06,12.32472074,97.51186535,0.391993343,-0.0229537709998639,0.010349706,2020,3,0,NA,139,170
"140",137,137,"62000200",2021,"Bald Eagle","1",5,1.19,11.176,NA,NA,589.063,0.5613,37,86.89,589.06,14.75061963,86.05166454,0.257613995,0.0288047322351231,-0.778869435,2021,4,0,NA,140,166
"141",139,139,"62000200",2022,"Bald Eagle","1",7,1.34,9.652,NA,NA,589.063,0.5613,37,26.47,589.06,4.493599973,110.3256843,-0.011144699,0.184080241940084,0.892787225,2022,5,0,NA,141,144
"142",138,138,"62000200",2023,"Bald Eagle","1",7,1.21,19.558,NA,NA,589.063,0.5613,37,68.93,589.06,11.70169422,110.5145214,1.735786813,0.0495081335291179,0.905791696,2023,6,0,NA,142,167
"143",143,143,"62000600",2024,"Kohlman","1",5,0.6,1.524,0.29,NA,82.899,1,11.60000038,12.4,82.9,14.95778046,67.08913793,-1.444524401,-0.581945605937722,-2.084744367,2024,4,0,0.29,143,112
"144",144,144,"62000600",2024,"Kohlman","1",5,0.6,1.524,0.29,NA,82.899,1,11.60000038,12.4,82.9,14.95778046,67.08913793,-1.444524401,-0.581945605937722,-2.084744367,2024,4,0,0.29,144,112
"145",145,145,"62000600",2024,"Kohlman","1",5,0.6,1.524,0.29,NA,82.899,1,11.60000038,12.4,82.9,14.95778046,67.08913793,-1.444524401,-0.581945605937722,-2.084744367,2024,4,0,0.29,145,112
"146",146,146,"62000600",2024,"Kohlman","1",5,0.6,1.524,0.29,NA,82.899,1,11.60000038,12.4,82.9,14.95778046,67.08913793,-1.444524401,-0.581945605937722,-2.084744367,2024,4,0,0.29,146,112
"147",147,147,"62000600",2025,"Kohlman","1",6,0.96,3.048,0.27,NA,82.899,1,11.60000038,15.58,82.9,18.79372738,87.50826959,-1.175765706,-0.209284382645817,-0.67855875,2025,5,0,0.27,147,113
"148",148,148,"62000600",2025,"Kohlman","1",6,0.96,3.048,0.27,NA,82.899,1,11.60000038,15.58,82.9,18.79372738,87.50826959,-1.175765706,-0.209284382645817,-0.67855875,2025,5,0,0.27,148,113
"149",149,149,"62005500",2024,"Como","1",7,0.78,1.524,0.55,NA,65.645,0.9775,16,71.3,65.65,108.6062452,66.6033456,-1.444524401,-0.39561499429177,-2.118198982,2024,0,2,0.55,149,60
"150",150,150,"62005500",2024,"Como","1",7,0.78,1.524,0.55,NA,65.645,0.9775,16,71.3,65.65,108.6062452,66.6033456,-1.444524401,-0.39561499429177,-2.118198982,2024,0,2,0.55,150,60
"151",151,151,"62005500",2024,"Como","1",7,0.78,1.524,0.55,NA,65.645,0.9775,16,71.3,65.65,108.6062452,66.6033456,-1.444524401,-0.39561499429177,-2.118198982,2024,0,2,0.55,151,60
"152",152,152,"62005500",2025,"Como","1",8,0.6,3.048,0.25,NA,65.645,0.9775,16,71.3,65.65,108.6062452,87.02247726,-1.175765706,-0.581945605937722,-0.712013365,2025,1,0,0.25,152,60
"153",153,153,"62005500",2025,"Como","1",8,0.6,3.048,0.25,NA,65.645,0.9775,16,71.3,65.65,108.6062452,87.02247726,-1.175765706,-0.581945605937722,-0.712013365,2025,1,0,0.25,153,60
"154",154,154,"62005500",2025,"Como","1",8,0.6,3.048,0.25,NA,65.645,0.9775,16,71.3,65.65,108.6062452,87.02247726,-1.175765706,-0.581945605937722,-0.712013365,2025,1,0,0.25,154,60
"155",156,156,"70002200",2019,"Cleary","1",1,0.55,13.97,0.84,NA,144.743,0.9902,9,145,144.74,100.1796324,99.31458848,0.750338268,-0.633704109172709,0.134496187,2019,0,NA,0.84,155,165
"156",157,157,"70002200",2019,"Cleary","1",1,0.55,13.97,0.84,NA,144.743,0.9902,9,145,144.74,100.1796324,99.31458848,0.750338268,-0.633704109172709,0.134496187,2019,0,NA,0.84,156,165
"157",158,158,"70002200",2019,"Cleary","1",1,0.55,13.97,0.84,NA,144.743,0.9902,9,145,144.74,100.1796324,99.31458848,0.750338268,-0.633704109172709,0.134496187,2019,0,NA,0.84,157,165
"158",159,159,"70002200",2020,"Cleary","1",2,1.55,11.938,0.41,NA,144.743,0.9902,9,145,144.74,100.1796324,93.15863169,0.391993343,0.401465955527029,-0.289440445,2020,1,0,0.41,158,164
"159",155,155,"70002200",2022,"Cleary","1",4,0.63,9.652,0.07,NA,144.743,0.9902,9,145,144.74,100.1796324,105.9724506,-0.011144699,-0.55089050399673,0.592997074,2022,3,0,0.07,159,158
"160",160,160,"70007200",2019,"Upper Prior","1",1,0.74,13.97,NA,NA,310.512,0.8132,40.29999924,14.3,310.51,4.605326721,101.435135,0.750338268,-0.437021796879759,0.280529919,2019,0,NA,NA,160,76
"161",161,161,"70007200",2020,"Upper Prior","1",2,1.1,11.938,NA,NA,310.512,0.8132,40.29999924,17.7,310.51,5.700299507,95.2791782,0.391993343,-0.0643605735878532,-0.143406713,2020,1,0,NA,161,86
"162",162,162,"71001300",2017,"Orono","1",1,NA,3.302,0.32,NA,246.642,0.9907,17,4.3,246.64,1.743431722,82.26014926,-1.130972591,NA,-1.03997624,2017,0,NA,0.32,162,204
"163",163,163,"71001300",2017,"Orono","1",1,NA,3.302,0.32,NA,246.642,0.9907,17,4.3,246.64,1.743431722,82.26014926,-1.130972591,NA,-1.03997624,2017,0,NA,0.32,163,204
"164",164,164,"71001300",2018,"Orono","1",2,NA,7.874,0.17,NA,246.642,0.9907,17,21.91,246.64,8.883392799,114.3429691,-0.324696508,NA,1.169441894,2018,1,0,0.17,164,204
"165",165,165,"71001300",2018,"Orono","1",2,NA,7.874,0.17,NA,246.642,0.9907,17,21.91,246.64,8.883392799,114.3429691,-0.324696508,NA,1.169441894,2018,1,0,0.17,165,204
"166",166,166,"71001300",2019,"Orono","1",3,1.1,13.97,NA,NA,246.642,0.9907,17,9.4,246.64,3.811222835,102.4761619,0.750338268,-0.0643605735878532,0.352221364,2019,2,0,NA,166,204
"167",167,167,"71001300",2020,"Orono","1",4,1.8,11.938,NA,NA,246.642,0.9907,17,25.5,246.64,10.33895556,96.3202051,0.391993343,0.660258471701964,-0.071715268,2020,3,0,NA,167,204
"168",168,168,"71001300",2021,"Orono","0",4,0.6,11.176,0.22,NA,246.642,0.9907,17,NA,246.64,NA,84.86000429,0.257613995,-0.581945605937722,-0.860934408,2021,4,0,0.22,168,204
"169",169,169,"71001300",2021,"Orono","0",4,0.6,11.176,0.22,NA,246.642,0.9907,17,NA,246.64,NA,84.86000429,0.257613995,-0.581945605937722,-0.860934408,2021,4,0,0.22,169,204
"170",170,170,"71001300",2021,"Orono","0",4,0.6,11.176,0.22,NA,246.642,0.9907,17,NA,246.64,NA,84.86000429,0.257613995,-0.581945605937722,-0.860934408,2021,4,0,0.22,170,204
"171",171,171,"71001300",2022,"Orono","1",5,0.5,9.652,NA,NA,246.642,0.9907,17,30.87,246.64,12.51621797,109.134024,-0.011144699,-0.685462612407696,0.810722251,2022,0,1,NA,171,204
"172",172,172,"71001300",2022,"Orono","1",6,0.5,9.652,NA,NA,246.642,0.9907,17,30.87,246.64,12.51621797,109.134024,-0.011144699,-0.685462612407696,0.810722251,2022,0,1,NA,172,204
"173",173,173,"71001300",2023,"Orono","1",6,0.6,19.558,NA,NA,246.642,0.9907,17,30.87,246.64,12.51621797,109.3228611,1.735786813,-0.581945605937722,0.823726722,2023,1,0,NA,173,204
"174",174,174,"71001300",2023,"Orono","1",6,0.6,19.558,NA,NA,246.642,0.9907,17,30.87,246.64,12.51621797,109.3228611,1.735786813,-0.581945605937722,0.823726722,2023,1,0,NA,174,204
"175",175,175,"71001300",2024,"Orono","1",7,NA,1.524,NA,NA,246.642,0.9907,17,30.87,246.64,12.51621797,69.27232785,-1.444524401,NA,-1.934396629,2024,2,0,NA,175,204
"176",176,176,"71001300",2025,"Orono","1",8,NA,3.048,NA,NA,246.642,0.9907,17,31,246.64,12.56892637,89.69145951,-1.175765706,NA,-0.528211012,2025,3,0,NA,176,204
"177",177,177,"71014700",2018,"Rush","1",2,NA,7.874,NA,NA,160.818,1,10,10.8,160.82,6.715582639,115.6944635,-0.324696508,NA,1.262514017,2018,1,0,NA,177,112
"178",178,178,"73001400",2017,"Marie","1",1,1.18,3.302,NA,NA,124.967,0.8513,30,14.8,124.97,11.84284228,84.67768708,-1.130972591,0.0184530315881257,-0.873489881,2017,0,NA,NA,178,120
"179",179,179,"73001400",2018,"Marie","1",2,0.9,7.874,NA,NA,124.967,0.8513,30,12.84,124.97,10.27446587,116.7605069,-0.324696508,-0.271394586527801,1.335928254,2018,1,0,NA,179,120
"180",180,180,"73008200",2020,"Schneider","1",2,2.44,11.938,NA,NA,25.135,0.462,55,1.7,25.14,6.76213206,100.4266941,0.391993343,1.3227673131098,0.211082542,2020,0,2,NA,180,25
"181",181,181,"73008200",2022,"Schneider","0",2,NA,9.652,0.5,NA,25.135,0.462,55,NA,25.14,NA,113.240513,-0.011144699,NA,1.093520061,2022,0,1,0.5,181,8
"182",182,182,"73008200",2023,"Schneider","0",2,NA,19.558,NA,NA,25.135,0.462,55,NA,25.14,NA,113.4293501,1.735786813,NA,1.106524532,2023,0,2,NA,182,37
"183",183,183,"73008300",2020,"Great Northern","1",1,NA,11.938,NA,NA,185.346,0.9221,16.20000076,1.7,185.35,0.917183707,99.49144854,0.391993343,NA,0.146675847,2020,0,NA,NA,183,94
"184",184,184,"73008600",2020,"Knaus","1",1,0.84,11.938,NA,NA,209.7,0.9682,16.20000076,4,209.7,1.907486886,99.5428492,0.391993343,-0.333504790409785,0.150215608,2020,0,NA,NA,184,113
"185",185,185,"73008600",2022,"Knaus","1",3,NA,9.652,0.34,NA,209.7,0.9682,16.20000076,10.8,209.7,5.150214592,112.3566681,-0.011144699,NA,1.032653127,2022,2,0,0.34,185,83
"186",186,186,"73008600",2023,"Knaus","1",4,NA,19.558,NA,NA,209.7,0.9682,16.20000076,6,209.7,2.861230329,112.5455052,1.735786813,NA,1.045657598,2023,3,0,NA,186,211
"187",187,187,"73008700",2020,"Krays","1",1,0.82,11.938,NA,NA,86.938,0.9048,40.20000076,1.8,86.94,2.070393375,NA,0.391993343,-0.35420819170378,NA,2020,0,NA,NA,187,45
"188",188,188,"73008800",2020,"Bolfing","1",1,NA,11.938,NA,NA,67.37,0.6299,35,1,67.37,1.484340211,99.27960256,0.391993343,NA,0.132086843,2020,0,NA,NA,188,40
"189",189,189,"73008800",2022,"Bolfing","1",3,NA,9.652,0.22,NA,67.37,0.6299,35,0.3,67.37,0.445302063,112.0934215,-0.011144699,NA,1.014524363,2022,2,0,0.22,189,9
"190",190,190,"73008800",2023,"Bolfing","0",3,NA,19.558,NA,NA,67.37,0.6299,35,NA,67.37,NA,112.2822586,1.735786813,NA,1.027528833,2023,3,0,NA,190,65
"191",191,191,"73008900",2020,"Zumwalde","1",1,0.76,11.938,NA,NA,118.616,0.9816,21.29999924,1.7,118.62,1.433147867,NA,0.391993343,-0.416318395585764,NA,2020,0,NA,NA,191,60
"192",192,192,"73008900",2022,"Zumwalde","0",2,NA,9.652,0.86,NA,118.616,0.9816,21.29999924,NA,118.62,NA,NA,-0.011144699,NA,NA,2022,2,0,0.86,192,78
"193",193,193,"73013300",2020,"Cedar Island","0",1,NA,11.938,NA,NA,985.77,0.7659,NA,NA,755,NA,NA,0.391993343,NA,NA,2020,0,2,NA,193,378
"194",194,194,"73013300",2022,"Cedar Island","1",3,NA,9.652,0.26,NA,985.77,0.7659,NA,43.7,755,5.78807947,NA,-0.011144699,NA,NA,2022,1,0,0.26,194,384
"195",195,195,"73013300",2022,"Cedar Island","1",3,NA,9.652,0.26,NA,985.77,0.7659,NA,43.7,755,5.78807947,NA,-0.011144699,NA,NA,2022,1,0,0.26,195,384
"196",196,196,"73013900",2020,"Long","1",2,0.85,11.938,NA,NA,331.225,0.672,34,2,331.23,0.603810041,100.1538767,0.391993343,-0.323153089762788,0.192294678,2020,0,2,NA,196,163
"197",197,197,"73015700",2020,"Horseshoe","1",2,1.15,11.938,NA,NA,341.053,0.5437,57,5.4,341.05,1.583345551,100.4625085,0.391993343,-0.0126020703528665,0.213548942,2020,0,2,NA,197,169
"198",198,198,"73015700",2022,"Horseshoe","1",4,NA,9.652,0.35,NA,341.053,0.5437,57,3.9,341.05,1.143527342,113.2763274,-0.011144699,NA,1.095986462,2022,2,0,0.35,198,135
"199",199,199,"73015700",2022,"Horseshoe","1",4,NA,9.652,0.35,NA,341.053,0.5437,57,3.9,341.05,1.143527342,113.2763274,-0.011144699,NA,1.095986462,2022,2,0,0.35,199,135
"200",200,200,"73015700",2023,"Horseshoe","0",4,NA,19.558,NA,NA,341.053,0.5437,57,NA,341.05,NA,113.4651645,1.735786813,NA,1.108990932,2023,3,0,NA,200,649
"201",201,201,"82010100",2024,"DeMontreville","1",1,NA,1.524,0.02,NA,142.617,0.9081,24,12,142.62,8.413967186,68.09691909,-1.444524401,NA,-2.015342426,2024,0,NA,0.02,201,87
"202",202,202,"82010100",2025,"DeMontreville","1",2,1.8,3.048,0,NA,142.617,0.9081,24,21.2,142.62,14.86467536,88.51605075,-1.175765706,0.660258471701964,-0.609156809,2025,1,0,0,202,74
"203",203,203,"82010300",2025,"Olson","1",1,3.2,3.048,0,NA,87.384,1,14.5,6.6,87.38,7.553215839,87.8025972,-1.175765706,2.1094965622816,-0.658289561,2025,0,NA,0,203,77
"204",204,204,"82016200",2023,"Shields","1",5,NA,19.558,NA,NA,25.527,0.8644,25.89999962,3.07,25.53,12.02506855,NA,1.735786813,NA,NA,2023,4,0,NA,204,40
"205",205,205,"86002300",2017,"Beebe","1",1,0.88,3.302,NA,NA,179.487,0.5899,23.5,26.5,179.49,14.76405371,83.89081555,-1.130972591,-0.292097987821796,-0.927678641,2017,0,NA,NA,205,115
"206",206,206,"86002300",2022,"Beebe","1",6,NA,9.652,0.02,NA,179.487,0.5899,23.5,14.39,179.49,8.01715973,110.7646903,-0.011144699,NA,0.923019851,2022,5,0,0.02,206,91
"207",207,207,"86023400",2018,"Bass","1",2,3.69,7.874,NA,NA,95.961,0.449,34,3.1,95.96,3.230512714,117.158988,-0.324696508,2.61672989398447,1.363370089,2018,1,0,NA,207,86
"208",208,208,"86028200",2017,"Louisa","1",1,1.2,3.302,NA,NA,129.566,0.6673,44,13.85,129.57,10.68920275,84.20953346,-1.130972591,0.0391564328821205,-0.905729787,2017,0,NA,NA,208,120
"209",209,209,"86028200",2018,"Louisa","1",2,0.9,7.874,NA,NA,129.566,0.6673,44,15.69,129.57,12.10928456,116.2923533,-0.324696508,-0.271394586527801,1.303688348,2018,1,0,NA,209,118
