"","Lake.ID","Year","Lake.x","Trt","YrsTrt","PrevAUGSecchi","IceIn","IceOut","IceCover","Snow","APRMAYPcri","APRMAY3.7","APRMAYDIFF","APRMAYRelDens","APRMAYRelDensall","JUNPcri","JUN3.7","JUNDIFF","JUNRelDens","JUNRelDensall","DIFF.4.6","DIFF.3.7","DIFFRelDens","County","Latitude.y","Longitude","Ecoregion","Lake.area..ha.","Littoral.area..ha.","Proportion.littoral","Max.depth..m.","Acres_Chem","Acres_Harvested","litt.ac","perc.lit.chem"
"1","02000900",2006,"reshanau","T",2,0.3,"30-Nov","7-Apr",129,7.6,0.39,0.39,0,NA,NA,0,0,0,NA,NA,-0.39,NA,NA,"Anoka",45.152,-93.096,"NCHF",136,136,1,"3",282,NA,336.0628,0.839128877102732
"2","02000900",2007,"reshanau","T",3,0.3,"1-Dec","30-Mar",120,10.9,0.95,0.95,0,NA,NA,0,0,0,NA,NA,-0.95,NA,NA,"Anoka",45.152,-93.096,"NCHF",136,136,1,"3",282,NA,336.0628,0.839128877102732
"3","02000900",2008,"reshanau","T",4,0.5,"28-Nov","22-Apr",147,10.7,0.72,0.72,0,1.09,0.78,0,0,0,NA,NA,-0.72,-0.72,NA,"Anoka",45.152,-93.096,"NCHF",136,136,1,"3",282,NA,336.0628,0.839128877102732
"4","02000900",2009,"reshanau","T",5,0.3,"22-Nov","9-Apr",139,12.9,0.31,0.31,0,1.05,0.78,0.09,0.09,0,0.5,0.05,-0.22,-0.22,-0.55,"Anoka",45.152,-93.096,"NCHF",136,136,1,"3",282,NA,336.0628,0.839128877102732
"5","02000900",2010,"reshanau","U",0,0.4,"6-Dec","31-Mar",116,22.6,0.46,0.46,0,1.13,0.52,0.73,0.73,0,2.56,1.87,0.27,0.27,1.43,"Anoka",45.152,-93.096,"NCHF",136,136,1,"3",0,NA,336.0628,0
"6","02000900",2011,"reshanau","T",1,0.5,"24-Nov","12-Apr",140,31.1,0.65,0.65,0,1.58,1.02,0.17,0.17,0,1.05,0.18,-0.48,-0.48,-0.53,"Anoka",45.152,-93.096,"NCHF",136,136,1,"3",49,NA,336.0628,0.14580608148239
"7","02000900",2012,"reshanau","T",2,0.5,"30-Nov","18-Mar",110,2.1,0.48,0.48,0,1.08,0.52,0.03,0.03,0,1,0.03,-0.45,-0.45,-0.08,"Anoka",45.152,-93.096,"NCHF",136,136,1,"3",48,NA,336.0628,0.142830447166422
"8","02000900",2013,"reshanau","T",0,0.3,"10-Dec","1-May",143,18.4,0.06,0.06,0,1,0.06,0.05,0.05,0,1,0.05,-0.01,-0.01,0,"Anoka",45.152,-93.096,"NCHF",136,136,1,"3",48,NA,336.0628,0.142830447166422
"9","02000900",2014,"reshanau","T",1,0.3,"23-Nov","23-Apr",152,30.2,0.1,0.1,0,1,0.1,0,0,0,NA,NA,-0.1,-0.1,NA,"Anoka",45.152,-93.096,"NCHF",136,136,1,"3",48,NA,336.0628,0.142830447166422
"10","02000900",2015,"reshanau","T",2,NA,"13-Nov","31-Mar",139,6,0.23,0.23,0,NA,NA,0.13,0.13,0,1.2,0.05,-0.1,-0.1,NA,"Anoka",45.152,-93.096,"NCHF",136,136,1,"3",48,NA,336.0628,0.142830447166422
"11","10000200",2011,"riley","U",0,1,"25-Nov","10-Apr",137,24.8,NA,NA,NA,NA,NA,0.31,0.37,-0.06,2.11,0.67,NA,NA,NA,"Carver",44.836,-93.522,"NCHF",120,44,0.366666666666667,"14.9",0,NA,108.7262,0
"12","10000200",2012,"riley","U",0,0.9,"4-Dec","18-Mar",106,1.9,0.62,0.71,-0.09,3.72,2.31,0.25,0.29,-0.04,1.84,0.46,-0.37,-0.42,-1.88,"Carver",44.836,-93.522,"NCHF",120,44,0.366666666666667,"14.9",0,NA,108.7262,0
"13","10000200",2013,"riley","T",1,0.8,"3-Dec","28-Apr",147,8.9,0.53,0.59,-0.06,2.84,1.51,0.18,0.2,-0.02,1.23,0.22,-0.35,-0.39,-1.61,"Carver",44.836,-93.522,"NCHF",120,44,0.366666666666667,"14.9",35,NA,108.7262,0.321909530545535
"14","10000200",2014,"riley","T",2,0.8,"27-Nov","18-Apr",143,19.7,0.27,0.3,-0.03,1.67,0.4,0.2,0.22,-0.02,2.03,0.4,-0.07,-0.08,0.36,"Carver",44.836,-93.522,"NCHF",120,44,0.366666666666667,"14.9",35,NA,108.7262,0.321909530545535
"15","10000200",2015,"riley","T",3,2,"27-Nov","30-Mar",124,3.2,0.25,0.28,-0.03,1.11,0.27,0.1,0.11,-0.01,1.78,0.18,-0.15,-0.17,0.67,"Carver",44.836,-93.522,"NCHF",120,44,0.366666666666667,"14.9",34.5,NA,108.7262,0.317310822966314
"16","10000700",2010,"lucy","T",0,0.7,"7-Dec","31-Mar",115,22.6,NA,NA,NA,NA,NA,0.25,0.27,-0.02,1,0.25,NA,NA,NA,"Carver",44.876,-93.559,"NCHF",35,34,0.971428571428571,"6.1",5.7,19.1,84.0157,0.0678444624040507
"17","10000700",2011,"lucy","T",0,0.6,"28-Nov","10-Apr",134,25.3,NA,NA,NA,NA,NA,0.43,0.49,-0.06,2.18,0.95,NA,NA,NA,"Carver",44.876,-93.559,"NCHF",35,34,0.971428571428571,"6.1",8.2,NA,84.0157,0.097600805563722
"18","10000700",2012,"lucy","T",0,0.8,"4-Dec","18-Mar",106,1.9,NA,NA,NA,NA,NA,0.17,0.2,-0.03,2.3,0.39,NA,NA,NA,"Carver",44.876,-93.559,"NCHF",35,34,0.971428571428571,"6.1",8.1,NA,84.0157,0.0964105518373352
"19","10000900",2014,"minnewashta","U",0,1.9,"28-Nov","21-Apr",145,19.4,NA,NA,NA,NA,NA,0.17,NA,NA,NA,NA,NA,NA,NA,"Carver",44.881,-93.609,"NCHF",274,150,0.547445255474453,"21.3",0,NA,370.6575,0
"20","10001300",2009,"susan","U",0,0.5,"23-Nov","5-Apr",134,8.7,NA,NA,NA,NA,NA,0.28,0.45,-0.17,1.17,0.23,NA,NA,NA,"Carver",44.852,-93.541,"NCHF",36,31,0.861111111111111,"5.2",0,NA,76.60255,0
"21","10001300",2010,"susan","U",0,0.4,"7-Dec","31-Mar",115,22.6,NA,NA,NA,NA,NA,0.41,0.58,-0.17,1.46,0.59,NA,NA,NA,"Carver",44.852,-93.541,"NCHF",36,31,0.861111111111111,"5.2",0,NA,76.60255,0
"22","10001300",2011,"susan","U",0,0.9,"25-Nov","10-Apr",137,24.8,0.29,0.42,-0.13,2.46,0.7,0.41,0.6,-0.19,3.03,1.26,0.12,0.18,0.57,"Carver",44.852,-93.541,"NCHF",36,31,0.861111111111111,"5.2",0,NA,76.60255,0
"23","10001300",2012,"susan","U",0,0.7,"4-Dec","18-Mar",106,1.9,0.41,0.61,-0.2,3.29,1.33,0.21,0.36,-0.15,2.5,0.59,-0.2,-0.25,-0.79,"Carver",44.852,-93.541,"NCHF",36,31,0.861111111111111,"5.2",0,NA,76.60255,0
"24","10001300",2013,"susan","T",0,0.6,"3-Dec","28-Apr",147,8.9,0.39,0.58,-0.19,2.45,0.96,0.08,0.13,-0.05,1.2,0.1,-0.31,-0.45,-1.25,"Carver",44.852,-93.541,"NCHF",36,31,0.861111111111111,"5.2",16,NA,76.60255,0.208870331340145
"25","10001300",2014,"susan","T",0,0.8,"27-Nov","18-Apr",143,19.7,0.29,0.41,-0.12,1.8,0.52,0.09,0.14,-0.05,1.45,0.13,-0.2,-0.27,-0.35,"Carver",44.852,-93.541,"NCHF",36,31,0.861111111111111,"5.2",16,NA,76.60255,0.208870331340145
"26","10001300",2015,"susan","U",0,0.9,"27-Nov","30-Mar",124,3.2,0.21,0.31,-0.1,0.79,0.27,0.26,0.44,-0.18,3.26,0.86,0.05,0.13,2.47,"Carver",44.852,-93.541,"NCHF",36,31,0.861111111111111,"5.2",0,NA,76.60255,0
"27","1014200",2008,"hill","U",0,NA,"25-Nov","27-Apr",155,15.6,0.02,0.02,0,NA,NA,NA,NA,NA,NA,NA,NA,NA,NA,"Aitkin",47.002,-93.591,"NLF",327,143,0.437308868501529,"14.6",0,NA,353.36015,0
"28","1014200",2009,"hill","U",0,3.2,"20-Nov","23-Apr",155,10.7,NA,NA,NA,NA,NA,0.1,0.14,-0.04,NA,NA,NA,NA,NA,"Aitkin",47.002,-93.591,"NLF",327,143,0.437308868501529,"14.6",0,NA,353.36015,0
"29","1014200",2010,"hill","U",0,3.5,"6-Dec","2-Apr",118,9.4,0.07,0.08,-0.01,NA,NA,NA,NA,NA,NA,NA,NA,NA,NA,"Aitkin",47.002,-93.591,"NLF",327,143,0.437308868501529,"14.6",0,NA,353.36015,0
"30","1014200",2011,"hill","U",0,NA,"27-Nov","24-Apr",149,15.9,NA,NA,NA,NA,NA,0.05,0.06,-0.01,NA,NA,NA,NA,NA,"Aitkin",47.002,-93.591,"NLF",327,143,0.437308868501529,"14.6",0,NA,353.36015,0
"31","13002700",2008,"southcenter","U",0,0.8,"2-Dec","22-Apr",143,13.4,0.83,0.83,0,NA,NA,NA,NA,NA,NA,NA,NA,NA,NA,"Chisago",45.375,-92.826,"NCHF",898,561,0.624721603563474,"33.2",0,NA,1386.25905,0
"32","13002700",2009,"southcenter","U",0,0.8,"25-Nov","10-Apr",137,10.9,0.85,0.85,0,NA,NA,NA,NA,NA,NA,NA,NA,NA,NA,"Chisago",45.375,-92.826,"NCHF",898,561,0.624721603563474,"33.2",0,NA,1386.25905,0
"33","13002700",2010,"southcenter","U",0,0.9,"7-Dec","1-Apr",116,17.5,0.75,0.76,-0.01,NA,NA,NA,NA,NA,NA,NA,NA,NA,NA,"Chisago",45.375,-92.826,"NCHF",898,561,0.624721603563474,"33.2",0,NA,1386.25905,0
"34","13002700",2011,"southcenter","U",0,1.4,"26-Nov","13-Apr",139,22.3,0.52,0.5,0.02,NA,NA,NA,NA,NA,NA,NA,NA,NA,NA,"Chisago",45.375,-92.826,"NCHF",898,561,0.624721603563474,"33.2",0,NA,1386.25905,0
"35","18024300",2006,"lowermission","U",1,0.9,"26-Nov","6-Apr",132,16.5,0.55,0.47,0.08,1.24,0.68,0.22,0.29,-0.07,1,0.28,-0.33,-0.18,-0.24,"Crow Wing",46.533,-94.103,"NLF",725,452,0.623448275862069,"8.2",0,NA,1116.9146,0
"36","18024300",2007,"lowermission","T",2,0.8,"30-Nov","18-Apr",140,6.7,0.57,0.5,0.07,1.93,1.09,0.33,0.34,-0.01,1.17,0.38,-0.24,-0.16,-0.76,"Crow Wing",46.533,-94.103,"NLF",725,452,0.623448275862069,"8.2",300,NA,1116.9146,0.268597079848361
"37","18024300",2008,"lowermission","T",3,0.8,"27-Nov","25-Apr",151,19.7,0.47,0.45,0.02,1.24,0.58,0.13,0.12,0.01,0.96,0.12,-0.34,-0.33,-0.28,"Crow Wing",46.533,-94.103,"NLF",725,452,0.623448275862069,"8.2",300,NA,1116.9146,0.268597079848361
"38","18024300",2009,"lowermission","T",4,1.3,"21-Nov","19-Apr",150,18.3,0.33,0.32,0.01,1.34,0.45,0.13,0.14,-0.01,1,0.13,-0.2,-0.18,-0.34,"Crow Wing",46.533,-94.103,"NLF",725,452,0.623448275862069,"8.2",300,NA,1116.9146,0.268597079848361
"39","19002200",2013,"longd","U",0,0.2,"7-Dec","29-Apr",144,11.94,NA,NA,NA,NA,NA,0.93,0.93,0,2.74,2.55,NA,NA,NA,"Dakota",44.756,-93.174,"NCHF",37,37,1,"-",0,NA,91.42885,0
"40","19002200",2014,"longd","U",0,0.3,"24-Nov","9-Apr",139,24.77,NA,NA,NA,NA,NA,0.63,0.63,0,1.68,1.06,NA,NA,NA,"Dakota",44.756,-93.174,"NCHF",37,37,1,"-",0,NA,91.42885,0
"41","19002200",2015,"longd","U",0,NA,"14-Nov","23-Mar",130,5.5,0.88,0.88,0,2.67,2.35,NA,NA,NA,NA,NA,NA,NA,NA,"Dakota",44.756,-93.174,"NCHF",37,37,1,"-",0,NA,91.42885,0
"42","19002500",2006,"keller","U",0,1.5,"26-Nov","5-Apr",131,6.3,NA,NA,NA,NA,NA,NA,NA,NA,NA,NA,NA,NA,NA,"Dakota",44.726,-93.251,"NCHF",51,51,1,"2.1",0,27.6,126.02355,0
"43","19002500",2007,"keller","U",0,0.7,"30-Nov","25-Mar",116,3.9,1,1,0,3.75,3.75,NA,NA,NA,NA,NA,NA,NA,NA,"Dakota",44.726,-93.251,"NCHF",51,51,1,"2.1",0,27.2,126.02355,0
"44","19002500",2008,"keller","U",0,1.1,"23-Nov","20-Apr",150,7.8,NA,NA,NA,NA,NA,NA,NA,NA,NA,NA,NA,NA,NA,"Dakota",44.726,-93.251,"NCHF",51,51,1,"2.1",0,25,126.02355,0
"45","19002500",2013,"keller","U",0,2,"7-Dec","29-Apr",144,11.94,0.95,0.95,0,2.79,2.64,NA,NA,NA,NA,NA,NA,NA,NA,"Dakota",44.726,-93.251,"NCHF",51,51,1,"2.1",0,22,126.02355,0
"46","19002500",2014,"keller","U",0,0.4,"24-Nov","11-Apr",139,24.77,0.73,0.73,0,1.93,1.41,0.84,0.84,0,2.35,1.97,0.11,0.11,0.42,"Dakota",44.726,-93.251,"NCHF",51,51,1,"2.1",0,22,126.02355,0
"47","19002500",2015,"keller","U",0,NA,"14-Nov","23-Mar",130,5.5,0.95,0.95,0,NA,NA,0.81,0.81,0,1.33,1.08,-0.14,-0.14,NA,"Dakota",44.726,-93.251,"NCHF",51,51,1,"2.1",0,22,126.02355,0
"48","2000400",2008,"peltier","U",0,0.7,"28-Nov","22-Apr",147,10.7,0.43,0.44,-0.01,NA,NA,NA,NA,NA,NA,NA,NA,NA,NA,"Anoka",45.177,-93.058,"NCHF",223,167,0.748878923766816,"5.5",0,10.6,412.66535,0
"49","2000400",2009,"peltier","U",0,1.5,"22-Nov","9-Apr",139,12.9,0.35,0.36,-0.01,NA,NA,NA,NA,NA,NA,NA,NA,NA,NA,"Anoka",45.177,-93.058,"NCHF",223,167,0.748878923766816,"5.5",0,NA,412.66535,0
"50","2000400",2010,"peltier","U",0,1.2,"6-Dec","31-Mar",116,22.6,0.3,0.31,-0.01,NA,NA,NA,NA,NA,NA,NA,NA,NA,NA,"Anoka",45.177,-93.058,"NCHF",223,167,0.748878923766816,"5.5",0,NA,412.66535,0
"51","2000400",2011,"peltier","U",0,0.8,"24-Nov","12-Apr",140,31.1,0.28,0.29,-0.01,NA,NA,NA,NA,NA,NA,NA,NA,NA,NA,"Anoka",45.177,-93.058,"NCHF",223,167,0.748878923766816,"5.5",0,NA,412.66535,0
"52","21005700",2008,"carlos","U",0,3.1,"30-Nov","2-May",155,14.4,NA,NA,NA,NA,NA,0,0,0,NA,NA,NA,NA,NA,"Douglas",45.971,-95.363,"NCHF",1054,373,0.353889943074004,"49.7",0,NA,921.70165,0
"53","21005700",2009,"carlos","U",0,2.5,"23-Nov","23-Apr",152,18.7,NA,NA,NA,NA,NA,0,0,0,NA,NA,NA,NA,NA,"Douglas",45.971,-95.363,"NCHF",1054,373,0.353889943074004,"49.7",0,NA,921.70165,0
"54","21005700",2010,"carlos","U",0,2.4,"5-Dec","2-Apr",119,27.2,NA,NA,NA,NA,NA,0,0,0,NA,NA,NA,NA,NA,"Douglas",45.971,-95.363,"NCHF",1054,373,0.353889943074004,"49.7",0,NA,921.70165,0
"55","27003500",2014,"twin","U",0,NA,"27-Nov","20-Apr",145,25.2,NA,NA,NA,NA,NA,0,0,0,NA,NA,NA,NA,NA,"Hennepin",44.992,-93.336,"NCHF",27,14,0.518518518518518,"8.5",0,NA,34.5947,0
"56","27003501",2014,"sweeney","U",0,1.1,"27-Nov","20-Apr",145,25.2,NA,NA,NA,NA,NA,0.19,0.19,0,NA,NA,NA,NA,NA,"Hennepin",44.993,-93.339,"NCHF",27,14,0.518518518518518,"8.5",0,NA,34.5947,0
"57","27004800",2008,"hyland","U",0,0.4,"25-Nov","19-Apr",147,9.8,NA,NA,NA,NA,NA,0.97,0.97,0,3.1,3.03,NA,NA,NA,"Hennepin",44.822,-93.369,"NCHF",36,36,1,"3.7",0,16.2,88.9578,0
"58","27004800",2009,"hyland","U",0,NA,"25-Nov","28-Mar",124,7.2,NA,NA,NA,NA,NA,1,1,0,3.91,3.91,NA,NA,NA,"Hennepin",44.822,-93.369,"NCHF",36,36,1,"3.7",0,16.2,88.9578,0
"59","27004800",2011,"hyland","U",0,0.4,"29-Nov","10-Apr",133,28.1,NA,NA,NA,NA,NA,0.8,0.8,0,1.97,1.59,NA,NA,NA,"Hennepin",44.822,-93.369,"NCHF",36,36,1,"3.7",0,8.8,88.9578,0
"60","27004800",2012,"hyland","T",1,0.3,"4-Dec","18-Mar",106,2,0.64,0.64,0,1.29,0.83,0.09,0.09,0,1,0.09,-0.55,-0.55,-0.29,"Hennepin",44.822,-93.369,"NCHF",36,36,1,"3.7",84,NA,88.9578,0.944267956266904
"61","27004800",2013,"hyland","T",2,0.3,"3-Dec","27-Apr",146,12.6,0.94,0.94,0,1.46,1.38,0,0,0,NA,NA,-0.94,-0.94,NA,"Hennepin",44.822,-93.369,"NCHF",36,36,1,"3.7",84,NA,88.9578,0.944267956266904
"62","27004800",2015,"hyland","T",3,0.9,"26-Nov","29-Mar",124,4.6,0.43,0.43,0,1.13,0.49,0,0,0,NA,NA,-0.43,-0.43,NA,"Hennepin",44.822,-93.369,"NCHF",36,36,1,"3.7",84,NA,88.9578,0.944267956266904
"63","27007000",2013,"mitchell","U",0,1.1,"3-Dec","28-Apr",147,12.5,NA,NA,NA,NA,NA,0.59,0.67,-0.08,2.69,2.23,NA,NA,NA,"Hennepin",44.858,-93.497,"NCHF",46,44,0.956521739130435,"5.8",0,6,108.7262,0
"64","27007000",2014,"mitchell","U",0,1.4,"27-Nov","18-Apr",143,25.5,0.32,0.33,-0.01,2.09,0.66,0.46,0.47,-0.01,2.56,1.18,0.14,0.14,0.47,"Hennepin",44.858,-93.497,"NCHF",46,44,0.956521739130435,"5.8",0,20,108.7262,0
"65","27007000",2015,"mitchell","T",1,NA,"27-Nov","30-Mar",124,4.6,0.72,0.72,0,1.4,1.01,0.41,0.42,-0.01,2.2,0.9,-0.31,-0.3,0.8,"Hennepin",44.858,-93.497,"NCHF",46,44,0.956521739130435,"5.8",13,13,108.7262,0.11956639705977
"66","27007100",2011,"round","U",0,1.3,"23-Nov","10-Apr",139,27.1,NA,NA,NA,NA,NA,0.11,0.11,0,1.33,0.09,NA,NA,NA,"Hennepin",44.869,-93.493,"NCHF",31,23,0.741935483870968,"11.3",0,NA,56.83415,0
"67","27007100",2012,"round","U",0,NA,"4-Dec","18-Mar",106,2,0.19,0.19,0,1,0.19,NA,NA,NA,NA,NA,NA,NA,NA,"Hennepin",44.869,-93.493,"NCHF",31,23,0.741935483870968,"11.3",0,NA,56.83415,0
"68","27007100",2013,"round","U",0,NA,"3-Dec","27-Apr",146,12.5,NA,NA,NA,NA,NA,0.1,0.1,0,1,0.1,NA,NA,NA,"Hennepin",44.869,-93.493,"NCHF",31,23,0.741935483870968,"11.3",0,NA,56.83415,0
"69","27007100",2014,"round","U",0,NA,"24-Nov","13-Apr",141,25.7,NA,NA,NA,NA,NA,0.39,0.39,0,1.29,0.5,NA,NA,NA,"Hennepin",44.869,-93.493,"NCHF",31,23,0.741935483870968,"11.3",0,NA,56.83415,0
"70","27007100",2015,"round","U",0,NA,"14-Nov","29-Mar",136,4.8,NA,NA,NA,NA,NA,0.4,0.4,0,1.43,0.57,NA,NA,NA,"Hennepin",44.869,-93.493,"NCHF",31,23,0.741935483870968,"11.3",0,NA,56.83415,0
"71","27007800",2011,"staring","U",0,0.5,"25-Nov","10-Apr",137,27.4,NA,NA,NA,NA,NA,0.07,0.08,-0.01,1.38,0.1,NA,NA,NA,"Hennepin",44.837,-93.454,"NCHF",66,59,0.893939393939394,"4.9",0,NA,145.79195,0
"72","27007800",2012,"staring","U",0,0.4,"4-Dec","18-Mar",106,2,NA,NA,NA,NA,NA,0.05,0.06,-0.01,2,0.1,NA,NA,NA,"Hennepin",44.837,-93.454,"NCHF",66,59,0.893939393939394,"4.9",0,NA,145.79195,0
"73","27007800",2013,"staring","U",0,0.5,"3-Dec","28-Apr",147,12.5,NA,NA,NA,NA,NA,0.07,0.07,0,1.42,0.1,NA,NA,NA,"Hennepin",44.837,-93.454,"NCHF",66,59,0.893939393939394,"4.9",0,NA,145.79195,0
"74","27007800",2014,"staring","U",0,0.5,"27-Nov","18-Apr",143,25.5,NA,NA,NA,NA,NA,0.17,0.2,-0.03,1.83,0.31,NA,NA,NA,"Hennepin",44.837,-93.454,"NCHF",66,59,0.893939393939394,"4.9",0,NA,145.79195,0
"75","27007800",2015,"staring","U",0,0.5,"27-Nov","30-Mar",124,4.6,0.28,0.31,-0.03,2.86,0.8,0.37,0.39,-0.02,1.93,1.14,0.09,0.08,-0.93,"Hennepin",44.837,-93.454,"NCHF",66,59,0.893939393939394,"4.9",0,NA,145.79195,0
"76","27008500",2015,"libbs","U",0,NA,"1-Dec","18-Apr",139,4.2,NA,NA,NA,NA,NA,0.23,0.23,0,NA,NA,NA,NA,NA,"Hennepin",44.946,-93.487,"NCHF",9,9,1,"2.4",0,NA,22.23945,0
"77","27009500",2007,"gleason","T",2,0.5,"2-Dec","28-Mar",117,6.1,0.79,0.83,-0.04,2.08,1.38,0.02,0.02,0,1.5,0.03,-0.77,-0.81,-0.58,"Hennepin",44.981,-93.493,"NCHF",57,56,0.982456140350877,"4.9",140,NA,138.3788,1.01171566742883
"78","27009500",2008,"gleason","T",3,0.5,"29-Nov","7-Apr",131,11.5,0.59,0.6,-0.01,1.62,0.95,0.14,0.14,0,1.59,0.22,-0.45,-0.46,-0.03,"Hennepin",44.981,-93.493,"NCHF",57,56,0.982456140350877,"4.9",140,NA,138.3788,1.01171566742883
"79","27009500",2009,"gleason","T",4,0.5,"30-Nov","4-Apr",126,7.2,0.49,0.5,-0.01,1.83,0.89,0.05,0.05,0,1.25,NA,-0.44,-0.45,-0.58,"Hennepin",44.981,-93.493,"NCHF",57,56,0.982456140350877,"4.9",140,NA,138.3788,1.01171566742883
"80","27009500",2010,"gleason","T",5,0.9,"6-Dec","31-Mar",116,22.4,0.36,0.36,0,1.48,0.53,0.11,0.11,0,1.33,0.15,-0.25,-0.25,-0.15,"Hennepin",44.981,-93.493,"NCHF",57,56,0.982456140350877,"4.9",27.9,NA,138.3788,0.201620479437602
"81","27009500",2011,"gleason","T",6,0.5,"23-Nov","10-Apr",139,27.1,0.09,0.09,0,1.07,0.09,0.16,0.16,0,1.43,0.23,0.07,0.07,0.36,"Hennepin",44.981,-93.493,"NCHF",57,56,0.982456140350877,"4.9",16.3,NA,138.3788,0.117792609850642
"82","27009500",2012,"gleason","T",7,0.9,"6-Dec","18-Mar",104,1.9,0.36,0.36,0,1.38,0.48,0.01,0.01,0,2,0.03,-0.35,-0.35,0.62,"Hennepin",44.981,-93.493,"NCHF",57,56,0.982456140350877,"4.9",45,NA,138.3788,0.325194321673551
"83","27009500",2013,"gleason","T",8,1.5,"3-Dec","28-Apr",147,12.5,0.05,0.05,0,1.29,0.06,0,0,0,NA,NA,-0.05,-0.05,NA,"Hennepin",44.981,-93.493,"NCHF",57,56,0.982456140350877,"4.9",4.5,NA,138.3788,0.0325194321673551
"84","27009500",2014,"gleason","T",9,1.4,"27-Nov","18-Apr",143,25.5,0.13,0.13,0,1.71,0.23,0.1,0.1,0,1.47,0.14,-0.03,-0.03,-0.24,"Hennepin",44.981,-93.493,"NCHF",57,56,0.982456140350877,"4.9",13.07,NA,138.3788,0.0944508840949625
"85","27009500",2015,"gleason","T",10,0.7,"24-Nov","30-Mar",127,4.5,0.12,0.12,0,0.62,0.07,0,0,0,NA,NA,-0.12,-0.12,NA,"Hennepin",44.981,-93.493,"NCHF",57,56,0.982456140350877,"4.9",32,NA,138.3788,0.231249295412303
"86","27010400",2010,"medicine","T",1,1.2,"8-Dec","31-Mar",114,22.9,NA,NA,NA,NA,NA,0.29,0.32,-0.03,1.4,0.25,NA,NA,NA,"Hennepin",45.008,-93.42,"NCHF",374,161,0.43048128342246,"15",55,NA,397.83905,0.13824686138779
"87","27010400",2011,"medicine","T",2,1,"1-Dec","10-Apr",131,28.5,NA,NA,NA,NA,NA,0.52,0.56,-0.04,2.89,1.49,NA,NA,NA,"Hennepin",45.008,-93.42,"NCHF",374,161,0.43048128342246,"15",29.1,NA,397.83905,0.0731451575706306
"88","27010400",2012,"medicine","T",3,0.9,"6-Dec","18-Mar",104,1.9,0.52,0.52,0,2.62,1.37,NA,NA,NA,NA,NA,NA,NA,NA,"Hennepin",45.008,-93.42,"NCHF",374,161,0.43048128342246,"15",74,NA,397.83905,0.186004868049026
"89","27011700",2006,"weaver","T",1,2.7,"13-Dec","7-Apr",116,5.2,0.72,0.71,0.01,1.15,0.83,0.36,0.37,-0.01,0.86,0.33,-0.36,-0.34,-0.29,"Hennepin",45.109,-93.501,"NCHF",62,31,0.5,"17.4",157,NA,76.60255,2.04954012627517
"90","27011700",2007,"weaver","T",2,2.2,"1-Dec","28-Mar",118,6,0.49,0.5,-0.01,1.08,0.52,0.03,0.03,0,0.67,0.02,-0.46,-0.47,-0.41,"Hennepin",45.109,-93.501,"NCHF",62,31,0.5,"17.4",157,NA,76.60255,2.04954012627517
"91","27011700",2008,"weaver","T",3,2.2,"29-Nov","20-Apr",144,10.2,0.33,0.34,-0.01,1.06,0.35,0.01,0.01,0,0.01,0.01,-0.32,-0.33,-1.05,"Hennepin",45.109,-93.501,"NCHF",62,31,0.5,"17.4",75,NA,76.60255,0.979079678156928
"92","27011700",2009,"weaver","T",4,1.7,"24-Nov","4-Apr",132,6.7,0.14,0.14,0,1.2,0.16,0.01,0.01,0,1,0.01,-0.13,-0.13,-0.2,"Hennepin",45.109,-93.501,"NCHF",62,31,0.5,"17.4",75,NA,76.60255,0.979079678156928
"93","27011700",2010,"weaver","T",5,2.7,"7-Dec","31-Mar",115,22.7,0.09,0.1,-0.01,1,0.09,0.19,0.22,-0.03,0.91,0.18,0.1,0.12,-0.09,"Hennepin",45.109,-93.501,"NCHF",62,31,0.5,"17.4",9.4,NA,76.60255,0.122711319662335
"94","27011700",2011,"weaver","U",0,2.4,"25-Nov","10-Apr",137,27.4,NA,NA,NA,NA,NA,0.56,0.59,-0.03,1,0.56,NA,NA,NA,"Hennepin",45.109,-93.501,"NCHF",62,31,0.5,"17.4",0,NA,76.60255,0
"95","27013301",2015,"grays","U",0,5.8,"27-Nov","5-Apr",130,4.5,NA,NA,NA,NA,NA,0.17,0.24,-0.07,NA,NA,NA,NA,NA,"Hennepin",44.954,-93.494,"NCHF",74,66.5870783674956,0.899825383344535,"11",0,NA,164.54,0
"96","27013318",2015,"northarm","U",0,NA,"29-Nov","5-Apr",128,4.5,NA,NA,NA,NA,NA,0.71,0.75,-0.04,NA,NA,NA,NA,NA,"Hennepin",44.96,-93.62,"NCHF",127,68.4729163715829,0.539156821823488,"17.7",0,NA,169.2,0
"97","27013319",2015,"stalban","U",0,NA,"29-Nov","5-Apr",128,4.5,NA,NA,NA,NA,NA,0.42,0.42,0,NA,NA,NA,NA,NA,"Hennepin",44.906,-93.552,"NCHF",41.7474353007831,41.7474353007831,1,"",0,NA,103.16,0
"98","27013320",2014,"maxwell","U",0,1.2,"29-Nov","24-Apr",147,25,NA,NA,NA,NA,NA,0.18,0.22,-0.04,NA,NA,NA,NA,NA,"Hennepin",44.96,-93.606,"NCHF",122,67.3681228627507,0.552197728383202,"9.1",0,NA,166.47,0
"99","27013325",2013,"halsted","U",0,0.5,"22-Dec","2-May",132,12.6,NA,NA,NA,NA,NA,0.11,0.13,-0.02,NA,NA,NA,NA,NA,"Hennepin",44.91,-93.685,"NCHF",215,130.244228162117,0.605787107730778,"9.1",0,NA,321.84,0
"100","27013329",2014,"stubbs","U",0,0.5,"29-Nov","24-Apr",147,25,NA,NA,NA,NA,NA,0.14,0.21,-0.07,NA,NA,NA,NA,NA,"Hennepin",44.97,-93.616,"NCHF",80,45.1184719046559,0.563980898808199,"27.7",0,NA,111.49,0
"101","27013700",2014,"christmas","U",0,6.9,"27-Nov","20-Apr",145,25.2,NA,NA,NA,NA,NA,0.28,0.28,0,NA,NA,NA,NA,NA,"Hennepin",44.896,-93.543,"NCHF",108,31,0.287037037037037,"26.5",0,NA,76.60255,0
"102","27013700",2015,"christmas","U",0,6.1,"27-Nov","1-Apr",126,4.6,NA,NA,NA,NA,NA,0.4,0.39,0.01,2.05,0.81,NA,NA,NA,"Hennepin",44.896,-93.543,"NCHF",108,31,0.287037037037037,"26.5",0,NA,76.60255,0
"103","27019101",2006,"sarahw","U",0,0.6,"1-Dec","7-Apr",128,5.5,NA,NA,NA,NA,NA,0.65,NA,NA,3.47,2.27,NA,NA,NA,"Hennepin",45.068,-93.699,"NCHF",138,98.1768883672933,0.711426727299227,"18",0,NA,242.6,0
"104","27019101",2008,"sarahw","U",0,0.8,"3-Dec","22-Apr",142,10.3,0.46,0.55,-0.09,1.1,0.51,NA,NA,NA,NA,NA,NA,NA,NA,"Hennepin",45.068,-93.699,"NCHF",138,98.1768883672933,0.711426727299227,"18",0,NA,242.6,0
"105","27019101",2009,"sarahw","U",0,0.7,"22-Nov","12-Apr",142,6.2,NA,NA,NA,NA,NA,0.56,NA,NA,3.14,1.74,NA,NA,NA,"Hennepin",45.068,-93.699,"NCHF",138,98.1768883672933,0.711426727299227,"18",0,NA,242.6,0
"106","27019101",2011,"sarahw","U",0,0.7,"24-Nov","10-Apr",138,27.3,NA,NA,NA,NA,NA,0.73,0.78,-0.05,2.92,2.12,NA,NA,NA,"Hennepin",45.068,-93.699,"NCHF",138,98.1768883672933,0.711426727299227,"18",0,NA,242.6,0
"107","27019101",2012,"sarahw","U",0,0.9,"28-Nov","18-Mar",112,1.9,NA,NA,NA,NA,NA,0.37,0.42,-0.05,1.7,0.64,NA,NA,NA,"Hennepin",45.068,-93.699,"NCHF",138,98.1768883672933,0.711426727299227,"18",0,NA,242.6,0
"108","27019101",2013,"sarahw","T",1,0.7,"20-Nov","30-Apr",162,11.4,0.41,0.48,-0.07,1.53,0.63,0.25,0.26,-0.01,1.7,0.41,-0.16,-0.22,0.17,"Hennepin",45.068,-93.699,"NCHF",138,98.1768883672933,0.711426727299227,"18",260,NA,242.6,1.0717230008244
"109","27019101",2014,"sarahw","T",2,0.7,"24-Nov","21-Apr",149,24.8,0.31,0.36,-0.05,1.42,0.44,0.25,0.28,-0.03,1.23,0.31,-0.06,-0.08,-0.19,"Hennepin",45.068,-93.699,"NCHF",138,98.1768883672933,0.711426727299227,"18",260,NA,242.6,1.0717230008244
"110","27019102",2006,"sarahe","U",0,0.6,"1-Dec","7-Apr",128,5.5,NA,NA,NA,NA,NA,0.55,NA,NA,3.5,1.93,NA,NA,NA,"Hennepin",45.06,-93.668,"NCHF",81,45.8833289492321,0.566460851225088,"5.5",0,NA,113.38,0
"111","27019102",2008,"sarahe","U",0,0.7,"3-Dec","22-Apr",142,10.3,0.46,0.48,-0.02,1.12,0.52,NA,NA,NA,NA,NA,NA,NA,NA,"Hennepin",45.06,-93.668,"NCHF",81,45.8833289492321,0.566460851225088,"5.5",0,NA,113.38,0
"112","27019102",2009,"sarahe","U",0,0.8,"22-Nov","12-Apr",142,6.2,NA,NA,NA,NA,NA,0.58,0.58,0,2.8,1.27,NA,NA,NA,"Hennepin",45.06,-93.668,"NCHF",81,45.8833289492321,0.566460851225088,"5.5",0,NA,113.38,0
"113","27019102",2011,"sarahe","U",0,0.7,"24-Nov","10-Apr",138,27.3,NA,NA,NA,NA,NA,0.67,0.76,-0.09,3.02,2.2,NA,NA,NA,"Hennepin",45.06,-93.668,"NCHF",81,45.8833289492321,0.566460851225088,"5.5",0,NA,113.38,0
"114","27019102",2012,"sarahe","U",0,1,"28-Nov","18-Mar",112,1.9,NA,NA,NA,NA,NA,0.46,0.51,-0.05,1.86,0.89,NA,NA,NA,"Hennepin",45.06,-93.668,"NCHF",81,45.8833289492321,0.566460851225088,"5.5",0,NA,113.38,0
"115","27019102",2013,"sarahe","T",1,0.7,"20-Nov","30-Apr",162,11.4,0.31,0.34,-0.03,1.43,0.45,0.32,0.35,-0.03,1.42,0.46,0.01,0.01,-0.01,"Hennepin",45.06,-93.668,"NCHF",81,45.8833289492321,0.566460851225088,"5.5",260,NA,113.38,2.29317339918857
"116","27019102",2014,"sarahe","T",2,0.8,"24-Nov","21-Apr",149,24.8,0.26,0.28,-0.02,1.26,0.33,0.03,0.03,0,1,0.08,-0.23,-0.25,-0.26,"Hennepin",45.06,-93.668,"NCHF",81,45.8833289492321,0.566460851225088,"5.5",260,NA,113.38,2.29317339918857
"117","27019200",2006,"rebecca","U",0,NA,"1-Dec","6-Apr",127,5.5,0.97,0.96,0.01,2.13,2.07,0.85,0.94,-0.09,2.55,2.18,-0.12,-0.02,0.42,"Hennepin",45.066,-93.742,"NCHF",107,56,0.523364485981308,"9.1",0,NA,138.3788,0
"118","27019200",2007,"rebecca","U",0,0.6,"1-Dec","30-Mar",120,5.8,0.96,0.96,0,2.49,2.39,0.76,0.9,-0.14,2.99,2.26,-0.2,-0.06,0.5,"Hennepin",45.066,-93.742,"NCHF",107,56,0.523364485981308,"9.1",0,NA,138.3788,0
"119","27019200",2008,"rebecca","U",0,0.6,"29-Nov","22-Apr",146,10,0.59,0.66,-0.07,1.15,0.69,0.87,0.94,-0.07,2.72,2.36,0.28,0.28,1.57,"Hennepin",45.066,-93.742,"NCHF",107,56,0.523364485981308,"9.1",0,NA,138.3788,0
"120","27019200",2009,"rebecca","T",1,0.6,"22-Nov","12-Apr",142,6.2,0.53,0.64,-0.11,1.26,0.67,0.03,0.04,-0.01,1,0.03,-0.5,-0.6,-0.26,"Hennepin",45.066,-93.742,"NCHF",107,56,0.523364485981308,"9.1",290,NA,138.3788,2.095696739674
"121","27019200",2010,"rebecca","T",2,0.6,"3-Dec","28-Mar",116,22.4,0.26,0.32,-0.06,1.39,0.36,NA,NA,NA,NA,NA,NA,NA,NA,"Hennepin",45.066,-93.742,"NCHF",107,56,0.523364485981308,"9.1",138,NA,138.3788,0.997262586465557
"122","27019200",2011,"rebecca","T",3,0.6,"23-Nov","10-Apr",139,27.1,NA,NA,NA,NA,NA,0.21,0.27,-0.06,1.64,0.34,NA,NA,NA,"Hennepin",45.066,-93.742,"NCHF",107,56,0.523364485981308,"9.1",65,NA,138.3788,0.46972513130624
"123","27019200",2012,"rebecca","T",4,1.8,"30-Nov","18-Mar",110,2,0.18,0.22,-0.04,1.11,0.2,NA,NA,NA,NA,NA,NA,NA,NA,"Hennepin",45.066,-93.742,"NCHF",107,56,0.523364485981308,"9.1",138,NA,138.3788,0.997262586465557
"124","27019200",2013,"rebecca","T",5,1.2,"22-Nov","29-Apr",159,11.7,0.21,0.25,-0.04,1.36,0.28,NA,NA,NA,NA,NA,NA,NA,NA,"Hennepin",45.066,-93.742,"NCHF",107,56,0.523364485981308,"9.1",46,NA,138.3788,0.332420862155186
"125","27019200",2014,"rebecca","T",6,1.8,"24-Nov","13-Apr",141,25.7,0.12,0.14,-0.02,1,0.12,NA,NA,NA,NA,NA,NA,NA,NA,"Hennepin",45.066,-93.742,"NCHF",107,56,0.523364485981308,"9.1",46,NA,138.3788,0.332420862155186
"126","27019200",2015,"rebecca","U",0,1.3,"17-Nov","29-Mar",133,4.8,NA,NA,NA,NA,NA,0.39,0.48,-0.09,2.66,1.04,NA,NA,NA,"Hennepin",45.066,-93.742,"NCHF",107,56,0.523364485981308,"9.1",0,NA,138.3788,0
"127","29025000",2008,"portage","T",1,0.8,"22-Nov","3-May",164,20.5,0.2,0.28,-0.08,NA,NA,NA,NA,NA,NA,NA,NA,NA,NA,"Hubbard",46.965,-95.12,"NLF",174,166,0.954022988505747,"5.2",40,NA,410.1943,0.09751476312567
"128","29025000",2009,"portage","T",2,0.7,"18-Nov","22-Apr",156,21.9,0.08,0.1,-0.02,NA,NA,NA,NA,NA,NA,NA,NA,NA,NA,"Hubbard",46.965,-95.12,"NLF",174,166,0.954022988505747,"5.2",27.8,NA,410.1943,0.0677727603723406
"129","29025000",2010,"portage","T",3,1.3,"4-Dec","1-Apr",119,17.2,0.15,0.17,-0.02,NA,NA,NA,NA,NA,NA,NA,NA,NA,NA,"Hubbard",46.965,-95.12,"NLF",174,166,0.954022988505747,"5.2",23.5,NA,410.1943,0.0572899233363311
"130","29025000",2011,"portage","U",4,1.2,"21-Nov","28-Apr",159,29.9,NA,NA,NA,NA,NA,0.02,0.03,-0.01,NA,NA,NA,NA,NA,"Hubbard",46.965,-95.12,"NLF",174,166,0.954022988505747,"5.2",0,NA,410.1943,0
"131","30007200",2009,"longi","T",4,0.5,"21-Nov","5-Apr",136,9,0.45,0.45,0,1.46,0.65,0.01,0.01,0,1,0.01,-0.44,-0.44,-0.46,"Isanti",45.474,-93.346,"NCHF",155,155,1,"4.6",350,NA,383.01275,0.913807699613133
"132","34003200",2008,"carrie","U",0,1.2,"23-Nov","21-Apr",151,8,NA,NA,NA,NA,NA,0,0,0,NA,NA,NA,NA,NA,"Kandiyohi",45.083,-94.785,"WCBP",37,8,0.216216216216216,"7.9",0,NA,19.7684,0
"133","34003200",2009,"carrie","U",0,1.3,"16-Nov","19-Apr",155,11.7,NA,NA,NA,NA,NA,0,0,0,NA,NA,NA,NA,NA,"Kandiyohi",45.083,-94.785,"WCBP",37,8,0.216216216216216,"7.9",0,NA,19.7684,0
"134","34003200",2010,"carrie","U",0,0.7,"5-Dec","31-Mar",117,26.6,NA,NA,NA,NA,NA,0.02,0.02,0,NA,NA,NA,NA,NA,"Kandiyohi",45.083,-94.785,"WCBP",37,8,0.216216216216216,"7.9",0,NA,19.7684,0
"135","34003200",2011,"carrie","U",0,2.2,"23-Nov","12-Apr",141,34.8,NA,NA,NA,NA,NA,0.14,0.14,0,NA,NA,NA,NA,NA,"Kandiyohi",45.083,-94.785,"WCBP",37,8,0.216216216216216,"7.9",0,NA,19.7684,0
"136","34003200",2013,"carrie","U",0,1.5,"24-Nov","30-Apr",158,19.1,NA,NA,NA,NA,NA,0.22,0.24,-0.02,NA,NA,NA,NA,NA,"Kandiyohi",45.083,-94.785,"WCBP",37,8,0.216216216216216,"7.9",0,NA,19.7684,0
"137","41004300",2006,"benton","T",1,0.8,"25-Dec","28-Mar",94,2.4,0.05,0.05,0,NA,NA,0.02,0.02,0,NA,NA,-0.03,-0.03,NA,"Lincoln",44.294,-96.251,"NGP",1092,1092,1,"2.7",2875,NA,2698.3866,1.06545148126662
"138","41004300",2007,"benton","T",2,0.8,"28-Nov","27-Mar",120,2.5,0.03,0.03,0,NA,NA,0.01,0.01,0,NA,NA,-0.02,-0.02,NA,"Lincoln",44.294,-96.251,"NGP",1092,1092,1,"2.7",2875,NA,2698.3866,1.06545148126662
"139","41004300",2008,"benton","T",3,0.6,"24-Nov","12-Apr",141,2.3,0.03,0.03,0,NA,NA,0.02,0.02,0,NA,NA,-0.01,-0.01,NA,"Lincoln",44.294,-96.251,"NGP",1092,1092,1,"2.7",2875,NA,2698.3866,1.06545148126662
"140","41004300",2012,"benton","T",2,NA,"26-Nov","13-Mar",109,1.2,NA,NA,NA,NA,NA,0.002,0.002,0,NA,NA,NA,NA,NA,"Lincoln",44.294,-96.251,"NGP",1092,1092,1,"2.7",302,NA,2698.3866,0.111918729510442
"141","47004900",2008,"belle","U",0,NA,"28-Nov","22-Apr",147,11.9,NA,NA,NA,NA,NA,0.04,0.05,-0.01,NA,NA,NA,NA,NA,"Meeker",44.982,-94.426,"NCHF",334,155,0.464071856287425,"7.6",0,NA,383.01275,0
"142","47004900",2009,"belle","U",0,0.7,"21-Nov","10-Apr",141,12.4,NA,NA,NA,NA,NA,0.01,0.01,0,NA,NA,NA,NA,NA,"Meeker",44.982,-94.426,"NCHF",334,155,0.464071856287425,"7.6",0,NA,383.01275,0
"143","47004900",2010,"belle","U",0,0.7,"5-Dec","30-Mar",116,24.3,0.004,0.004,0,NA,NA,NA,NA,NA,NA,NA,NA,NA,NA,"Meeker",44.982,-94.426,"NCHF",334,155,0.464071856287425,"7.6",0,NA,383.01275,0
"144","47004900",2013,"belle","U",0,NA,"9-Dec","2-May",145,15.3,0.01,0.01,0,NA,NA,NA,NA,NA,NA,NA,NA,NA,NA,"Meeker",44.982,-94.426,"NCHF",334,155,0.464071856287425,"7.6",0,NA,383.01275,0
"145","47009500",2009,"clearm","T",4,0.5,"29-Nov","13-Apr",136,13.7,0.28,0.38,-0.1,1.43,0.4,0.11,0.14,-0.03,1,0.11,-0.17,-0.24,-0.43,"Meeker",45.276,-94.446,"NCHF",214,178,0.831775700934579,"5.5",60.5,NA,439.8469,0.137547860403245
"146","49013300",2006,"crookneck","T",1,2.3,"24-Nov","7-Apr",135,1.5,0.38,0.34,0.04,1.03,0.39,0.19,0.16,0.03,1.08,0.21,-0.19,-0.18,0.05,"Morrison",46.245,-94.611,"NLF",73,53,0.726027397260274,"6.7",60,NA,130.96565,0.458135396571544
"147","49013300",2007,"crookneck","T",2,1.8,"1-Dec","21-Apr",142,2.9,0.4,0.3,0.1,1.16,0.47,0.27,0.16,0.11,1.15,0.31,-0.13,-0.14,-0.01,"Morrison",46.245,-94.611,"NLF",73,53,0.726027397260274,"6.7",60,NA,130.96565,0.458135396571544
"148","49013300",2008,"crookneck","T",3,2.5,"1-Dec","3-May",155,14.4,0.11,0.08,0.03,0.75,0.08,0.12,0.13,-0.01,0.94,0.12,0.01,0.05,0.19,"Morrison",46.245,-94.611,"NLF",73,53,0.726027397260274,"6.7",60,NA,130.96565,0.458135396571544
"149","49013300",2009,"crookneck","U",0,2.6,"25-Nov","20-Apr",147,19.3,0.05,0.03,0.02,1,0.05,0.15,0.15,0,1.43,0.22,0.1,0.12,0.43,"Morrison",46.245,-94.611,"NLF",73,53,0.726027397260274,"6.7",0,NA,130.96565,0
"150","49014000",2008,"cedar","U",0,0.3,"3-Dec","30-Apr",150,14.8,NA,NA,NA,NA,NA,0,0,0,NA,NA,NA,NA,NA,"Morrison",45.813,-94.636,"NCHF",95,27,0.284210526315789,"26.8",0,NA,66.71835,0
"151","49014000",2009,"cedar","U",0,4.8,"7-Dec","20-Apr",135,21,NA,NA,NA,NA,NA,0,0,0,NA,NA,NA,NA,NA,"Morrison",45.813,-94.636,"NCHF",95,27,0.284210526315789,"26.8",0,NA,66.71835,0
"152","49014000",2010,"cedar","U",0,4,"6-Dec","1-Apr",117,27.7,NA,NA,NA,NA,NA,0,0,0,NA,NA,NA,NA,NA,"Morrison",45.813,-94.636,"NCHF",95,27,0.284210526315789,"26.8",0,NA,66.71835,0
"153","62000100",2006,"silver","U",0,1.6,"4-Dec","7-Apr",125,5.2,NA,NA,NA,NA,NA,0.21,NA,NA,NA,NA,NA,NA,NA,"Ramsey",45.028,-92.988,"NCHF",30,29,0.966666666666667,"5.5",0,NA,71.66045,0
"154","62000100",2007,"silver","T",1,1.5,"1-Dec","27-Mar",117,4.8,0.64,NA,NA,NA,NA,0.02,NA,NA,NA,NA,-0.62,NA,NA,"Ramsey",45.028,-92.988,"NCHF",30,29,0.966666666666667,"5.5",50,NA,71.66045,0.697734943054363
"155","62000100",2008,"silver","T",2,0.8,"1-Dec","20-Apr",142,8,0.66,NA,NA,NA,NA,0,NA,NA,NA,NA,-0.66,NA,NA,"Ramsey",45.028,-92.988,"NCHF",30,29,0.966666666666667,"5.5",60,NA,71.66045,0.837281931665235
"156","62000100",2009,"silver","T",3,0.7,"26-Nov","1-Apr",127,4.3,0.44,NA,NA,NA,NA,0.43,NA,NA,NA,NA,-0.01,NA,NA,"Ramsey",45.028,-92.988,"NCHF",30,29,0.966666666666667,"5.5",60,NA,71.66045,0.837281931665235
"157","62000100",2014,"silver","T",4,0.5,"27-Nov","18-Apr",143,22.3,NA,NA,NA,NA,NA,0.34,NA,NA,NA,NA,NA,NA,NA,"Ramsey",45.028,-92.988,"NCHF",30,29,0.966666666666667,"5.5",10.65,NA,71.66045,0.148617542870579
"158","62000100",2015,"silver","U",5,1,"15-Nov","29-Mar",135,4.2,NA,NA,NA,NA,NA,0.68,NA,NA,NA,NA,NA,NA,NA,"Ramsey",45.028,-92.988,"NCHF",30,29,0.966666666666667,"5.5",0,NA,71.66045,0
"159","62000200",2008,"baldeagle","T",3,0.8,"29-Nov","22-Apr",146,7.6,0.52,0.52,0,NA,NA,NA,NA,NA,NA,NA,NA,NA,NA,"Ramsey",45.117,-93.016,"NCHF",424,304,0.716981132075472,"11",98,NA,751.1992,0.130458072905296
"160","62000200",2009,"baldeagle","T",4,0.8,"25-Nov","7-Apr",134,3.9,0.41,0.41,0,NA,NA,NA,NA,NA,NA,NA,NA,NA,NA,"Ramsey",45.117,-93.016,"NCHF",424,304,0.716981132075472,"11",98,NA,751.1992,0.130458072905296
"161","62000200",2010,"baldeagle","T",5,1,"7-Dec","31-Mar",115,17.8,0.51,0.51,0,NA,NA,NA,NA,NA,NA,NA,NA,NA,NA,"Ramsey",45.117,-93.016,"NCHF",424,304,0.716981132075472,"11",241,NA,751.1992,0.320820362960983
"162","62000200",2011,"baldeagle","T",6,0.8,"22-Nov","13-Apr",143,26.9,0.3,0.3,0,NA,NA,NA,NA,NA,NA,NA,NA,NA,NA,"Ramsey",45.117,-93.016,"NCHF",424,304,0.716981132075472,"11",124.6,NA,751.1992,0.165868121265305
"163","62000200",2012,"baldeagle","T",7,1.1,"29-Nov","18-Mar",111,1.9,0.36,0.36,0,NA,NA,NA,NA,NA,NA,NA,NA,NA,NA,"Ramsey",45.117,-93.016,"NCHF",424,304,0.716981132075472,"11",97,NA,751.1992,0.129126868079732
"164","62000200",2013,"baldeagle","T",8,0.7,"2-Dec","2-May",152,11.8,0.3,0.3,0,NA,NA,NA,NA,NA,NA,NA,NA,NA,NA,"Ramsey",45.117,-93.016,"NCHF",424,304,0.716981132075472,"11",62.5,NA,751.1992,0.0832003015977653
"165","62000200",2014,"baldeagle","T",9,1.1,"24-Nov","23-Apr",151,20.9,0.06,0.06,0,NA,NA,NA,NA,NA,NA,NA,NA,NA,NA,"Ramsey",45.117,-93.016,"NCHF",424,304,0.716981132075472,"11",92,NA,751.1992,0.12247084395191
"166","62000600",2006,"kohlman","U",0,0.7,"3-Dec","6-Apr",125,5.2,NA,NA,NA,NA,NA,0.72,0.72,0,NA,NA,NA,NA,NA,"Ramsey",45.023,-93.058,"NCHF",30,30,1,"2.7",0,NA,74.1315,0
"167","62000600",2008,"kohlman","T",0,0.8,"1-Dec","18-Apr",140,8.1,0.23,0.23,0,NA,NA,0.01,0.01,0,NA,NA,-0.22,-0.22,NA,"Ramsey",45.023,-93.058,"NCHF",30,30,1,"2.7",144,NA,74.1315,1.94249408146335
"168","62000600",2009,"kohlman","T",0,0.6,"26-Nov","31-Mar",126,4.4,0.28,0.28,0,NA,NA,0.01,0.01,0,NA,NA,-0.27,-0.27,NA,"Ramsey",45.023,-93.058,"NCHF",30,30,1,"2.7",144,NA,74.1315,1.94249408146335
"169","62000600",2010,"kohlman","T",0,0.3,"30-Nov","29-Mar",120,16.5,0.09,0.09,0,NA,NA,0.23,0.23,0,NA,NA,0.14,0.14,NA,"Ramsey",45.023,-93.058,"NCHF",30,30,1,"2.7",6.9,NA,74.1315,0.093077841403452
"170","62000600",2011,"kohlman","T",0,1.2,"27-Nov","10-Apr",135,28.2,0.02,0.02,0,NA,NA,0.03,0.03,0,NA,NA,0.01,0.01,NA,"Ramsey",45.023,-93.058,"NCHF",30,30,1,"2.7",31.5,NA,74.1315,0.424920580320107
"171","62000600",2012,"kohlman","U",0,1,"27-Nov","17-Mar",112,1.9,0.02,0.02,0,NA,NA,0.14,0.14,0,NA,NA,0.12,0.12,NA,"Ramsey",45.023,-93.058,"NCHF",30,30,1,"2.7",0,NA,74.1315,0
"172","62000600",2013,"kohlman","T",0,1.1,"3-Dec","6-Apr",125,13.4,0.01,0.01,0,NA,NA,0,0,0,NA,NA,-0.01,-0.01,NA,"Ramsey",45.023,-93.058,"NCHF",30,30,1,"2.7",22,NA,74.1315,0.296769929112456
"173","62000600",2014,"kohlman","U",0,1.7,"27-Nov","12-Apr",137,23.2,0,0,0,NA,NA,NA,NA,NA,NA,NA,NA,NA,NA,"Ramsey",45.023,-93.058,"NCHF",30,30,1,"2.7",0,NA,74.1315,0
"174","62004700",2012,"uppercrosby","U",0,NA,"4-Dec","18-Mar",106,2,NA,NA,NA,NA,NA,0,0,0,NA,NA,NA,NA,NA,"Ramsey",44.905,-93.15,"NCHF",28,19,0.678571428571429,"5.8",0,NA,46.94995,0
"175","62004700",2015,"littlecrosby","U",0,1.6,"26-Nov","31-Mar",126,3.9,NA,NA,NA,NA,NA,0.33,0.33,0,NA,NA,NA,NA,NA,"Ramsey",44.9,-93.16,"NCHF",2.75069302523219,2.42811760182918,0.882729399302644,"",0,NA,6,0
"176","62004700",2015,"uppercrosby","U",0,NA,"15-Nov","25-Mar",131,4.4,NA,NA,NA,NA,NA,0.6,0.6,0,2.43,1.45,NA,NA,NA,"Ramsey",44.905,-93.15,"NCHF",28,19,0.678571428571429,"5.8",0,NA,46.94995,0
"177","62005400",2013,"mccarrons","U",0,3.1,"3-Dec","28-Apr",147,12.1,NA,NA,NA,NA,NA,0.05,0.06,-0.01,NA,NA,NA,NA,NA,"Ramsey",44.999,-93.113,"NCHF",30,10,0.333333333333333,"17.4",0,NA,24.7105,0
"178","62005400",2014,"mccarrons","U",0,3.8,"25-Nov","18-Apr",145,21.9,0,0,0,NA,NA,NA,NA,NA,NA,NA,NA,NA,NA,"Ramsey",44.999,-93.113,"NCHF",30,10,0.333333333333333,"17.4",0,NA,24.7105,0
"179","62005400",2015,"mccarrons","U",0,2.5,"14-Nov","29-Mar",136,4.3,0.21,0.22,-0.01,NA,NA,NA,NA,NA,NA,NA,NA,NA,NA,"Ramsey",44.999,-93.113,"NCHF",30,10,0.333333333333333,"17.4",0,NA,24.7105,0
"180","62005500",2010,"como","U",0,1.7,"7-Dec","28-Mar",112,18.5,0.47,0.47,0,NA,NA,NA,NA,NA,NA,NA,NA,NA,NA,"Ramsey",44.98,-93.141,"NCHF",28,28,1,"4.6",0,NA,69.1894,0
"181","62005500",2013,"como","U",0,0.6,"11-Dec","28-Apr",139,12.6,NA,NA,NA,NA,NA,0.85,0.85,0,NA,NA,NA,NA,NA,"Ramsey",44.98,-93.141,"NCHF",28,28,1,"4.6",0,25,69.1894,0
"182","62005500",2014,"como","U",0,0.6,"27-Nov","18-Apr",143,22.3,NA,NA,NA,NA,NA,0.88,0.88,0,NA,NA,NA,NA,NA,"Ramsey",44.98,-93.141,"NCHF",28,28,1,"4.6",0,25,69.1894,0
"183","62005500",2015,"como","U",0,1.1,"15-Nov","1-Apr",138,4.2,0.94,0.94,0,NA,NA,NA,NA,NA,NA,NA,NA,NA,NA,"Ramsey",44.98,-93.141,"NCHF",28,28,1,"4.6",0,10,69.1894,0
"184","62023100",2011,"loeb","U",0,2.5,"24-Nov","10-Apr",138,27.7,NA,NA,NA,NA,NA,0.33,0.4,-0.07,NA,NA,NA,NA,NA,"Ramsey",44.976,-93.123,"NCHF",4,3,0.75,"8.5",0,NA,7.41315,0
"185","62023100",2013,"loeb","U",0,2.4,"3-Dec","28-Apr",147,12.1,NA,NA,NA,NA,NA,0.43,0.5,-0.07,NA,NA,NA,NA,NA,"Ramsey",44.976,-93.123,"NCHF",4,3,0.75,"8.5",0,NA,7.41315,0
"186","62023100",2014,"loeb","U",0,3.4,"25-Nov","18-Apr",145,21.9,NA,NA,NA,NA,NA,0.88,0.83,0.05,NA,NA,NA,NA,NA,"Ramsey",44.976,-93.123,"NCHF",4,3,0.75,"8.5",0,NA,7.41315,0
"187","62023100",2015,"loeb","U",0,2.8,"14-Nov","29-Mar",136,4.3,0.25,0.29,-0.04,NA,NA,NA,NA,NA,NA,NA,NA,NA,NA,"Ramsey",44.976,-93.123,"NCHF",4,3,0.75,"8.5",0,NA,7.41315,0
"188","70002200",2008,"cleary","U",0,0.9,"28-Nov","21-Apr",146,8.3,NA,NA,NA,NA,NA,0.21,0.21,0,1.33,0.28,NA,NA,NA,"Scott",44.692,-93.391,"NCHF",58,58,1,"2.7",0,NA,143.3209,0
"189","70002200",2009,"cleary","U",0,1,"26-Nov","2-Apr",128,10.3,NA,NA,NA,NA,NA,0.54,0.54,0,1.82,0.98,NA,NA,NA,"Scott",44.692,-93.391,"NCHF",58,58,1,"2.7",0,NA,143.3209,0
"190","70002200",2010,"cleary","U",0,1.5,"5-Dec","30-Mar",116,21.4,NA,NA,NA,NA,NA,0.38,0.38,0,1.07,0.41,NA,NA,NA,"Scott",44.692,-93.391,"NCHF",58,58,1,"2.7",0,NA,143.3209,0
"191","70002200",2011,"cleary","U",0,1.6,"25-Nov","10-Apr",137,23.9,NA,NA,NA,NA,NA,0,0,0,NA,NA,NA,NA,NA,"Scott",44.692,-93.391,"NCHF",58,58,1,"2.7",0,NA,143.3209,0
"192","70002200",2012,"cleary","U",0,0.7,"6-Dec","17-Mar",103,1.1,NA,NA,NA,NA,NA,0.75,0.75,0,3.33,2.5,NA,NA,NA,"Scott",44.692,-93.391,"NCHF",58,58,1,"2.7",0,NA,143.3209,0
"193","70002200",2013,"cleary","U",0,0.6,"11-Dec","26-Apr",137,9.1,NA,NA,NA,NA,NA,0.57,0.57,0,2.39,1.37,NA,NA,NA,"Scott",44.692,-93.391,"NCHF",58,58,1,"2.7",0,NA,143.3209,0
"194","70002200",2014,"cleary","U",0,0.4,"25-Nov","12-Apr",139,19.6,NA,NA,NA,NA,NA,0.63,0.63,0,2.65,1.66,NA,NA,NA,"Scott",44.692,-93.391,"NCHF",58,58,1,"2.7",0,NA,143.3209,0
"195","70006900",2006,"fish","T",1,1,"29-Nov","6-Apr",129,6.2,0.57,0.66,-0.09,0.99,0.56,0.37,0.45,-0.08,1.26,0.46,-0.2,-0.21,0.27,"Scott",44.651,-93.46,"NCHF",70,30,0.428571428571429,"8.5",28,NA,74.1315,0.377707182506762
"196","70006900",2007,"fish","T",2,1.6,"3-Dec","28-Mar",116,3.8,0.35,0.44,-0.09,1.05,0.37,0.2,0.24,-0.04,0.96,0.19,-0.15,-0.2,-0.09,"Scott",44.651,-93.46,"NCHF",70,30,0.428571428571429,"8.5",28,NA,74.1315,0.377707182506762
"197","70006900",2008,"fish","T",3,1.2,"1-Dec","18-Apr",140,8.8,0.13,0.16,-0.03,1,0.13,0.16,0.21,-0.05,1,0.16,0.03,0.05,0,"Scott",44.651,-93.46,"NCHF",70,30,0.428571428571429,"8.5",28,NA,74.1315,0.377707182506762
"198","70006900",2009,"fish","U",0,1.4,"28-Nov","3-Apr",127,10.4,0.02,0.02,0,1,0.02,0.22,0.26,-0.04,1.39,0.31,0.2,0.24,0.39,"Scott",44.651,-93.46,"NCHF",70,30,0.428571428571429,"8.5",0,NA,74.1315,0
"199","7004400",2009,"madison","U",0,0.7,"7-Dec","24-Mar",108,12.9,NA,NA,NA,NA,NA,0.44,0.46,-0.02,NA,NA,NA,NA,NA,"Blue Earth",44.191,-93.813,"NCHF",585,292,0.499145299145299,"18",0,NA,721.5466,0
"200","7004400",2013,"madison","U",0,0.7,"19-Dec","21-Apr",124,3.5,NA,NA,NA,NA,NA,0.48,0.51,-0.03,NA,NA,NA,NA,NA,"Blue Earth",44.191,-93.813,"NCHF",585,292,0.499145299145299,"18",0,NA,721.5466,0
"201","71014500",2006,"julia","T",1,0.4,"28-Nov","7-Apr",131,7.3,0.42,0.54,-0.12,1.05,0.42,0,0,0,NA,NA,-0.42,-0.54,NA,"Sherburne",45.504,-93.924,"NCHF",62,62,1,"3.7",52,NA,153.2051,0.339414288427735
"202","71014500",2007,"julia","T",2,0.5,"30-Nov","1-Apr",123,8.6,0.47,0.54,-0.07,1.06,0.5,0.01,0.01,0,0.01,0.01,-0.46,-0.53,-1.05,"Sherburne",45.504,-93.924,"NCHF",62,62,1,"3.7",52,NA,153.2051,0.339414288427735
"203","71014500",2008,"julia","T",3,0.3,"27-Nov","21-Apr",147,14.5,0.14,0.16,-0.02,1,0.14,0.16,0.19,-0.03,1,0.16,0.02,0.03,0,"Sherburne",45.504,-93.924,"NCHF",62,62,1,"3.7",52,NA,153.2051,0.339414288427735
"204","71014500",2009,"julia","T",4,0.5,"27-Nov","10-Apr",135,16.1,0.04,0.04,0,1.25,0.05,0.04,0.04,0,1,0.05,0,0,-0.25,"Sherburne",45.504,-93.924,"NCHF",62,62,1,"3.7",9,NA,153.2051,0.0587447806894157
"205","71014700",2006,"rush","T",1,0.2,"28-Nov","7-Apr",131,7.3,0.42,0.42,0,1.02,0.43,0.29,0.29,0,1.09,0.31,-0.13,-0.13,0.07,"Sherburne",45.489,-93.935,"NCHF",65,65,1,"3.7",65,NA,160.61825,0.40468626697153
"206","71014700",2007,"rush","T",2,0.4,"30-Nov","31-Mar",122,8.6,0.7,0.7,0,1.45,1.01,0.03,0.03,0,1,0.03,-0.67,-0.67,-0.45,"Sherburne",45.489,-93.935,"NCHF",65,65,1,"3.7",65,NA,160.61825,0.40468626697153
"207","71014700",2008,"rush","T",3,0.2,"17-Nov","16-Apr",152,14,0.19,0.19,0,1.1,0.21,0.01,0.01,0,1,0.01,-0.18,-0.18,-0.1,"Sherburne",45.489,-93.935,"NCHF",65,65,1,"3.7",65,NA,160.61825,0.40468626697153
"208","71014700",2009,"rush","T",4,0.4,"27-Nov","10-Apr",135,16.1,0.06,0.06,0,1.14,0.07,0.06,0.06,0,1,0.02,0,0,-0.14,"Sherburne",45.489,-93.935,"NCHF",65,65,1,"3.7",11,NA,160.61825,0.0684853682567205
"209","73003700",2008,"pearl","U",0,NA,"26-Nov","23-Apr",150,13.5,NA,NA,NA,NA,NA,0.5,0.38,0.12,NA,NA,NA,NA,NA,"Stearns",45.399,-94.307,"NCHF",305,207,0.678688524590164,"5.2",0,NA,511.50735,0
"210","73003700",2009,"pearl","U",0,1.2,"23-Nov","15-Apr",144,15,NA,NA,NA,NA,NA,0.42,0.35,0.07,NA,NA,NA,NA,NA,"Stearns",45.399,-94.307,"NCHF",305,207,0.678688524590164,"5.2",0,NA,511.50735,0
"211","73003700",2010,"pearl","U",0,1.4,"7-Dec","31-Mar",115,22.1,0.45,0.24,0.21,NA,NA,NA,NA,NA,NA,NA,NA,NA,NA,"Stearns",45.399,-94.307,"NCHF",305,207,0.678688524590164,"5.2",0,NA,511.50735,0
"212","73003700",2011,"pearl","U",0,1,"26-Nov","13-Apr",139,23.9,NA,NA,NA,NA,NA,0.44,0.41,0.03,NA,NA,NA,NA,NA,"Stearns",45.399,-94.307,"NCHF",305,207,0.678688524590164,"5.2",0,NA,511.50735,0
"213","73015100",2006,"vails","U",0,NA,"29-Nov","7-Apr",130,3.7,0.77,0.95,-0.18,2.39,1.83,0.6,0.84,-0.24,2.24,1.4,-0.17,-0.11,-0.15,"Stearns",45.339,-94.534,"NCHF",65,51,0.784615384615385,"6.1",0,NA,126.02355,0
"214","73015100",2007,"vails","U",0,NA,"1-Dec","28-Mar",118,3.1,0.45,0.6,-0.15,3.27,1.45,0.45,0.61,-0.16,2.87,1.29,0,0.01,-0.4,"Stearns",45.339,-94.534,"NCHF",65,51,0.784615384615385,"6.1",0,NA,126.02355,0
"215","73015100",2008,"vails","U",0,NA,"1-Dec","23-Apr",145,14.1,0.46,0.62,-0.16,1.34,0.61,0.59,0.79,-0.2,2.94,1.75,0.13,0.17,1.6,"Stearns",45.339,-94.534,"NCHF",65,51,0.784615384615385,"6.1",0,NA,126.02355,0
"216","73015100",2009,"vails","U",0,0.5,"1-Dec","17-Apr",138,15.7,0.38,0.53,-0.15,1.9,0.72,0.37,0.53,-0.16,2.77,1.18,-0.01,0,0.87,"Stearns",45.339,-94.534,"NCHF",65,51,0.784615384615385,"6.1",0,NA,126.02355,0
"217","77004600",2006,"coal","U",0,1.8,"29-Nov","7-Apr",130,15.4,0.42,0.42,0,1.3,0.54,0.46,0.47,-0.01,1.92,0.89,0.04,0.05,0.62,"Todd",46.083,-94.755,"NLF",69,29,0.420289855072464,"7.6",0,NA,71.66045,0
"218","77004600",2007,"coal","U",0,1.7,"29-Nov","18-Apr",141,7,0.49,0.46,0.03,2.1,1.04,0.73,0.76,-0.03,1.89,1.39,0.24,0.3,-0.21,"Todd",46.083,-94.755,"NLF",69,29,0.420289855072464,"7.6",0,NA,71.66045,0
"219","77004600",2008,"coal","U",0,2.3,"23-Nov","27-Apr",157,14.2,0.29,0.29,0,1.33,0.39,0.45,0.45,0,1.72,0.79,0.16,0.16,0.39,"Todd",46.083,-94.755,"NLF",69,29,0.420289855072464,"7.6",0,NA,71.66045,0
"220","77004600",2009,"coal","U",0,3,"1-Dec","20-Apr",141,20.1,0.29,0.3,-0.01,1.41,0.41,0.3,0.38,-0.08,2.28,0.93,0.01,0.08,0.87,"Todd",46.083,-94.755,"NLF",69,29,0.420289855072464,"7.6",0,NA,71.66045,0
"221","80003400",2008,"blueberry","T",1,0.4,"29-Nov","25-Apr",149,10.2,NA,NA,NA,NA,NA,0.2,0.22,-0.02,1.84,0.37,NA,NA,NA,"Wadena",46.793,-95.076,"NCHF",216,216,1,"4.6",180,NA,533.7468,0.337238555809609
"222","80003400",2009,"blueberry","T",2,0.6,"16-Nov","21-Apr",157,21.3,0.27,0.3,-0.03,1.61,0.44,0.14,0.15,-0.01,1.16,0.16,-0.13,-0.15,-0.45,"Wadena",46.793,-95.076,"NCHF",216,216,1,"4.6",190,NA,533.7468,0.355974031132365
"223","81000300",2008,"stolaf","U",0,1.8,"29-Nov","16-Apr",140,7.1,NA,NA,NA,NA,NA,0.4,0.45,-0.05,NA,NA,NA,NA,NA,"Waseca",43.903,-93.417,"WCBP",37,21,0.567567567567568,"10.1",0,NA,51.89205,0
"224","81000300",2009,"stolaf","U",0,1,"6-Dec","24-Mar",109,6.9,0.09,0.1,-0.01,NA,NA,NA,NA,NA,NA,NA,NA,NA,NA,"Waseca",43.903,-93.417,"WCBP",37,21,0.567567567567568,"10.1",0,NA,51.89205,0
"225","81000300",2010,"stolaf","U",0,1.1,"10-Dec","31-Mar",112,27.4,0.08,0.08,0,NA,NA,NA,NA,NA,NA,NA,NA,NA,NA,"Waseca",43.903,-93.417,"WCBP",37,21,0.567567567567568,"10.1",0,NA,51.89205,0
"226","81000300",2011,"stolaf","U",0,1.3,"30-Nov","9-Apr",131,24.6,NA,NA,NA,NA,NA,0.13,0.14,-0.01,NA,NA,NA,NA,NA,"Waseca",43.903,-93.417,"WCBP",37,21,0.567567567567568,"10.1",0,NA,51.89205,0
"227","82016300",2009,"clearw","T",0,1.7,"22-Nov","9-Apr",139,9,NA,NA,NA,NA,NA,0.05,0.05,0,1.1,0.06,NA,NA,NA,"Washington",45.263,-93.001,"NCHF",429,267,0.622377622377622,"8.5",69.1,NA,659.77035,0.104733412163793
"228","82016300",2010,"clearw","U",0,1.5,"10-Dec","30-Mar",111,22.4,NA,NA,NA,NA,NA,0.07,0.08,-0.01,1.13,0.07,NA,NA,NA,"Washington",45.263,-93.001,"NCHF",429,267,0.622377622377622,"8.5",0,NA,659.77035,0
"229","82016300",2011,"clearw","U",0,2.5,"24-Nov","12-Apr",140,26.2,NA,NA,NA,NA,NA,0.03,0.03,0,1.67,0.05,NA,NA,NA,"Washington",45.263,-93.001,"NCHF",429,267,0.622377622377622,"8.5",0,NA,659.77035,0
"230","82016300",2012,"clearw","U",0,1.8,"30-Nov","18-Mar",110,2.9,NA,NA,NA,NA,NA,0.06,0.06,0,1,0.06,NA,NA,NA,"Washington",45.263,-93.001,"NCHF",429,267,0.622377622377622,"8.5",0,NA,659.77035,0
"231","82016300",2013,"clearw","U",0,1.9,"10-Dec","30-Apr",142,14.8,NA,NA,NA,NA,NA,0.02,0.03,-0.01,1.33,0.03,NA,NA,NA,"Washington",45.263,-93.001,"NCHF",429,267,0.622377622377622,"8.5",0,NA,659.77035,0
"232","82016300",2014,"clearw","U",0,1.7,"23-Nov","23-Apr",152,23.3,NA,NA,NA,NA,NA,0.06,0.06,0,1.29,0.07,NA,NA,NA,"Washington",45.263,-93.001,"NCHF",429,267,0.622377622377622,"8.5",0,NA,659.77035,0
"233","82016300",2015,"clearw","U",0,1.3,"12-Nov","29-Mar",138,4.8,NA,NA,NA,NA,NA,0.14,0.14,0,1.29,0.14,NA,NA,NA,"Washington",45.263,-93.001,"NCHF",429,267,0.622377622377622,"8.5",0,NA,659.77035,0
"234","83004300",2008,"stjames","U",0,NA,"14-Nov","11-Apr",150,4.7,NA,NA,NA,NA,NA,0.46,0.5,-0.04,NA,NA,NA,NA,NA,"Watonwan",43.977,-94.646,"WCBP",102,102,1,"4.6",0,NA,252.0471,0
"235","83004300",2009,"stjames","U",0,1.1,"22-Nov","24-Mar",123,14.3,NA,NA,NA,NA,NA,0.27,0.26,0.01,NA,NA,NA,NA,NA,"Watonwan",43.977,-94.646,"WCBP",102,102,1,"4.6",0,NA,252.0471,0
"236","83004300",2010,"stjames","U",0,1.3,"10-Dec","30-Mar",111,39.2,0.03,0.03,0,NA,NA,NA,NA,NA,NA,NA,NA,NA,NA,"Watonwan",43.977,-94.646,"WCBP",102,102,1,"4.6",0,NA,252.0471,0
"237","83004300",2011,"stjames","U",0,1.4,"30-Nov","7-Apr",129,35.6,NA,NA,NA,NA,NA,0.05,0.05,0,NA,NA,NA,NA,NA,"Watonwan",43.977,-94.646,"WCBP",102,102,1,"4.6",0,NA,252.0471,0
"238","83004300",2013,"stjames","U",0,NA,"12-Dec","9-Apr",119,6,NA,NA,NA,NA,NA,0.02,0.02,0,NA,NA,NA,NA,NA,"Watonwan",43.977,-94.646,"WCBP",102,102,1,"4.6",0,NA,252.0471,0
