Permit_number,County_name,Lake_parent_name,k_Lake_ID,App_year,species_code,Pesticide_trade_name,start_date,end_date,treatment_size,LAKE_NAME,LakeAreaAcres,Percentage_15ft_LittoralZone,15ft_LittoralZone_Acres,ObservedLittoralZone_Acres,Percentage_ObservedLittoralZone,Depth_ObservedLittoralZone,TreatmentSize_PercentofLake,TreatmentSize_PercentofLittoral
2017-0038,Kanabec,Knife,33002800,2020,CLP,Aquathol K,5/27/2020,5/27/2020,31.2,Knife,1259.215,100,1259.21,177.06,14.06,5,2.477734144,17.62114537
2017-0038,Kanabec,Knife,33002800,2021,CLP,Aquathol K,5/5/2021,5/5/2021,24.28,Knife,1259.215,100,1259.21,177.06,14.06,5,1.928185417,13.7128657
2017-0040,Stearns,Cedar Island,73013300,2025,CLP,FlumigardSC,5/6/2025,5/6/2025,14,Cedar Island,985.77,76.59,755,76.59,755,15,1.420209582,18.27914871
2017-0045,Stearns,Horseshoe,73015700,2020,CLP,Aquathol K,5/21/2020,5/21/2020,5.4,Horseshoe,341.053,54.37,341.05,341.05,53.62,15,1.583331623,1.583345551
2017-0047,Stearns,Long,73013900,2020,CLP,Aquathol K,5/21/2020,5/21/2020,2,Long,331.225,67.2,331.23,331.23,67.2,15,0.603819156,0.603810041
2017-0109,Le Sueur,Sakatah,40000200,2020,CLP,Aquathol K,5/14/2020,5/14/2020,14.6,Upper Sakatah,899.567,99.79,899.57,417.21,46.28,6,1.623003067,3.499436734
2017-0109,Le Sueur,Upper Sakatah,40000200,2021,CLP,Aquathol K,5/12/2021,5/12/2021,21.2,Upper Sakatah,899.567,99.79,899.57,417.21,46.28,6,2.356689385,5.081373888
2017-0109,Le Sueur,Upper Sakatah,40000200,2022,CLP,Aquathol K,5/20/2022,5/20/2022,16.7,Upper Sakatah,899.567,99.79,899.57,417.21,46.28,6,1.856448714,4.002780374
2017-0120,Stearns,Knaus,73008600,2020,CLP,Aquathol K,5/21/2020,5/21/2020,4,Knaus,209.7,96.82,209.7,209.7,96.82,15,1.907486886,1.907486886
2017-0121,Stearns,Bolfing,73008800,2020,CLP,Aquathol K,5/21/2020,5/21/2020,1,Bolfing,67.37,62.99,67.37,67.37,62.99,15,1.484340211,1.484340211
2017-0122,Stearns,Krays,73008700,2020,CLP,Aquathol K,5/21/2020,5/21/2020,1.8,Krays,86.938,90.48,86.94,86.94,90.48,15,2.070441004,2.070393375
2017-0123,Stearns,Great Northern,73008300,2020,CLP,Aquathol K,5/21/2020,5/21/2020,1.7,Great Northern,185.346,92.21,185.35,185.35,92.21,15,0.9172035,0.917183707
2017-0125,Stearns,Zumwalde,73008900,2020,CLP,Aquathol K,5/21/2020,5/21/2020,1.7,Zumwalde,118.616,98.16,118.62,118.62,98.16,15,1.433196196,1.433147867
2017-0365,Meeker,Long,47017700,2020,CLP,Aquathol K,5/6/2020,5/6/2020,19,Long,787.031,100,787.03,787.03,100,15,2.414136165,2.414139232
2017-0365,Meeker,Long,47017700,2021,CLP,Aquathol K,5/12/2021,5/12/2021,18.5,Long,787.031,100,787.03,787.03,100,15,2.350606266,2.350609253
2017-0365,Meeker,Long,47017700,2021,CLP,Tribune,5/12/2021,5/12/2021,7,Long,787.031,100,787.03,787.03,100,15,0.889418587,0.889419717
2017-0365,Meeker,Long,47017700,2024,CLP,Tribune,5/8/2024,4/26/2025,97.6,Long,787.031,100,787.03,787.03,100,15,12.4010363,12.40105206
2017-0377,Otter Tail,Pelican,56078600,2022,CLP,Aquathol K,6/2/2022,6/2/2022,5.8,Pelican,1608.247,40.58,1608.25,2116.26,53.4,25,0.36064112,0.274068404
2017-0378,Otter Tail,Little Pelican,56076100,2022,CLP,Aquathol K,6/3/2022,6/3/2022,8.4,Little Pelican,366.1,69.93,256,69.93,256,15,2.294455067,12.01201201
2017-0384,Ramsey,Josephine,62005700,2020,"EWM, CLP",Sonar A.S.,4/30/2020,7/24/2020,351,Josephine,78.88,69.36,78.88,75.84,66.68,14,444.979716,462.8164557
2017-0389,Hennepin,Sarah,27019100,2021,CLP,Aquathol K,5/16/2021,5/16/2021,66.2,Sarah,557.23,66.94,373,66.94,373,15,11.8801931,98.89453242
2017-0389,Hennepin,Sarah,27019100,2021,CLP,Tribune,5/19/2021,5/23/2021,29.05,Sarah,557.23,66.94,373,66.94,373,15,5.213287153,43.397072
2017-0389,Hennepin,Sarah,27019100,2023,CLP,Tribune,5/23/2023,5/23/2023,4.4,Sarah,557.23,66.94,373,66.94,373,15,0.789620085,6.573050493
2017-0389,Hennepin,Sarah,27019100,2025,CLP,FlumigardSC,5/8/2025,5/8/2025,26.7,Sarah,557.23,66.94,373,66.94,373,15,4.791558243,39.88646549
2017-0389,Hennepin,Sarah,27019101,2022,CLP,Aquathol K,5/26/2022,5/26/2022,67.51,West Sarah,242.6,67.83,242.6,242.6,67.83,15,27.82769992,27.82769992
2017-039,Stearns,Schneider,73008200,2020,CLP,Aquathol K,5/21/2020,5/21/2020,1.7,Schneider,25.135,46.2,25.14,25.14,46.2,15,6.763477223,6.76213206
2017-0407,Carver,Lucy,10000700,2022,CLP,Tribune,5/17/2022,5/17/2022,7.7,Lucy,68.273,75.48,68.27,57.89,64,10,11.27825055,13.30108827
2017-0417,Scott,Lower Prior,70002600,2020,EWM,Tribune,6/3/2020,6/3/2020,5,Lower Prior,589.705,60.03,589.7,589.7,60.03,15,0.847881568,0.847888757
2017-0417,Scott,Lower Prior,70002600,2022,EWM,Tribune,6/10/2022,6/10/2022,5,Lower Prior,589.705,60.03,589.7,589.7,60.03,15,0.847881568,0.847888757
2017-0422,Sherburne,Big,71008200,2020,EWM,"2,4-D Amine",7/17/2020,7/17/2020,15,Big,116.407,45.67,116.41,145.03,56.9,20,12.88582302,10.34268772
2017-0434,Pine,Sturgeon,58006700,2020,EWM,"2,4-D Amine",8/18/2020,8/18/2020,27.63,Sturgeon,727.335,42.64,727.33,727.33,42.64,15,3.798799728,3.798825842
2017-0434,Pine,Sturgeon,58006700,2020,EWM,ProcellaCOR EC,8/18/2020,8/18/2020,8.43,Sturgeon,727.335,42.64,727.33,727.33,42.64,15,1.159025758,1.159033726
2017-0434,Pine,Sturgeon,58006700,2022,EWM,ProcellaCOR EC,7/29/2022,7/29/2022,42.69,Sturgeon,727.335,42.64,727.33,727.33,42.64,15,5.869372435,5.869412784
2017-0434,Pine,Sturgeon,58006700,2025,EWM,ProcellaCOR EC,8/20/2025,8/20/2025,5.92,Sturgeon,727.335,42.64,727.33,727.33,42.64,15,0.813930307,0.813935903
2017-0437,Pine,Sand,58008100,2020,EWM,ProcellaCOR EC,8/18/2020,8/18/2020,10,Sand,234.851,45.49,234.85,204.47,39.61,12,4.258018914,4.890693011
2017-0437,Pine,Sand,58008100,2022,EWM,ProcellaCOR EC,7/29/2022,7/29/2022,13.95,Sand,234.851,45.49,234.85,204.47,39.61,12,5.939936385,6.822516751
2017-0442,Sherburne,Big,71008200,2020,EWM,"2,4-D Amine",7/17/2020,7/17/2020,1.65,Big,116.407,45.67,116.41,145.03,56.9,20,1.417440532,1.137695649
2017-0442,Sherburne,Big,71008200,2023,EWM,ProcellaCOR EC,7/21/2023,7/21/2023,4.5,Big,116.407,45.67,116.41,145.03,56.9,20,3.865746905,3.102806316
2017-0445,Sherburne,Big,71008200,2020,EWM,"2,4-D Amine",7/17/2020,7/17/2020,6.4,Big,116.407,45.67,116.41,145.03,56.9,20,5.497951154,4.412880094
2017-0445,Sherburne,Mitchell,71008100,2020,EWM,"2,4-D Amine",7/17/2020,7/17/2020,6.9,Mitchell,90.375,56.13,90.38,85.96,53.38,14,7.634854772,8.026989297
2017-0447,Wright,Ann,86019000,2022,CLP,Aquathol K,5/23/2024,5/23/2024,11.9,Ann,282.162,75.16,282.16,111.89,29.81,7,4.217435374,10.63544553
2017-0447,Wright,Ann,86019000,2024,CLP,Aquathol K,5/14/2024,5/14/2024,11.9,Ann,282.162,75.16,282.16,111.89,29.81,7,4.217435374,10.63544553
2017-0511,Le Sueur,East Jefferson,40009201,2023,CLP,Aquathol K,5/9/2023,5/9/2023,6.58,East Jefferson,331.516,51.11,331.52,275.17,42.43,12,1.984821245,2.391249046
2017-0512,Le Sueur,Jefferson,40009204,2021,CLP,Aquathol K,5/19/2021,5/19/2021,29.9,Middle Jefferson,654.932,98.6,654.93,216.66,32.62,4,4.565359457,13.80042463
2017-0512,Le Sueur,Jefferson,40009204,2022,CLP,Aquathol K,5/18/2022,5/18/2022,27.6,Middle Jefferson,654.932,98.6,654.93,216.66,32.62,4,4.21417796,12.7388535
2017-0512,Le Sueur,Jefferson,40009204,2024,CLP,Aquathol K,5/3/2024,5/3/2024,18.69,Middle Jefferson,654.932,98.6,654.93,216.66,32.62,4,2.85373138,8.626419274
2017-0513,Le Sueur,West Jefferson,40009202,2021,CLP,Aquathol K,5/19/2021,5/19/2021,7.72,West Jefferson,348.682,79.46,348.68,263.78,60.11,10,2.214051772,2.926681325
2017-0522,Hennepin,Hyland,27004800,2020,CLP,Tribune,4/30/2020,4/30/2020,9,Hyland,83.913,99.5,83.91,46.52,55.16,9,10.72539416,19.34651763
2017-0522,Hennepin,Hyland,27004800,2021,CLP,Sonar A.S.,4/5/2021,4/28/2021,168,Hyland,83.913,99.5,83.91,46.52,55.16,9,200.2073576,361.1349957
2017-0522,Hennepin,Hyland,27004800,2024,CLP,Sonar A.S.,4/2/2024,4/29/2024,74,Hyland,83.913,99.5,83.91,46.52,55.16,9,88.18657419,159.0713672
2017-0525,Washington,Demontreville,82010100,2023,EWM,Sonar A.S.,5/2/2023,5/2/2023,157.06,DeMontreville,142.617,90.81,142.62,135.07,86,13,110.1271237,116.2804472
2017-0526,Washington,Olson,82010300,2021,EWM,Tribune,6/2/2021,6/2/2021,9.2,Olson,87.384,100,87.38,87.38,100,17,10.52824316,10.52872511
2017-0533,Becker,Detroit,3038100,2021,CLP,Aquathol K,5/26/2021,5/26/2021,8.2,Detroit,1868.577,60.92,1868.58,2065.12,67.33,18,0.438836612,0.397071357
2017-0534,Becker,Sallie,3035900,2021,CLP,Aquathol K,5/26/2021,5/26/2021,4.7,Sallie,576.81,45.32,576.81,737.81,57.96,21,0.814826373,0.637020371
2017-0534,Becker,Sallie,3035900,2021,CLP,Tribune,5/26/2021,5/26/2021,7.6,Sallie,576.81,45.32,576.81,737.81,57.96,21,1.317591581,1.030075494
2017-0534,Becker,Sallie,3035900,2022,CLP,Tribune,6/3/2022,6/3/2022,7.6,Sallie,576.81,45.32,576.81,737.81,57.96,21,1.317591581,1.030075494
2017-0562,Scott,Cedar,70009100,2022,CLP,Tribune,6/7/2022,6/7/2022,132.6,Cedar,792.503,100,792.5,792.5,100,12.5,16.73179786,16.7318612
2017-0562,Scott,Cedar,70009100,2023,CLP,Sonar A.S.,4/14/2023,4/14/2023,793,Cedar,792.503,100,792.5,792.5,100,12.5,100.0627127,100.0630915
2017-0566,Scott,McMahon,70005000,2021,CLP,Tribune,5/17/2021,5/17/2021,16.5,McMahon,162.258,99.43,162.26,157.93,96.78,13,10.16899013,10.44766669
2017-0573,Hennepin,Rebecca,27019200,2021,CLP,Tribune,5/7/2021,5/7/2021,35,Rebecca,122.716,46.61,122.72,40.86,15.52,4.5,28.52113824,85.65834557
2017-0582,Scott,O'Dowd,70009500,2021,CLP,Tribune,5/24/2021,5/24/2021,17.64,O'Dowd,273.579,87.11,273.58,161.28,51.35,6,6.447863323,10.9375
2017-0600,Wright,Fish,86018300,2021,EWM,ProcellaCOR,7/16/2021,7/16/2021,5.3,Fish,54.156,57.25,54.16,33.88,35.81,6,9.786542581,15.64344746
2017-0600,Wright,Fish,86018300,2022,EWM,ProcellaCOR EC,9/28/2022,9/28/2022,3.3,Fish,54.156,57.25,54.16,33.88,35.81,6,6.093507645,9.74025974
2017-0600,Wright,Fish,86018300,2024,CLP,ProcellaCOR EC,7/12/2024,7/12/2024,7.9,Fish,54.156,57.25,54.16,33.88,35.81,6,14.587488,23.3175915
2017-0620,Kanabec,Quamba,33001500,2020,CLP,Aquathol K,5/19/2020,5/19/2020,27.8,Quamba,226.374,100,226.37,80.22,35.44,5,12.28056226,34.65469958
2017-0621,Anoka,Linwood,2002600,2020,CLP,Dibrox,5/4/2020,5/4/2020,40.9,Linwood,484.91,85.24,484.91,179.37,31.53,6,8.434554866,22.80202932
2017-0621,Anoka,Linwood,2002600,2021,CLP,Dibrox,5/5/2021,5/5/2021,42.3,Linwood,484.91,85.24,484.91,179.37,31.53,6,8.723268235,23.58253889
2017-0645,Scott,Thole/Schneider,70012001,2021,CLP,Tribune,5/24/2021,5/24/2021,7.42,Thole,118.52,99.76,118.52,88.63,74.61,9,6.260546743,8.37188311
2017-0653,Ramsey,Long,62006700,2020,EWM,Dibrox,7/20/2020,7/20/2020,4.91,Long,117.286,61.62,117.29,103.22,54.23,12,4.186347902,4.756830072
2017-0653,Ramsey,Long,62006700,2025,EWM,ProcellaCOR EC,7/2/2025,7/2/2025,8.79,Long,117.286,61.62,117.29,103.22,54.23,12,7.494500622,8.515791513
2017-0663,Wright,Brooks,86026400,2022,CLP,Aquathol K,5/22/2022,5/22/2022,5.12,Brooks,58.31,60.86,58.31,58.31,60.86,15,8.780655119,8.780655119
2017-0663,Wright,Brooks,86026400,2023,CLP,Aquathol K,5/15/2022,5/15/2023,5.12,Brooks,58.31,60.86,58.31,58.31,60.86,15,8.780655119,8.780655119
2017-0663,Wright,Brooks,86026400,2024,CLP,Aquathol K,4/24/2024,4/24/2024,7.12,Brooks,58.31,60.86,58.31,58.31,60.86,15,12.21059853,12.21059853
2017-0666,Washington,Clear,82016300,2024,EWM,Sonar A.S.,5/30/2024,9/10/2024,1715.6,Clear,270.307,63.02,270.31,145.89,34.01,5,634.6857462,1175.954486
2017-0667,Washington,Clear,82016300,2020,CLP,Aquathol K,5/12/2020,5/12/2020,5.31,Clear,270.307,63.02,270.31,145.89,34.01,5,1.964433034,3.639728563
2017-0671,Sherburne,Rush,71014700,2020,CLP,Aquathol K,5/15/2020,5/15/2020,24,Rush,160.818,100,160.82,103.31,64.24,7,14.92370257,23.23105217
2017-0671,Sherburne,Rush,71014700,2021,CLP,Aquathol K,5/5/2021,5/5/2021,23.96,Rush,160.818,100,160.82,103.31,64.24,7,14.89882973,23.19233375
2017-0729,Pope,Scandinavian,61004100,2020,EWM,Dibrox,8/6/2020,8/6/2020,9.72,Scandinavian,229.728,55.24,229.73,239.8,57.67,16,4.231090681,4.053377815
2017-0729,Pope,Scandinavian,61004100,2022,EWM,"2,4-D Amine",7/15/2022,7/15/2022,32.5,Scandinavian,229.728,55.24,229.73,239.8,57.67,16,14.14716534,13.5529608
2017-0729,Pope,Scandinavian,61004100,2025,EWM,"2,4-D Amine",7/17/2025,7/17/2025,42.5,Scandinavian,229.728,55.24,229.73,239.8,57.67,16,18.5001393,17.72310259
2017-0742,Hennepin,Diamond,27012500,2020,CLP,Sonar A.S.,4/13/2020,4/13/2020,405,Diamond,405.015,99.92,405.02,405.02,99.92,15,99.99629643,99.99506197
2017-0742,Hennepin,Diamond,27012500,2021,CLP,Sonar A.S.,4/7/2021,4/27/2021,810,Diamond,405.015,99.92,405.02,405.02,99.92,15,199.9925929,199.9901239
2017-0742,Hennepin,Diamond,27012500,2022,CLP,Sonar A.S.,4/20/2022,4/20/2022,405,Diamond,405.015,99.92,405.02,405.02,99.92,15,99.99629643,99.99506197
2017-0742,Hennepin,Diamond,27012500,2023,CLP,Tribune,5/15/2023,5/15/2023,45.1,Diamond,405.015,99.92,405.02,405.02,99.92,15,11.13539005,11.13525258
2017-0742,Hennepin,Diamond,27012500,2024,CLP,Tribune,4/24/2024,4/24/2024,59.7,Diamond,405.015,99.92,405.02,405.02,99.92,15,14.74019481,14.74001284
2017-0743,Aitkin,Gun,1009900,2020,CLP,Aquathol K,5/27/2020,5/27/2020,2.73,Gun,370.283,50.97,370.28,370.28,50.97,15,0.737273923,0.737279896
2017-0753,Hennepin,Mooney,27013400,2021,CLP,Dibrox,5/7/2021,5/7/2021,9.1,Mooney,123.79,100,123.79,100,123.79,15,7.351159221,9.1
2017-0820,Wright,Cedar,86022700,2020,CLP,Tribune,5/19/2020,5/19/2020,13.5,Cedar,276.719,35.33,276.72,263.25,33.61,14,4.878595254,5.128205128
2017-0823,Anoka,Linwood,2002600,2024,EWM,Platoon,8/26/2024,8/26/2024,28.8,Linwood,484.91,85.24,484.91,179.37,31.53,6,5.939246458,16.05619669
2017-0825,Stearns,Middle Spunk,73012800,2020,EWM,"2,4-D Amine",8/20/2020,8/20/2020,6.82,Middle Spunk,79.006,33.3,79.01,90.63,38.2,20,8.632255778,7.525102063
2017-0825,Stearns,Middle Spunk,73012800,2021,EWM,Platoon,8/9/2021,8/9/2021,1.23,Middle Spunk,79.006,33.3,79.01,90.63,38.2,20,1.556843784,1.357166501
2017-0825,Stearns,Middle Spunk,73012800,2022,EWM,"2,4-D Amine",8/4/2022,8/4/2022,18.3,Middle Spunk,79.006,33.3,79.01,90.63,38.2,20,23.16279776,20.19198941
2017-0828,Wright,Pulaski,86005302,2020,EWM,ProcellaCOR EC,7/22/2020,7/22/2020,17.2,Pulaski (main bay),138.767,18.97,138.77,183.91,25.14,20,12.39487774,9.352400631
2017-0828,Wright,Pulaski,86005302,2021,EWM,ProcellaCOR EC,7/9/2021,7/9/2021,16.7,Pulaski (main bay),138.767,18.97,138.77,183.91,25.14,20,12.03456153,9.080528519
2017-0830,Kanabec,Lewis,33003200,2021,CLP,Aquathol K,5/26/2021,5/26/2021,1.17,Lewis,80.875,45.45,80.88,77.83,43.74,14.4,1.446676971,1.503276372
2017-0830,Kanabec,Lewis,33003200,2024,CLP,Propeller,4/29/2025,4/29/2025,5.13,Lewis,80.875,45.45,80.88,77.83,43.74,14.4,6.343122102,6.591288706
2017-0857,Hennepin,Medicine,27010400,2021,CLP,Tribune,5/6/2021,5/6/2021,63.21,Medicine,434.53,46.74,434.53,434.53,46.74,15,14.54675166,14.54675166
2017-0857,Hennepin,Medicine,27010400,2022,SSW,Galleon SC,5/16/2022,5/16/2022,119.5,Medicine,434.53,46.74,434.53,434.53,46.74,15,27.50097807,27.50097807
2017-0871,Wright,Indian,86022300,2020,CLP,Aquathol K,5/27/2020,5/27/2020,2.5,Indian,57.132,42.41,57.13,21.34,15.84,7,4.375831408,11.71508903
2017-0871,Wright,Indian,86022300,2021,CLP,Aquathol K,5/5/2021,5/5/2021,4.6,Indian,57.132,42.41,57.13,21.34,15.84,7,8.051529791,21.55576382
2017-0871,Wright,Indian,86022300,2022,CLP,Aquathol K,5/23/2022,5/23/2022,2.73,Indian,57.132,42.41,57.13,21.34,15.84,7,4.778407898,12.79287723
2017-0873,Wright,Indian,86022300,2020,EWM,"2,4-D Amine",7/1/2020,7/1/2020,8.5,Indian,57.132,42.41,57.13,21.34,15.84,7,14.87782679,39.83130272
2017-0873,Wright,Indian,86022300,2022,EWM,"2,4-D Amine",7/25/2022,7/25/2022,5.75,Indian,57.132,42.41,57.13,21.34,15.84,7,10.06441224,26.94470478
2017-0892,Wright,Beebe,86002300,2022,CLP,Aquathol K,5/17/2022,5/17/2022,14.39,Beebe,179.487,58.99,179.49,162.18,53.3,12,8.017293732,8.872857319
2017-0892,Wright,Beebe,86002300,2023,CLP,Aquathol K,5/7/2023,5/7/2023,14.39,Beebe,179.487,58.99,179.49,162.18,53.3,12,8.017293732,8.872857319
2017-0917,Washington,Forest,82015900,2020,CLP,Aquathol K,5/12/2020,5/12/2020,59.31,Forest,1561.192,68.75,1561.19,1404.75,61.86,13,3.799020236,4.222103577
2017-0968,Hennepin,Crystal,27003400,2021,CLP,Aquathol K,5/10/2021,5/10/2021,5.1,Crystal,79.12,66.99,53,66.99,53,15,6.445904954,7.613076579
2017-0973,Crow Wing,Sebie,18016100,2020,CLP,Aquathol K,5/8/2020,5/8/2020,5.18,Sebie,185.31,63.14,117,63.14,117,15,2.795315957,8.203991131
2017-1005,Crow Wing,Upper South Long,18009600,2021,CLP,Aquathol K,5/19/2021,5/19/2021,7.8,Upper South Long,292.083,36.72,292.08,243.28,30.59,12,2.670473804,3.206182177
2017-1005,Crow Wing,Upper South Long,18009600,2022,CLP,Aquathol K,6/1/2022,6/1/2022,4.4,Upper South Long,292.083,36.72,292.08,243.28,30.59,12,1.50642112,1.808615587
2017-1027,Anoka,George,2009100,2020,CLP,Dibrox,5/11/2020,5/11/2020,46.9,George,383.264,78.66,383.26,383.26,78.66,15,12.23699591,12.23712362
2017-1027,Anoka,George,2009100,2021,CLP,Dibrox,5/24/2021,5/24/2021,28.33,George,383.264,78.66,383.26,383.26,78.66,15,7.391771729,7.391848875
2017-1028,Anoka,George,2009100,2022,EWM,Tribune,5/27/2022,5/27/2022,37.65,George,383.264,78.66,383.26,383.26,78.66,15,9.823515905,9.823618431
2017-1028,Anoka,George,2009100,2024,EWM,Dibrox,5/20/2024,5/20/2024,37.1,George,383.264,78.66,383.26,383.26,78.66,15,9.680011689,9.680112717
2017-1028,Anoka,George,2009100,2025,EWM,Diquat Herbicide,5/14/2025,5/14/2025,32.23,George,383.264,78.66,383.26,383.26,78.66,15,8.409347082,8.409434848
2017-1032,Wright,Charlotte,86001100,2023,EWM,ProcellaCOR EC,6/28/2023,6/28/2023,11,Charlotte,89.711,37.71,89.71,128.36,53.95,25,12.26159557,8.569647865
2017-1034,Wright,Granite,86021700,2020,EWM,ProcellaCOR EC,7/9/2020,7/9/2020,6.9,Granite,118.179,33.47,118.18,87.98,24.92,11,5.838600767,7.842691521
2017-1034,Wright,Granite,86021700,2025,EWM,ProcellaCOR EC,9/22/2025,9/22/2025,6.5,Granite,118.179,33.47,118.18,87.98,24.92,11,5.500131157,7.388042737
2017-1036,Stearns,Marie,73001400,2022,CLP,Aquathol K,5/26/2022,5/26/2022,14.3,Marie,124.967,85.13,124.97,107.18,73.01,8,11.44302096,13.34204143
2017-1037,Hennepin,Minnetonka,27013303,2020,CLP,Tribune,5/15/2020,5/15/2020,4.8,Minnetonka-Carsons Bay,78.863,68.68,78.86,78.86,68.68,15,6.086504444,6.086735988
2017-1037,Hennepin,Minnetonka,27013303,2021,CLP,Tribune,5/24/2021,5/24/2021,14.1,Minnetonka-Carsons Bay,78.863,68.68,78.86,78.86,68.68,15,17.87910681,17.87978696
2017-1037,Hennepin,Minnetonka,27013303,2022,CLP,Tribune,6/1/2022,6/1/2022,23.4,Minnetonka-Carsons Bay,78.863,68.68,78.86,78.86,68.68,15,29.67170917,29.67283794
2017-1038,Hennepin,Minnetonka,27013303,2020,EWM,Kammo Plus,7/10/2020,7/10/2020,4.95,Minnetonka-Carsons Bay,78.863,68.68,78.86,78.86,68.68,15,6.276707708,6.276946487
2017-1038,Hennepin,Minnetonka,27013303,2021,EWM,ProcellaCOR,6/29/2021,6/29/2021,10.5,Minnetonka-Carsons Bay,78.863,68.68,78.86,78.86,68.68,15,13.31422847,13.31473497
2017-1038,Hennepin,Minnetonka,27013303,2022,EWM,Tribune,8/9/2022,8/9/2022,12,Minnetonka-Carsons Bay,78.863,68.68,78.86,78.86,68.68,15,15.21626111,15.21683997
2017-1038,Hennepin,Minnetonka,27013303,2025,CLP,Sonar A.S.,4/29/2025,4/29/2025,115,Minnetonka-Carsons Bay,78.863,68.68,78.86,78.86,68.68,15,145.8225023,145.8280497
2017-1039,Hennepin,Minnetonka,27013301,2020,EWM,ProcellaCOR EC,7/8/2020,7/8/2020,33.25,Minnetonka-Grays Bay,164.537,87.58,164.54,164.54,87.58,15,20.20822064,20.20785219
2017-1039,Hennepin,Minnetonka,27013301,2021,EWM,ProcellaCOR,6/29/2021,6/29/2021,22.98,Minnetonka-Grays Bay,164.537,87.58,164.54,164.54,87.58,15,13.96646347,13.96620882
2017-1041,Hennepin,Minnetonka,27013300,2021,EWM,ProcellaCOR EC,6/18/2021,6/18/2021,11.6,Minnetonka,6032.044,36.61,6032.04,6032.04,36.61,15,0.19230629,0.192306417
2017-1041,Hennepin,Minnetonka,27013305,2022,EWM,ProcellaCOR EC,7/1/2022,7/1/2022,12,Minnetonka-Upper Lake,1699.304,37.59,1699.3,1699.3,37.59,15,0.706171468,0.70617313
2017-1042,Hennepin,Minnetonka,27013304,2020,CLP,Tribune,5/29/2020,5/29/2020,12.7,Minnetonka-St. Albans Bay,103.155,62.08,103.16,103.16,62.08,15,12.31156997,12.31097325
2017-1042,Hennepin,Minnetonka,27013304,2021,CLP,Tribune,5/26/2021,5/26/2021,28.2,Minnetonka-St. Albans Bay,103.155,62.08,103.16,103.16,62.08,15,27.33750182,27.33617681
2017-1043,Hennepin,Minnetonka,27013304,2020,EWM,Kammo Plus,7/23/2020,7/23/2020,3.84,Minnetonka-St. Albans Bay,103.155,62.08,103.16,103.16,62.08,15,3.722553439,3.722373013
2017-1043,Hennepin,Minnetonka,27013304,2022,CLP,Sonar A.S.,5/11/2022,5/11/2022,160,Minnetonka-St. Albans Bay,103.155,62.08,103.16,103.16,62.08,15,155.1063933,155.0988755
2017-1043,Hennepin,Minnetonka,27013304,2022,EWM,Sonar,7/13/2022,7/13/2022,160,Minnetonka-St. Albans Bay,103.155,62.08,103.16,103.16,62.08,15,155.1063933,155.0988755
2017-1043,Hennepin,Minnetonka,27013304,2022,NA,Sonar A.S.,6/9/2022,6/9/2022,100,Minnetonka-St. Albans Bay,103.155,62.08,103.16,103.16,62.08,15,96.94149581,96.93679721
2017-1044,Hennepin,Minnetonka,27013313,2020,CLP,Tribune,5/15/2020,5/15/2020,47.7,Minnetonka-North Arm,169.204,52.16,169.2,169.2,52.16,15,28.19082291,28.19148936
2017-1044,Hennepin,Minnetonka,27013313,2021,CLP,Tribune,5/26/2021,5/26/2021,50.1,Minnetonka-North Arm,169.204,52.16,169.2,169.2,52.16,15,29.6092291,29.60992908
2017-1044,Hennepin,Minnetonka,27013313,2025,CLP,Tribune,5/7/2025,5/7/2025,53.62,Minnetonka-North Arm,169.204,52.16,169.2,169.2,52.16,15,31.68955817,31.69030733
2017-1047,Hennepin,Minnetonka,27013310,2020,EWM,Tribune,6/11/2020,6/11/2020,17,Minnetonka-Crystal Bay,317.357,38.9,317.36,317.36,38.9,15,5.356743352,5.356692715
2017-1047,Hennepin,Minnetonka,27013310,2022,EWM,ProcellaCOR,7/26/2022,7/26/2022,52.9,Minnetonka-Crystal Bay,317.357,38.9,317.36,317.36,38.9,15,16.6689249,16.66876733
2017-1050,Lincoln,Benton,41004300,2020,CLP,Sonar A.S.,5/14/2020,5/14/2020,1034,Benton,2649.413,100,2649.41,279.36,10.54,5,39.02751289,370.1317297
2017-1050,Lincoln,Benton,41004300,2021,CLP,Sonar A.S.,4/14/2021,4/14/2021,1034,Benton,2649.413,100,2649.41,279.36,10.54,5,39.02751289,370.1317297
2017-1072,Crow Wing,Platte,18008800,2020,CLP,Aquathol K,5/20/2020,5/20/2020,43.2,Platte,1615.908,94.32,1615.91,1615.91,94.32,15,2.673419526,2.673416217
2017-1072,Crow Wing,Platte,18008800,2021,CLP,Aquathol K,5/21/2021,5/21/2021,42.3,Platte,1615.908,94.32,1615.91,1615.91,94.32,15,2.617723286,2.617720046
2017-1083,Anoka,Coon,2004200,2021,CLP,Tribune,5/5/2021,5/5/2021,9.2,Coon,1331.965,89.92,1331.96,1283.59,86.66,12,0.69070884,0.716739769
2017-1092,Anoka,Coon,2004200,2021,EWM,ProcellaCOR EC,7/12/2021,7/12/2021,22.83,Coon,1331.965,89.92,1331.96,1283.59,86.66,12,1.714009002,1.778605318
2017-1092,Anoka,Coon,2004200,2022,EWM,ProcellaCOR EC,7/22/2022,7/22/2022,40.3,Coon,1331.965,89.92,1331.96,1283.59,86.66,12,3.025605027,3.139631814
2017-1097,Carver,Minnewashta,10000900,2020,CLP,Dibrox,5/19/2020,5/19/2020,36.6,Minnewashta,337.891,50.21,337.89,330.74,49.15,14,10.83189549,11.06609421
2017-1097,Carver,Minnewashta,10000900,2021,CLP,Dibrox,5/18/2021,5/18/2021,41.1,Minnewashta,337.891,50.21,337.89,330.74,49.15,14,12.16368592,12.42667957
2017-1154,Ramsey,Bald Eagle,62000200,2020,CLP,Diquat Herbicide,5/4/2020,5/4/2020,72.6,Bald Eagle,589.063,56.13,589.06,211.86,20.19,6,12.32465797,34.26791277
2017-1154,Ramsey,Bald Eagle,62000200,2022,CLP,Tribune,5/16/2023,5/16/2023,68.93,Bald Eagle,589.063,56.13,589.06,211.86,20.19,6,11.70163463,32.53563674
2017-1210,Washington,Big Marine,82005200,2020,EWM,ProcellaCOR EC,7/16/2020,7/16/2020,3.76,Big Marine,1180.442,69.79,1180.44,1278.62,75.59,18.5,0.318524756,0.294067041
2017-1210,Washington,Big Marine,82005200,2022,EWM,ProcellaCOR,8/4/2022,8/4/2022,5.18,Big Marine,1180.442,69.79,1180.44,1278.62,75.59,18.5,0.43881868,0.405124275
2017-1297,Dakota,Farquar,19002300,2021,CLP,Aquathol K,5/5/2021,5/5/2021,10,Farquar,63.581,100,63.58,63.58,100,15,15.72796905,15.72821642
2017-1297,Dakota,Farquar,19002300,2022,CLP,Aquathol K,5/10/2022,5/10/2022,9.27,Farquar,63.581,100,63.58,63.58,100,15,14.57982731,14.58005662
2017-1306,Rice,Cedar,66005200,2020,CLP,Aquathol K,5/11/2020,5/11/2020,24.5,Cedar,667.272,75.35,667.27,238.02,26.88,4,3.671666127,10.29325267
2017-1306,Rice,Cedar,66005200,2021,CLP,Aquathol K,5/12/2021,5/12/2021,18.8,Cedar,667.272,75.35,667.27,238.02,26.88,4,2.817441763,7.898495925
2017-1306,Rice,Cedar,66005200,2022,CLP,Aquathol K,5/10/2022,5/10/2022,35,Cedar,667.272,75.35,667.27,238.02,26.88,4,5.245237325,14.70464667
2017-1306,Rice,Cedar,66005200,2023,CLP,Aquathol K,5/11/2023,5/11/2023,50,Cedar,667.272,75.35,667.27,238.02,26.88,4,7.493196178,21.0066381
2017-1307,Waseca,Clear,81001401,2020,CLP,Aquathol K,5/6/2020,5/6/2020,30,Clear,563.674,86.89,563.67,215.16,33.16,8,5.322225258,13.9431121
2017-1312,Becker,Sallie,3035900,2022,FR,Tribune,6/28/2022,8/1/2022,62.2,Sallie,576.81,45.32,576.81,737.81,57.96,21,10.78344689,8.430354698
2017-1313,Becker,Melissa,3047500,2021,FR,Tribune,6/28/2021,6/28/2021,24,Melissa,899.472,48.59,899.47,1192.62,64.43,22,2.668232029,2.012376113
2017-1367,Wright,East Sylvia,86028900,2023,EWM,Platoon,8/25/2023,8/25/2023,3.06,East Lake Sylvia,209.542,31.34,209.54,259.53,38.82,24,1.460327762,1.179054445
2017-1379,Wright,Howard,86019900,2022,EWM,"2,4-D Amine",8/22/2022,8/22/2022,44.4,Howard,317.586,43.16,317.59,209.71,28.5,9,13.98046513,21.1720948
2017-1486,Pope,Minnewaska,61013000,2020,EWM,"2,4-D Amine",8/21/2020,8/21/2020,18.14,Minnewaska,3290.836,40.88,3290.84,3290.84,40.88,15,0.551227712,0.551227042
2017-1486,Pope,Minnewaska,61013000,2021,EWM,"2,4-D Amine",7/16/2021,7/16/2021,16.74,Minnewaska,3290.836,40.88,3290.84,3290.84,40.88,15,0.508685331,0.508684713
2017-1486,Pope,Minnewaska,61013000,2022,EWM,"2,4-D Amine",9/13/2022,9/13/2022,5.27,Minnewaska,3290.836,40.88,3290.84,3290.84,40.88,15,0.160141678,0.160141484
2017-1500,Blue Earth,Ballantyne,7005400,2022,EWM,"2,4-D Amine",6/22/2022,6/22/2022,37.1,Ballantyne,328.587,88.06,328.59,294.31,78.88,9,11.29076926,12.60575584
2017-1500,Blue Earth,Ballantyne,7005400,2023,EWM,"2,4-D Amine",6/27/2023,6/27/2023,10.6,Ballantyne,328.587,88.06,328.59,294.31,78.88,9,3.225934075,3.601644524
2017-1507,Wright,Maple,86013400,2020,CLP,Tribune,5/12/2020,5/12/2020,10.1,Maple,NA,NA,NA,NA,NA,NA,NA,NA
2017-1507,Wright,Maple,86013400,2021,CLP,Tribune,5/11/2021,5/11/2021,10.1,Maple,NA,NA,NA,NA,NA,NA,NA,NA
2017-1512,Carlton,Chub,9000800,2020,EWM,ProcellaCOR EC,7/10/2020,7/10/2020,11,Chub,172.923,55.17,172.92,163.52,52.17,14,6.361212794,6.727005871
2017-1512,Carlton,Chub,9000800,2021,EWM,ProcellaCOR,6/24/2021,6/24/2021,13.2,Chub,172.923,55.17,172.92,163.52,52.17,14,7.633455353,8.072407045
2017-1565,Dakota,Marion,19002600,2021,CLP,Tribune,5/17/2021,5/17/2021,16.46,Marion,417.991,79.27,417.99,406.15,77.02,14,3.93788383,4.052689893
2017-1707,Crow Wing,Mayo,18040800,2022,CLP,Aquathol K,5/19/2022,5/19/2022,9.6,Mayo,156.391,94.55,156.39,146.76,88.73,12,6.138460653,6.541291905
2017-1709,Washington,Bone,82005400,2020,CLP,Aquathol K,5/12/2020,5/12/2020,5.14,Bone,119.403,54.71,119.4,59.26,27.16,6,4.304749462,8.673641579
2017-1709,Washington,Bone,82005400,2021,CLP,Aquathol K,5/26/2021,5/26/2021,4.38,Bone,119.403,54.71,119.4,59.26,27.16,6,3.668249541,7.391157611
2017-1779,Douglas,Smith,21008500,2023,CLP,Aquathol K,5/30/2023,5/30/2023,42.6,Andrew,322.666,35.14,322.67,345.58,37.63,17,13.20250662,12.32710226
2017-1825,Le Sueur,Tetonka,40003100,2020,CLP,Aquathol K,5/15/2020,5/15/2020,58.74,Tetonka,551.224,40.63,551.22,421.08,31.04,10,10.65628492,13.94984326
2017-1825,Le Sueur,Tetonka,40003100,2021,CLP,Aquathol K,5/18/2021,5/18/2021,58.74,Tetonka,551.224,40.63,551.22,421.08,31.04,10,10.65628492,13.94984326
2017-1826,Crow Wing,Grave,18011000,2025,CLP,FlumigardSC,5/5/2025,5/5/2025,5.5,Grave,168.57,100,168.57,100,168.57,15,3.262739515,5.5
2017-1881,Hennepin,Minnetonka,27013300,2020,CLP,Tribune,5/15/2020,5/15/2020,27.3,Minnetonka,6032.044,36.61,6032.04,6032.04,36.61,15,0.452582906,0.452583206
2017-1881,Hennepin,Minnetonka,27013305,2022,CLP,Tribune,6/1/2022,6/1/2022,25,Minnetonka-Upper Lake,1699.304,37.59,1699.3,1699.3,37.59,15,1.471190558,1.471194021
2017-1978,Washington,Jane,82010400,2020,EWM,ProcellaCOR EC,9/18/2020,9/18/2020,6.71,Jane,109.706,71.25,109.71,125.21,81.32,22,6.116347328,5.358996885
2017-1982,Ramsey,Silver,62000100,2020,CLP,Tribune,5/29/2020,5/29/2020,6.52,Silver (East),71.816,98.12,71.82,70.9,96.86,11,9.078756823,9.196050776
2017-1984,Crow Wing,Bay,18003400,2024,EWM,Platoon,10/9/2024,10/9/2024,4.41,Bay,878.981,37.89,878.98,1019.35,43.94,19,0.501717329,0.432628636
2017-1985,Crow Wing,Bay,18003400,2020,EWM,"2,4-D Amine",6/22/2020,10/19/2020,44.74,Bay,878.981,37.89,878.98,1019.35,43.94,19,5.08998488,4.389071467
2017-1985,Crow Wing,Bay,18003400,2021,EWM,"2,4-D Amine",10/11/2021,10/12/2021,83.34,Bay,878.981,37.89,878.98,1019.35,43.94,19,9.481433615,8.175798303
2017-1985,Crow Wing,Bay,18003400,2021,EWM,Dibrox,10/11/2021,10/11/2021,6.5,Bay,878.981,37.89,878.98,1019.35,43.94,19,0.739492663,0.637661255
2017-1985,Crow Wing,Bay,18003400,2021,EWM,Platoon,6/22/2021,6/22/2021,7.288,Bay,878.981,37.89,878.98,1019.35,43.94,19,0.829141927,0.714965419
2017-1985,Crow Wing,Bay,18003400,2022,EWM,"2,4-D Amine",6/27/2022,10/4/2022,48.473,Bay,878.981,37.89,878.98,1019.35,43.94,19,5.514681205,4.755285231
2017-1985,Crow Wing,Bay,18003400,2024,EWM,Platoon,10/8/2024,10/9/2024,33.68,Bay,878.981,37.89,878.98,1019.35,43.94,19,3.831709673,3.304066317
2017-2060,Wright,West Sylvia,86027900,2023,SSW,Cutrine-Plus,7/21/2023,7/21/2023,1.7,West Lake Sylvia,297.099,32.85,297.1,401.98,44.45,25,0.572199839,0.422906612
2017-2067,Washington,Elmo,82010600,2022,EWM,ProcellaCOR EC,6/22/2022,6/22/2022,12,Elmo,66.382,25.85,66.38,72.1,28.08,17,18.0771896,16.64355062
2017-2067,Washington,Elmo,82010600,2023,EWM,ProcellaCOR EC,6/16/2023,6/16/2023,12,Elmo,66.382,25.85,66.38,72.1,28.08,17,18.0771896,16.64355062
2017-2184,Anoka,Crooked,2008400,2020,CLP,Tribune,5/13/2020,5/13/2020,5.9,Crooked,84.017,73.1,84.02,73.19,63.68,12,7.022388326,8.061210548
2017-2184,Anoka,Crooked,2008400,2021,CLP,Tribune,5/18/2021,5/18/2021,1.9,Crooked,84.017,73.1,84.02,73.19,63.68,12,2.261447088,2.595983058
2017-2726,Hennepin,Sarah,27019100,2021,EWM,Tribune,6/22/2021,6/22/2021,29.08,Sarah,557.23,66.94,373,66.94,373,15,5.218670926,43.44188826
2017-2726,Hennepin,Sarah,27019100,2023,EWM,ProcellaCOR EC,10/2/2023,10/2/2023,23.12,Sarah,557.23,66.94,373,66.94,373,15,4.149094629,34.53839259
2017-2726,Hennepin,Sarah,27019100,2023,EWM,Tribune,6/23/2023,6/23/2023,2.8,Sarah,557.23,66.94,373,66.94,373,15,0.502485509,4.182850314
2017-2726,Hennepin,Sarah,27019101,2022,EWM,Tribune,7/1/2022,7/1/2022,8.76,West Sarah,242.6,67.83,242.6,242.6,67.83,15,3.61088211,3.61088211
2017-2765,Le Sueur,Rays,40005600,2021,EWM,"2,4-D Amine",6/8/2021,6/8/2021,21.2,Rays,151.1,89.44,151.1,104.76,62.01,7,14.03044341,20.23673158
2017-2771,Hennepin,Minnetonka,27013301,2020,EWM,Kammo Plus,7/8/2020,7/8/2020,1,Minnetonka-Grays Bay,164.537,87.58,164.54,164.54,87.58,15,0.607766034,0.607754953
2017-2870,Washington,White Bear,82016700,2021,EWM,Triclopyr 3,7/15/2021,7/15/2021,26.67,White Bear,1334.411,53.61,1334.41,1504.4,60.44,18,1.998634604,1.772799787
2017-2870,Washington,White Bear,82016700,2021,EWM,Weedar 64,7/15/2021,7/15/2021,23.85,White Bear,1334.411,53.61,1334.41,1504.4,60.44,18,1.78730541,1.585349641
2017-3015,Carlton,Bear,9003400,2020,EWM,ProcellaCOR EC,9/9/2020,9/9/2020,0.76,Bear,70.075,76.65,70.07,62.45,68.3,13,1.084552265,1.216973579
2017-3315,Ramsey,Turtle,62006100,2020,EWM,ProcellaCOR,7/2/2020,7/2/2020,16.6,Turtle,284.178,63.15,284.18,284.18,63.15,15,5.841409258,5.841368147
2017-3315,Ramsey,Turtle,62006100,2021,EWM,ProcellaCOR,6/30/2021,6/30/2021,29.85,Turtle,284.178,63.15,284.18,284.18,63.15,15,10.5039799,10.50390598
2017-3315,Ramsey,Turtle,62006100,2022,EWM,ProcellaCOR,6/28/2022,6/28/2022,42.6,Turtle,284.178,63.15,284.18,284.18,63.15,15,14.99060448,14.99049898
2017-3409,Washington,Forest,82015900,2020,FR,Tribune,8/6/2020,9/2/2020,11.05,Forest,1561.192,68.75,1561.19,1404.75,61.86,13,0.707792507,0.786616836
2017-365,Meeker,Long,47017700,2022,CLP,Tribune,5/22/2022,5/22/2022,43.62,Long,787.031,100,787.03,787.03,100,15,5.542348395,5.542355438
2017-459,Wright,Beebe,86002300,2020,EWM,"2,4-D Amine",7/31/2020,7/31/2020,4,Beebe,179.487,58.99,179.49,162.18,53.3,12,2.228573657,2.466395363
2017-459,Wright,Silver,86014000,2020,EWM,"2,4-D Amine",7/1/2020,7/1/2020,6,Silver,37.667,45.54,37.67,17.24,20.84,6,15.92906257,34.80278422
2018-0004,Cass,Roosevelt,11004300,2021,EWM,ProcellaCOR,8/5/2021,8/5/2021,4.6,Roosevelt,302.228,19.94,302.23,302.23,19.94,15,1.522029726,1.522019654
2018-0035,Cass,Girl,11017400,2021,EWM,ProcellaCOR,8/4/2021,8/4/2021,0.27,Girl,265.94,63.11,265.94,304.69,72.31,20,0.10152666,0.088614658
2018-0093,Stearns,Two Rivers,73013800,2021,CLP,Tribune,5/11/2021,5/11/2021,28.4,Two Rivers,221.09,37.89,221.09,157.59,27.01,7,12.84544756,18.02144806
2018-0093,Stearns,Two Rivers,73013800,2022,CLP,Tribune,5/25/2022,5/25/2022,7.8,Two Rivers,221.09,37.89,221.09,157.59,27.01,7,3.527975033,4.949552637
2018-0118,Stearns,Pearl,73003700,2020,CLP,Aquathol K,5/5/2020,5/5/2020,35.2,Pearl,558.626,74.86,558.63,642.73,86.13,16,6.301174668,5.476638713
2018-0118,Stearns,Pearl,73003700,2025,CLP,Diquat Herbicide,5/14/2025,5/14/2025,39.58,Pearl,558.626,74.86,558.63,642.73,86.13,16,7.085241288,6.158106826
2018-0126,Chisago,North Center,13003200,2020,CLP,Aquathol K,5/22/2020,5/22/2020,18.58,North Center,NA,NA,NA,NA,NA,NA,NA,NA
2018-0127,Chisago,North Center,13003200,2020,EWM,"2,4-D Amine",7/9/2020,7/9/2020,9.42,North Center,NA,NA,NA,NA,NA,NA,NA,NA
2018-0129,Chisago,South Center,13002700,2020,CLP,Aquathol K,5/22/2020,5/22/2020,14.16,South Center,544.508,65.48,544.51,462.13,55.57,10,2.600512756,3.06407288
2018-0175,Crow Wing,Ruth,18021200,2020,EWM,ProcellaCOR EC,7/31/2020,9/24/2020,6.6,Ruth,207.076,34.56,207.08,260.02,43.4,20,3.187235604,2.538266287
2018-0175,Crow Wing,Ruth,18021200,2022,EWM,ProcellaCOR EC,10/4/2022,10/4/2022,11.9,Ruth,207.076,34.56,207.08,260.02,43.4,20,5.746682377,4.576571033
2018-0180,Wright,Clearwater,86025200,2020,EWM,Dibrox,9/10/2020,9/10/2020,2.24,Clearwater,3186.88,50.07,1595.6,50.07,1595.6,15,0.070288182,4.473736769
2018-0180,Wright,Clearwater,86025200,2021,EWM,Dibrox,8/23/2021,8/23/2021,5.27,Clearwater,3186.88,50.07,1595.6,50.07,1595.6,15,0.165365499,10.52526463
2018-0182,Stearns,Koronis,73020002,2024,SSW,Mizzen,7/8/2024,8/19/2024,215.4,Koronis (main lake),1146.637,38.37,1146.64,1146.64,38.37,15,18.78536974,18.78532059
2018-0187,Todd,Latimer,77010500,2020,CLP,Aquathol K,5/26/2020,5/26/2020,8,Latimer,83.069,41.23,83.07,36.23,17.98,8,9.630548099,22.08114822
2018-0241,Cass,Margaret,11022200,2020,CLP,Aquathol K,5/26/2020,5/26/2020,7.4,Margaret,170.02,69.93,170.02,141.24,58.09,13,4.352429126,5.239308978
2018-0244,Crow Wing,Upper Mission,18024200,2022,CLP,ProcellaCOR EC,8/4/2022,8/4/2022,4.5,Upper Mission,285.461,32.63,285.46,285.46,32.63,15,1.576397476,1.576402999
2018-0247,Crow Wing,Upper Mission,18024200,2022,EWM,ProcellaCOR EC,8/4/2022,8/4/2022,4.5,Upper Mission,285.461,32.63,285.46,285.46,32.63,15,1.576397476,1.576402999
2018-0293,Isanti,Fannie,30004300,2020,CLP,Aquathol K,5/5/2020,5/5/2020,36.35,Fannie,268.229,77.31,268.23,227.86,65.68,10,13.55185308,15.95277802
2018-0293,Isanti,Fannie,30004300,2021,CLP,Aquathol K,5/7/2021,5/7/2021,27.6,Fannie,268.229,77.31,268.23,227.86,65.68,10,10.28971513,12.11270078
2018-0293,Isanti,Fannie,30004300,2022,CLP,Aquathol K,5/24/2022,5/24/2022,13.3,Fannie,268.229,77.31,268.23,227.86,65.68,10,4.958449683,5.836917405
2018-0293,Isanti,Fannie,30004300,2022,EWM,Tribune,5/24/2022,5/24/2022,6.6,Fannie,268.229,77.31,268.23,227.86,65.68,10,2.460584053,2.896515404
2018-0293,Isanti,Fannie,30004300,2024,CLP,Flumioxazin 51WDG Prime,5/9/2024,5/9/2024,18.96,Fannie,268.229,77.31,268.23,227.86,65.68,10,7.068586916,8.320898798
2018-0293,Isanti,Fannie,30004300,2025,CLP,Flumioxazin 51WDG Prime,5/12/2025,5/12/2025,38.15,Fannie,268.229,77.31,268.23,227.86,65.68,10,14.22292146,16.74273677
2018-0294,Hennepin,Upper Twin,27004201,2020,CLP,Diquat SPC 2 L,5/28/2020,5/28/2020,9.15,Upper Twin,123.503,96.59,123.5,123.5,96.59,15,7.408726914,7.408906883
2018-0332,Hubbard,Bad Axe,29020800,2021,EWM,ProcellaCOR EC,8/26/2021,8/26/2021,2.07,Bad Axe,303.26,41.22,125,41.22,125,15,0.682582602,5.021834061
2018-0332,Hubbard,Bad Axe,29020800,2025,EWM,ProcellaCOR EC,7/24/2025,7/24/2025,2,Bad Axe,303.26,41.22,125,41.22,125,15,0.659500099,4.852013586
2018-0333,Wright,French,86027300,2021,EWM,ProcellaCOR,7/27/2021,7/27/2021,11.2,French,166.944,48.15,166.94,166.94,48.15,15,6.708836496,6.708997245
2018-0333,Wright,French,86027300,2023,EWM,ProcellaCOR,9/26/2023,9/26/2023,7.8,French,166.944,48.15,166.94,166.94,48.15,15,4.672225417,4.672337367
2018-0334,Douglas,Ida,21012300,2021,CLP,Aquathol K,5/24/2021,5/24/2021,18.7,Ida,1751.072,39.56,1751.07,2106.87,47.59,21,1.067917253,0.88757256
2018-0334,Douglas,Ida,21012300,2022,CLP,Aquathol K,6/3/2022,6/3/2022,13.8,Ida,1751.072,39.56,1751.07,2106.87,47.59,21,0.788088668,0.655000071
2018-0334,Douglas,Ida,21012300,2024,CLP,Semera,5/23/2024,5/23/2024,12.7,Ida,1751.072,39.56,1751.07,2106.87,47.59,21,0.725270006,0.602789921
2018-0371,Morrison,Alexander,49007900,2025,CLP,FlumigardSC,5/8/2025,5/8/2025,16.45,Alexander,843.851,31.09,843.85,1074.44,39.58,20,1.94939628,1.531030118
2018-0395,Wright,Limestone,86016300,2020,CLP,Aquathol K,5/4/2020,5/4/2020,7.9,Limestone,97.929,53.34,97.93,87.88,47.87,13,8.067068999,8.989531179
2018-0395,Wright,Limestone,86016300,2021,CLP,Aquathol K,5/1/2021,5/1/2021,7.9,Limestone,97.929,53.34,97.93,87.88,47.87,13,8.067068999,8.989531179
2018-0395,Wright,Limestone,86016300,2022,CLP,Aquathol K,5/23/2022,5/23/2022,7.9,Limestone,97.929,53.34,97.93,87.88,47.87,13,8.067068999,8.989531179
2018-0408,Crow Wing,Serpent,18009000,2020,CLP,Aquathol K,5/22/2020,5/22/2020,1.9,Serpent,301.119,27.3,301.12,301.12,27.3,15,0.630979779,0.630977683
2018-0408,Crow Wing,Serpent,18009000,2021,CLP,Aquathol K,5/17/2021,5/17/2021,5,Serpent,301.119,27.3,301.12,301.12,27.3,15,1.660473102,1.660467588
2018-0408,Crow Wing,Serpent,18009000,2022,CLP,Aquathol K,6/1/2022,6/1/2022,13.7,Serpent,301.119,27.3,301.12,301.12,27.3,15,4.549696299,4.54968119
2018-0543,Morrison,Fish Trap,49013700,2020,CLP,Aquathol K,5/21/2020,5/21/2020,9.24,Fish Trap,357.286,30.05,357.29,357.29,30.05,15,2.586163466,2.586134513
2018-0543,Morrison,Fish Trap,49013700,2022,CLP,Aquathol K,6/6/2022,6/6/2022,40.5,Fish Trap,357.286,30.05,357.29,357.29,30.05,15,11.33545675,11.33532984
2018-0543,Morrison,Fish Trap,49013700,2024,CLP,Aquathol K,5/8/2024,5/8/2024,39,Fish Trap,357.286,30.05,357.29,357.29,30.05,15,10.91562502,10.91550281
2018-0544,Wright,Pleasant,86025100,2020,CLP,Tribune,5/12/2020,5/12/2020,15,Pleasant,291.243,50.98,291.24,326.45,57.15,18,5.150338377,4.594884362
2018-0611,Otter Tail,Big Pine,56013000,2022,CLP,Aquathol K,5/30/2023,5/30/2023,65,Big Pine,2375.962,50.23,2375.96,2375.96,50.23,15,2.735733989,2.735736292
2018-0668,Stearns,Grand,73005500,2020,CLP,Aquathol K,5/22/2020,5/22/2020,32.3,Grand,233.22,35.95,233.22,233.22,35.95,15,13.84958408,13.84958408
2018-0668,Stearns,Grand,73005500,2021,CLP,Aquathol K,5/7/2021,5/7/2021,32.41,Grand,233.22,35.95,233.22,233.22,35.95,15,13.89674985,13.89674985
2018-0668,Stearns,Grand,73005500,2023,CLP,Aquathol K,5/20/2023,5/20/2023,29.9,Grand,233.22,35.95,233.22,233.22,35.95,15,12.82051282,12.82051282
2018-0668,Stearns,Grand,73005500,2024,CLP,Aquathol K,4/24/2024,4/24/2024,33,Grand,233.22,35.95,233.22,233.22,35.95,15,14.14972987,14.14972987
2018-0670,Sherburne,Briggs,71014600,2020,CLP,Aquathol K,5/15/2020,5/15/2020,32,Briggs,219.68,54.35,219.68,145.72,36.05,8,14.56664239,21.95992314
2018-0670,Sherburne,Briggs,71014600,2021,CLP,Aquathol K,5/5/2021,5/5/2021,32.25,Briggs,219.68,54.35,219.68,145.72,36.05,8,14.68044428,22.13148504
2018-0670,Sherburne,Briggs,71014600,2023,CLP,Aquathol K,5/23/2023,5/23/2023,25.3,Briggs,219.68,54.35,219.68,145.72,36.05,8,11.51675164,17.36206423
2018-0670,Sherburne,Briggs,71014600,2025,CLP,FlumigardSC,4/30/2025,4/30/2025,27.8,Briggs,219.68,54.35,219.68,145.72,36.05,8,12.65477058,19.07768323
2018-0672,Sherburne,Julia,71014500,2020,CLP,Aquathol K,5/15/2020,5/15/2020,8,Julia,151.823,99.75,151.82,45.68,30.01,6,5.269293849,17.51313485
2018-0672,Sherburne,Julia,71014500,2021,CLP,Aquathol K,5/5/2021,5/5/2021,10.5,Julia,151.823,99.75,151.82,45.68,30.01,6,6.915948176,22.98598949
2018-0672,Sherburne,Julia,71014500,2022,CLP,Aquathol K,5/26/2022,5/26/2022,3.7,Julia,151.823,99.75,151.82,45.68,30.01,6,2.437048405,8.099824869
2018-0728,Sherburne,Orono,71001300,2022,CLP,Aquathol K,6/3/2022,6/3/2022,30.87,Orono,246.642,99.07,246.64,246.64,99.07,15,12.51611648,12.51621797
2018-0750,Wright,Cedar,86022700,2022,CLP,Tribune,5/23/2022,5/23/2022,7.6,Cedar,276.719,35.33,276.72,263.25,33.61,14,2.746468439,2.886989554
2018-0750,Wright,Cedar,86022700,2022,EWM,Tribune,5/23/2022,5/23/2022,7.6,Cedar,276.719,35.33,276.72,263.25,33.61,14,2.746468439,2.886989554
2018-0787,Rice,Roberds,66001800,2020,CLP,Aquathol K,5/4/2020,5/4/2020,20,Roberds,486.887,77.01,486.89,143.68,22.72,5,4.107729309,13.91982183
2018-0787,Rice,Roberds,66001800,2022,CLP,Aquathol K,5/23/2022,5/23/2022,20,Roberds,486.887,77.01,486.89,143.68,22.72,5,4.107729309,13.91982183
2018-0833,Kanabec,Ann,33004000,2024,CLP,Aquathol K,5/5/2024,5/5/2024,11,Ann,591.811,90.57,591.81,336.4,51.48,5.5,1.858701511,3.269916766
2018-0834,Crow Wing,North Long,18037200,2021,CLP,Aquathol K,5/17/2021,5/17/2021,9.7,North Long,4018.379,65.4,4018.38,4321.49,70.34,20,0.241390869,0.224459619
2018-0849,Stearns,North Brown,73014700,2020,CLP,Cygnet Plus,5/22/2020,5/22/2020,18,North Brown's,124.489,39.87,124.49,124.49,39.87,15,14.45910884,14.45899269
2018-0849,Stearns,North Brown's,73014700,2021,CLP,Aquathol K,5/24/2021,5/24/2021,18,North Brown's,124.489,39.87,124.49,124.49,39.87,15,14.45910884,14.45899269
2018-0881,Cass,Norway,11030700,2020,CLP,Aquathol K,5/26/2020,5/26/2020,12.2,Norway,514.879,100,514.88,514.88,100,14,2.369488754,2.369484152
2018-0881,Cass,Norway,11030700,2021,CLP,Aquathol K,5/27/2021,5/27/2021,7.1,Norway,514.879,100,514.88,514.88,100,14,1.378964766,1.378962088
2018-0898,Isanti,Blue,30010700,2020,CLP,Aquathol K,5/22/2020,5/22/2020,15.76,Blue,295.99,45.27,134,45.27,134,15,5.324504206,34.81334217
2018-0898,Isanti,Blue,30010700,2021,CLP,Diquat Herbicide,5/17/2021,5/17/2021,16,Blue,295.99,45.27,134,45.27,134,15,5.405588027,35.34349459
2018-0898,Isanti,Blue,30010700,2023,CLP,Tribune,5/23/2023,5/23/2023,16,Blue,295.99,45.27,134,45.27,134,15,5.405588027,35.34349459
2018-0910,Wright,Constance,86005100,2024,CLP,Tribune,4/29/2024,4/29/2024,8.2,Constance,86.428,53.51,86.43,43.43,26.89,8.5,9.487666034,18.88095786
2018-0912,Wright,Bass,86023400,2020,CLP,Aquathol K,5/20/2020,5/20/2020,6.06,Bass,95.961,44.9,95.96,95.96,44.9,15,6.315065495,6.315131305
2018-0912,Wright,Bass,86023400,2021,CLP,Aquathol K,5/19/2021,5/19/2021,11.4,Bass,95.961,44.9,95.96,95.96,44.9,15,11.87982618,11.87994998
2018-0912,Wright,Bass,86023400,2022,CLP,Aquathol K,5/19/2022,5/19/2022,2.5,Bass,95.961,44.9,95.96,95.96,44.9,15,2.605225039,2.605252188
2018-1014,Blue Earth,Duck,7005300,2020,CLP,Dibrox,5/6/2020,5/6/2020,23.7,Duck,247.129,85.1,247.13,147.19,50.68,10,9.590133088,16.10163734
2018-1015,Isanti,Green,30013600,2020,CLP,Dibrox,5/20/2020,5/20/2020,50.5,Green,357.1,42.88,357.1,135.24,16.24,5,14.141697,37.34102337
2018-1016,Isanti,Long,30007200,2021,CLP,Aquathol K,5/5/2021,5/5/2021,7.8,Long,381.576,100,381.58,372.26,97.56,8,2.04415372,2.09530973
2018-1041,Hennepin,Minnetonka,27013300,2020,EWM,ProcellaCOR EC,7/15/2020,7/15/2020,6.65,Minnetonka,6032.044,36.61,6032.04,6032.04,36.61,15,0.110244554,0.110244627
2018-1044,Chisago,West Rush,13006902,2021,CLP,Aquathol K,5/5/2021,5/5/2021,24.69,West Rush,902.792,54.96,902.79,692,42.13,10,2.734849223,3.567919075
2018-1045,Chisago,East Rush,13006901,2021,CLP,Aquathol K,5/5/2021,5/5/2021,24.53,East Rush,1136.436,76.56,1136.44,722.01,48.64,8,2.158502547,3.397459869
2018-1045,Chisago,East Rush,13006901,2023,CLP,Semera,5/31/2023,5/31/2023,37.95,East Rush,1136.436,76.56,1136.44,722.01,48.64,8,3.339387348,5.256159887
2018-1045,Chisago,Rush,13006901,2020,CLP,Aquathol K,5/12/2020,5/12/2020,39.58,East Rush,1136.436,76.56,1136.44,722.01,48.64,8,3.482818214,5.481918533
2018-1087,Becker,Upper Cormorant,3058800,2021,CLP,Aquathol K,5/28/2021,5/28/2021,30,Upper Cormorant,522.844,55.51,522.84,894.77,95,22,5.737849148,3.352816925
2018-1097,Stearns,Big Watab,73010200,2021,CLP,Aquathol K,5/6/2021,5/6/2021,1,Big Watab,57.184,23.29,57.18,86.83,35.36,28,1.748740907,1.151675688
2018-1132,Chisago,Chisago,13001200,2022,CLP,Aquathol K,5/23/2022,5/23/2022,11,Chisago,943.96,73.57,694.5,73.57,694.5,15,1.165303615,14.95174664
2018-1159,Kanabec,Fish,33003600,2020,CLP,Aquathol K,5/27/2020,5/27/2020,16,Fish,505.758,99.78,505.76,234.78,46.32,3.2,3.163568347,6.814890536
2018-1159,Kanabec,Fish,33003600,2021,CLP,Aquathol K,5/12/2021,5/12/2021,23,Fish,505.758,99.78,505.76,234.78,46.32,3.2,4.547629499,9.796405145
2018-1159,Kanabec,Fish,33003600,2023,CLP,Aquathol K,5/21/2023,5/21/2023,17.2,Fish,505.758,99.78,505.76,234.78,46.32,3.2,3.400835973,7.326007326
2018-1159,Kanabec,Fish,33003600,2024,CLP,Aquathol K,5/5/2024,5/5/2024,16,Fish,505.758,99.78,505.76,234.78,46.32,3.2,3.163568347,6.814890536
2018-1228,Sherburne,Eagle,71006700,2020,CLP,Aquathol K,5/16/2020,5/16/2020,46.5,Eagle,319.487,70.24,319.49,158.06,34.75,7,14.55458282,29.4192079
2018-1380,Wright,Beebe,86002300,2022,EWM,Tribune,7/16/2022,7/16/2022,3.7,Beebe,179.487,58.99,179.49,162.18,53.3,12,2.061430633,2.281415711
2018-1459,Chisago,Goose,13008300,2023,EWM,"2,4-D Amine",7/6/2023,7/7/2023,51.1,Goose,731.77,50.56,370,50.56,370,15,6.98306845,101.068038
2018-1459,Chisago,Goose,13008300,2025,EWM,Weedar 64,7/10/2025,7/10/2025,51.1,Goose,731.77,50.56,370,50.56,370,15,6.98306845,101.068038
2018-1459,Chisago,Goose,13008302,2024,EWM,"2,4-D Amine",7/8/2024,7/8/2024,51.1,Goose (South Bay),210.628,47.08,210.63,210.63,47.08,15,24.26078204,24.26055168
2018-1512,Hennepin,Weaver,27011700,2020,CLP,Tribune,5/19/2020,5/19/2020,9.9,Weaver,73.243,48.16,73.24,66.34,43.62,11,13.51665006,14.9231233
2018-1512,Hennepin,Weaver,27011700,2022,CLP,Aquathol K,6/1/2022,6/1/2022,10.1,Weaver,73.243,48.16,73.24,66.34,43.62,11,13.78971369,15.22460054
2018-1664,Wright,West Sylvia,86027900,2020,CLP,Aquathol K,5/19/2020,5/19/2020,1.3,West Lake Sylvia,297.099,32.85,297.1,401.98,44.45,25,0.437564583,0.323399174
2018-1664,Wright,West Sylvia,86027900,2023,CLP,Aquathol K,5/26/2023,5/26/2023,3.57,West Lake Sylvia,297.099,32.85,297.1,401.98,44.45,25,1.201619662,0.888103886
2018-1864,Becker,Muskrat,3036000,2021,CLP,Tribune,5/26/2021,5/26/2021,8.9,Muskrat,64.175,95.61,64.18,64.18,95.61,15,13.86832879,13.86724836
2018-2165,Wright,West Sylvia,86027900,2023,EWM,Platoon,8/25/2023,8/25/2023,1.79,West Lake Sylvia,297.099,32.85,297.1,401.98,44.45,25,0.602492772,0.445295786
2018-2174,Wright,Maple,86013400,2020,EWM,ProcellaCOR EC,6/23/2020,6/23/2020,23.5,Maple,NA,NA,NA,NA,NA,NA,NA,NA
2018-2174,Wright,Maple,86013400,2021,EWM,ProcellaCOR EC,7/20/2021,7/20/2021,38.9,Maple,NA,NA,NA,NA,NA,NA,NA,NA
2018-2398,Cass,Townline,NA,2022,EWM,NA,8/25/2022,8/25/2022,1,Teal,NA,NA,NA,NA,NA,NA,NA,NA
2018-2398,Cass,Townline,NA,2022,EWM,NA,8/25/2022,8/25/2022,1,Townline,NA,NA,NA,NA,NA,NA,NA,NA
2018-2661,Morrison,Shamineau,49012700,2021,EWM,ProcellaCOR,9/22/2021,9/22/2021,14,Shamineau,630.542,43.23,630.54,717.49,49.19,18,2.220312049,1.951246707
2018-2938,Wright,Granite,86021700,2020,FR,Cide-Kick 2.5 Gal,7/9/2020,7/9/2020,0.1,Granite,118.179,33.47,118.18,87.98,24.92,11,0.084617402,0.113662196
2018-3528,Anoka,Crooked,2008400,2021,EWM,ProcellaCOR,9/27/2021,9/27/2021,11.3,Crooked,84.017,73.1,84.02,73.19,63.68,12,13.449659,15.43926766
2018-3528,Anoka,Crooked,2008400,2024,EWM,Sonar A.S.,4/11/2024,5/22/2024,230,Crooked,84.017,73.1,84.02,73.19,63.68,12,273.7541212,314.2505807
2019-0017,Crow Wing,Emily,18020300,2020,EWM,ProcellaCOR EC,10/2/2020,10/2/2020,11.3,Emily,720.621,99.85,720.62,720.62,99.85,15,1.568091965,1.568094141
2019-0018,Crow Wing,Mary,18018500,2020,EWM,ProcellaCOR,10/2/2020,10/2/2020,4.3,Mary,139.415,34.94,139.41,99.9,25.03,10,3.084316609,4.304304304
2019-0027,Le Sueur,Washington,40011700,2020,CLP,Aquathol K,5/6/2020,5/6/2020,80.7,Washington,1131.369,74.46,1131.37,1003.31,66.03,12,7.132951318,8.043376424
2019-0027,Le Sueur,Washington,40011700,2021,CLP,Aquathol K,5/11/2021,5/11/2021,80.7,Washington,1131.369,74.46,1131.37,1003.31,66.03,12,7.132951318,8.043376424
2019-0039,Kandiyohi,Henderson,34011600,2020,EWM,ProcellaCOR EC,7/10/2020,7/10/2020,3.1,Henderson,31.489,41.81,31.49,38,50.45,19,9.844707676,8.157894737
2019-0258,Otter Tail,Lida,56074702,2022,CLP,Aquathol K,6/2/2022,6/2/2022,5.5,South Lida,321.033,41.37,321.03,371.44,47.87,17,1.713219513,1.48072367
2019-0258,Otter Tail,South Lida,56074702,2020,CLP,Aquathol K,5/26/2020,5/26/2020,17.5,South Lida,321.033,41.37,321.03,371.44,47.87,17,5.451152997,4.711393496
2019-0258,Otter Tail,South Lida,56074702,2021,CLP,Aquathol K,6/3/2021,6/3/2021,13,South Lida,321.033,41.37,321.03,371.44,47.87,17,4.04942794,3.499892311
2019-0258,Otter Tail,South Lida,56074702,2025,CLP,FlumigardSC,5/22/2025,5/22/2025,22.4,South Lida,321.033,41.37,321.03,371.44,47.87,17,6.977475836,6.030583674
2019-0627,Morrison,Crookneck,49013300,2020,EWM,ProcellaCOR EC,10/8/2020,10/8/2020,0.86,Crookneck,144.835,79.12,144.83,144.83,79.12,15,0.593779128,0.593799627
2019-0880,Scott,Cleary,70002200,2020,CLP,Sonar A.S.,4/14/2020,5/6/2020,290,Cleary,144.743,99.02,144.74,130.59,89.34,7,200.3551122,222.0690711
2019-0880,Scott,Cleary,70002200,2021,CLP,Sonar A.S.,4/7/2021,4/7/2021,145,Cleary,144.743,99.02,144.74,130.59,89.34,7,100.1775561,111.0345356
2019-0880,Scott,Cleary,70002200,2022,CLP,Sonar A.S.,4/20/2022,4/20/2022,145,Cleary,144.743,99.02,144.74,130.59,89.34,7,100.1775561,111.0345356
2019-1039,Otter Tail,Long,56078400,2021,CLP,Tribune,5/26/2021,5/26/2021,6,Long,287.04,37.89,287.04,287.04,37.89,15,2.090301003,2.090301003
2019-1061,Scott,Upper Prior,70007200,2022,CLP,Tribune,5/19/2022,5/19/2022,7.28,Upper Prior,310.512,81.32,310.51,310.51,81.32,15,2.344514866,2.344529967
2019-1068,Morrison,Green Prairie Fish,49003500,2024,CLP,Aquathol K,4/30/2024,4/30/2024,5.5,Green Prairie Fish,92.988,50.96,92.99,62.61,34.31,10,5.914741687,8.784539211
2019-1068,Morrison,Green Prairie Fish,49003500,2025,CLP,FlumigardSC,5/8/2025,5/8/2025,5.81,Green Prairie Fish,92.988,50.96,92.99,62.61,34.31,10,6.248118037,9.279667785
2019-1137,Dakota,Rogers,19008000,2021,CLP,Tribune,5/25/2021,5/25/2021,14,Rogers,102.338,100,102.34,102.34,100,15,13.68015791,13.67989056
2019-1303,Washington,Shields,82016200,2020,CLP,Aquathol K,5/22/2020,5/22/2020,3.54,Shields,25.527,86.44,25.53,20.19,68.35,9,13.86766953,17.53343239
2019-1303,Washington,Shields,82016200,2021,CLP,Aquathol K,5/26/2021,5/26/2021,3.18,Shields,25.527,86.44,25.53,20.19,68.35,9,12.45739805,15.75037147
2019-1303,Washington,Shields,82016200,2022,CLP,Aquathol K,5/27/2022,5/27/2022,3.27,Shields,25.527,86.44,25.53,20.19,68.35,9,12.80996592,16.1961367
2019-1328,Washington,Long,82011800,2020,EWM,ProcellaCOR EC,5/21/2020,5/21/2020,8.32,Long,35.936,56.9,35.94,13.92,22.04,7,23.1522707,59.77011494
2019-1460,Chisago,Moody,13002300,2020,CLP,Aquathol K,5/22/2020,5/22/2020,3.11,Moody,45.33,48.53,22,48.53,22,15,6.860798588,6.408407171
2019-1554,Ramsey,Josephine,62005700,2022,CLP,Galleon SC,5/24/2022,5/24/2022,10,Josephine,78.88,69.36,78.88,75.84,66.68,14,12.67748479,13.18565401
2019-1554,Ramsey,Josephine,62005700,2024,CLP,Flumigard SC,4/15/2024,4/15/2024,8.15,Josephine,78.88,69.36,78.88,75.84,66.68,14,10.3321501,10.74630802
2019-1617,Hennepin,Minnetonka,27013300,2020,CLP,Tribune,5/15/2020,5/15/2020,18.9,Minnetonka,6032.044,36.61,6032.04,6032.04,36.61,15,0.313326627,0.313326835
2019-1617,Hennepin,Minnetonka,27013300,2020,EWM,Kammo Plus,7/10/2020,7/10/2020,3.49,Minnetonka,6032.044,36.61,6032.04,6032.04,36.61,15,0.057857668,0.057857707
2019-1617,Hennepin,Minnetonka,27013300,2025,CLP,Tribune,5/6/2025,5/6/2025,45.9,Minnetonka,6032.044,36.61,6032.04,6032.04,36.61,15,0.760936094,0.760936599
2019-1846,Becker,Curfman,3036300,2021,CLP,Aquathol K,5/26/2021,5/26/2021,7.9,Curfman,120.91,70.3,85,70.3,85,15,6.53378546,11.23755334
2019-1846,Becker,Curfman,3036300,2022,CLP,Aquathol K,6/3/2022,6/3/2022,7.2,Curfman,120.91,70.3,85,70.3,85,15,5.954842445,10.24182077
2019-2082,Chisago,Comfort,13005300,2022,EWM,Sonar A.S.,6/22/2022,7/28/2022,436,Comfort,88.031,40.41,88.03,53.41,24.52,7,495.2800718,816.3265306
2019-2135,Crow Wing,Upper South Long,18009600,2020,CLP,Aquathol K,5/26/2020,5/26/2020,4.7,Upper South Long,292.083,36.72,292.08,243.28,30.59,12,1.609131651,1.931930286
2019-2135,Crow Wing,Upper South Long,18009600,2020,EWM,Aquathol K,7/22/2020,7/22/2020,8.3,Upper South Long,292.083,36.72,292.08,243.28,30.59,12,2.841658022,3.411706675
2019-2135,Crow Wing,Upper South Long,18009600,2022,EWM,ProcellaCOR EC,10/4/2022,10/4/2022,1.9,Upper South Long,292.083,36.72,292.08,243.28,30.59,12,0.650500029,0.780993094
2019-2394,Wright,Waverly,86011400,2020,EWM,"2,4-D Amine",8/4/2020,8/4/2020,9.9,Waverly,146.751,30.05,146.75,107.78,22.07,9,6.74612098,9.185377621
2019-2394,Wright,Waverly,86011400,2021,EWM,Platoon,8/13/2021,8/13/2021,13.2,Waverly,146.751,30.05,146.75,107.78,22.07,9,8.994827974,12.24717016
2019-2512,Meeker,Erie,47006400,2022,EWM,ProcellaCOR EC,7/27/2022,7/27/2022,10,Erie,115.681,60.09,115.68,95.06,49.38,11.5,8.644461925,10.51967179
2019-3016,Isanti,Francis,30008000,2021,EWM,ProcellaCOR EC,8/25/2021,8/25/2021,3.08,Francis,270.419,99.85,270.42,24.52,9.05,2,1.138973223,12.56117455
2019-3016,Le Sueur,Frances,40005700,2023,EWM,"2,4-D Amine",8/24/2023,8/24/2023,11,Frances,568.074,65.11,568.07,484.78,55.56,12,1.936367445,2.269070506
2019-3106,Crow Wing,White Sand,18037900,2022,EWM,ProcellaCOR EC,8/4/2022,8/4/2022,3.1,White Sand,282.539,68.92,282.54,282.54,68.92,15,1.097193662,1.097189778
2019-3248,Isanti,Fannie,30004300,2020,EWM,"2,4-D Amine",8/10/2020,8/10/2020,3.2,Fannie,268.229,77.31,268.23,227.86,65.68,10,1.19301045,1.404371105
2019-3431,Douglas,Darling,21008000,2020,CLP,Aquathol K,5/15/2020,5/15/2020,9,Darling,553.886,52.75,553.89,553.89,52.75,15,1.624883099,1.624871364
2019-3431,Douglas,Darling,21008000,2022,CLP,Tribune,6/3/2022,6/3/2022,26,Darling,553.886,52.75,553.89,553.89,52.75,15,4.69410673,4.69407283
2020-0043,Anoka,Coon,2004200,2020,CLP,Tribune,5/13/2020,5/13/2020,29.11,Coon,1331.965,89.92,1331.96,1283.59,86.66,12,2.185492862,2.267858117
2020-0043,Anoka,Coon,2004200,2021,CLP,Tribune,5/5/2021,5/5/2021,26.2,Coon,1331.965,89.92,1331.96,1283.59,86.66,12,1.967018653,2.041150212
2020-0108,Meeker,Jennie,47001500,2020,CLP,Aquathol K,6/2/2020,6/2/2020,18,Jennie,1064.033,100,1064.03,440.02,41.35,8,1.691676856,4.090723149
2020-0120,Stearns,Knaus,73008600,2024,CLP,Schooner 51.0% WDG,4/30/2024,4/30/2024,11,Knaus,209.7,96.82,209.7,209.7,96.82,15,5.245588937,5.245588937
2020-0139,Crow Wing,Lower Cullen,18040300,2020,CLP,Aquathol K,5/19/2020,5/19/2020,22.05,Lower Cullen,201.248,35.94,201.25,236.16,42.17,17,10.95663062,9.336890244
2020-0139,Crow Wing,Lower Cullen,18040300,2025,CLP,FlumigardSC,5/14/2025,5/14/2025,8.6,Lower Cullen,201.248,35.94,201.25,236.16,42.17,17,4.273334393,3.641598916
2020-0140,Crow Wing,Middle Cullen,18015500,2020,CLP,Aquathol K,5/26/2020,5/26/2020,5.5,Crow Wing,202.023,54.14,202.02,152.86,40.97,12,2.722462294,3.598063588
2020-0140,Crow Wing,Middle Cullen,18037700,2020,CLP,Aquathol K,5/18/2020,5/19/2020,9.37,Middle Cullen,137.492,34.66,137.49,137.49,34.66,15,6.81494196,6.815041094
2020-0140,Crow Wing,Middle Cullen,18037700,2020,CLP,Aquathol Super K,5/19/2020,5/19/2020,3.8,Middle Cullen,137.492,34.66,137.49,137.49,34.66,15,2.763797166,2.76383737
2020-0140,Crow Wing,Middle Cullen,18037700,2021,CLP,Aquathol K,5/19/2021,5/19/2021,5.5,Middle Cullen,137.492,34.66,137.49,137.49,34.66,15,4.000232741,4.00029093
2020-0140,Crow Wing,Middle Cullen,18037700,2025,CLP,FlumigardSC,5/14/2025,5/14/2025,3.6,Middle Cullen,137.492,34.66,137.49,137.49,34.66,15,2.618334158,2.618372245
2020-0141,Crow Wing,Upper Cullen,18037600,2020,CLP,Aquathol K,5/18/2020,5/18/2020,10.81,Upper Cullen,232.78,53.57,232.78,212.02,48.79,13,4.643869748,5.098575606
2020-0141,Crow Wing,Upper Cullen,18037600,2021,CLP,Aquathol K,5/19/2021,5/19/2021,7.7,Upper Cullen,232.78,53.57,232.78,212.02,48.79,13,3.307844317,3.631732855
2020-0141,Crow Wing,Upper Cullen,18037600,2022,CLP,Aquathol K,5/26/2022,5/26/2022,12.8,Upper Cullen,232.78,53.57,232.78,212.02,48.79,13,5.498754189,6.037166305
2020-0141,Crow Wing,Upper Cullen,18037600,2025,CLP,FlumigardSC,5/14/2025,5/14/2025,8.6,Upper Cullen,232.78,53.57,232.78,212.02,48.79,13,3.69447547,4.056221111
2020-0145,Ramsey,Keller,62001002,2022,CLP,Tribune,6/7/2022,10/26/2022,11.9,Keller (main bay),73.316,95.55,73.32,73.32,95.55,15,16.23110917,16.23022368
2020-0147,Ramsey,Gervais,62000700,2022,CLP,Tribune,6/7/2022,6/7/2022,5.8,Gervais,94.423,40.18,94.42,63.87,27.18,7,6.142571196,9.080945671
2020-0148,Ramsey,Kohlman,62000600,2022,CLP,Tribune,6/7/2022,10/26/2022,15.9,Kohlman,82.899,100,82.9,44.19,53.3,4,19.17996598,35.98099117
2020-0172,Wright,Clearwater,86025200,2020,CLP,Aquathol K,5/15/2020,5/15/2020,27.3,Clearwater,3186.88,50.07,1595.6,50.07,1595.6,15,0.856637213,54.52366687
2020-0172,Wright,Clearwater,86025200,2021,CLP,Aquathol K,5/12/2021,5/12/2021,23.51,Clearwater,3186.88,50.07,1595.6,50.07,1595.6,15,0.73771212,46.95426403
2020-0177,Crow Wing,Clearwater,18003800,2020,EWM,ProcellaCOR EC,10/7/2020,10/7/2020,36.4,Clearwater,338.342,37.29,338.34,338.34,37.29,15,10.75834511,10.7584087
2020-0177,Crow Wing,Clearwater,18003800,2021,EWM,ProcellaCOR EC,9/30/2021,9/30/2021,0.54,Clearwater,338.342,37.29,338.34,338.34,37.29,15,0.159601823,0.159602766
2020-0181,Anoka,Rice,2000800,2020,CLP,Dibrox,5/19/2020,5/19/2020,23,Rice,371.217,100,371.22,371.22,100,15,6.195836936,6.195786865
2020-0181,Anoka,Rice,2000800,2021,CLP,Dibrox,5/10/2021,5/10/2021,23,Rice,371.217,100,371.22,371.22,100,15,6.195836936,6.195786865
2020-0181,Anoka,Rice,2000800,2022,CLP,Tribune,5/27/2022,5/27/2022,28.7,Rice,371.217,100,371.22,371.22,100,15,7.73132696,7.731264479
2020-0185,Crow Wing,South Long,18013600,2020,CLP,Aquathol K,5/21/2020,5/21/2020,7,South Long,451.446,34.79,451.45,312.38,24.07,10,1.550573047,2.24086049
2020-0185,Crow Wing,South Long,18013600,2021,CLP,Aquathol K,5/22/2021,5/22/2021,28,South Long,451.446,34.79,451.45,312.38,24.07,10,6.20229219,8.963441962
2020-0191,Anoka,Rice,2000800,2025,CLP,Diquat Herbicide,5/9/2025,5/9/2025,30,Rice,371.217,100,371.22,371.22,100,15,8.081526439,8.081461128
2020-0208,Itasca,McKinney,31037000,2020,EWM,"2,4-D Amine",9/18/2020,9/18/2020,10,McKinney,105.6,93.75,99,93.75,99,15,9.46969697,10.66666667
2020-0208,Itasca,McKinney,31037000,2022,EWM,Captain,9/12/2022,9/12/2022,14.63,McKinney,105.6,93.75,99,93.75,99,15,13.85416667,15.60533333
2020-0211,Hennepin,Minnetonka,27013300,2020,EWM,Kammo Plus,7/13/2020,7/13/2020,21.29,Minnetonka,6032.044,36.61,6032.04,6032.04,36.61,15,0.352948354,0.352948588
2020-0211,Hennepin,Minnetonka,27013300,2021,EWM,ProcellaCOR EC,6/26/2021,7/16/2021,12,Minnetonka,6032.044,36.61,6032.04,6032.04,36.61,15,0.198937541,0.198937673
2020-0211,Hennepin,Minnetonka,27013305,2022,EWM,ProcellaCOR EC,7/25/2022,7/25/2022,4,Minnetonka-Upper Lake,1699.304,37.59,1699.3,1699.3,37.59,15,0.235390489,0.235391043
2020-0212,Winona,Winona,85001100,2020,CLP,Aquathol K,5/27/2020,5/27/2020,11.85,Winona,308.43,90.13,278,90.13,278,15,3.842038712,13.14767558
2020-0903,Anoka,Centerville,2000600,2021,CLP,Tribune,5/12/2021,5/12/2021,40.64,Centerville,288.639,60.89,288.64,157.56,33.24,8,14.0798714,25.79334857
2020-0903,Anoka,Centerville,2000600,2022,CLP,Diquat Herbicide,5/17/2022,5/17/2022,40.76,Centerville,288.639,60.89,288.64,157.56,33.24,8,14.12144582,25.86951003
2020-0903,Anoka,Centerville,2000600,2022,CLP,Tribune,5/16/2023,5/16/2023,40.81,Centerville,288.639,60.89,288.64,157.56,33.24,8,14.1387685,25.90124397
2020-0903,Anoka,Centerville,2000600,2024,CLP,Diquat Herbicide,4/15/2024,4/15/2024,42.49,Centerville,288.639,60.89,288.64,157.56,33.24,8,14.72081042,26.96750444
2020-0924,Todd,Little Birch,77008900,2025,CLP,FlumigardSC,5/13/2025,5/13/2025,2.7,Little Birch,271.937,32.44,271.94,265.51,31.68,14,0.992877027,1.016910851
2020-1556,Carver,Oak,10009300,2021,EWM,Tribune,5/13/2021,5/13/2021,24.9,Oak,360.466,98.03,360.47,180.39,49.05,4,6.907725,13.80342591
2020-1556,Carver,Oak,10009300,2025,EWM,Sonar A.S.,4/16/2025,5/8/2025,740,Oak,360.466,98.03,360.47,180.39,49.05,4,205.2898193,410.2222961
2020-2645,Stearns,Lower Spunk,73012300,2020,EWM,"2,4-D Amine",8/20/2020,8/20/2020,9.9,Lower Spunk,129.342,72.23,129.34,129.34,72.23,15,7.65412627,7.654244627
2020-2645,Stearns,Lower Spunk,73012300,2021,EWM,Platoon,8/9/2021,8/9/2021,5.18,Lower Spunk,129.342,72.23,129.34,129.34,72.23,15,4.004886271,4.004948199
2020-3342,Isanti,Florence,30003500,2021,CLP,Dibrox,5/6/2021,5/6/2021,15.6,Florence,120.203,88.59,120.2,120.2,88.59,15,12.97804547,12.97836938
2020-3342,Isanti,Florence,30003500,2022,CLP,Tribune,5/23/2022,5/23/2022,15,Florence,120.203,88.59,120.2,120.2,88.59,15,12.47888988,12.47920133
2020-3343,Isanti,Elms,30003600,2021,CLP,Dibrox,5/6/2021,5/6/2021,4.59,Elms,41.802,81.01,40.8,38.02,10,10,10.98033587,12.07259337
2020-3343,Isanti,Elms,30003600,2024,CLP,Diquat Herbicide,4/29/2024,4/29/2024,5,Elms,41.802,81.01,40.8,38.02,10,10,11.96115018,13.15097317
2021-0006,Douglas,Irene,21007600,2022,CLP,Galleon SC,5/24/2022,5/24/2022,164,Irene,240.379,37.68,240.38,240.38,37.68,15,68.22559375,68.22530993
2021-0081,Wright,Wilhelm,86002000,2022,CLP,Aquathol K,5/17/2022,5/17/2022,10.64,Wilhelm,106.728,98.34,106.73,106.73,98.34,15,9.969267671,9.969080858
2021-0100,Wright,Dean,86004100,2021,CLP,Aquathol K,4/28/2021,4/28/2021,9.6,Dean,126.941,72.22,126.94,39.76,22.62,5,7.562568437,24.14486922
2021-0100,Wright,Dean,86004100,2021,CLP,Tribune,5/2/2021,5/2/2021,6,Dean,126.941,72.22,126.94,39.76,22.62,5,4.726605273,15.09054326
2021-0311,Renville,Allie,65000600,2021,CLP,Aquathol K,5/5/2021,5/16/2023,12.162,Allie,509.119,100,509.12,509.12,100,15,2.388832473,2.388827781
2021-0312,Renville,Preston,65000200,2021,CLP,Aquathol K,5/5/2021,5/5/2021,13,Preston,660.847,99.49,660.85,82.04,12.35,4,1.967172432,15.84592882
2021-0312,Renville,Preston,65000200,2022,CLP,Aquathol K,5/23/2022,5/23/2022,8,Preston,660.847,99.49,660.85,82.04,12.35,4,1.21056765,9.751340809
2021-0371,Hennepin,Twin,27004203,2021,EWM,Captain,7/22/2021,7/22/2021,1.72,Lower Twin,26.604,81.12,26.6,26.6,81.12,15,6.465193204,6.466165414
2021-0388,Meeker,Minnie-Belle,47011900,2021,CLP,Aquathol K,5/11/2021,5/11/2021,3.5,Minnie-Belle,175.764,30.43,175.76,216.58,37.5,20,1.991306525,1.616031028
2021-0389,Meeker,Minnie-Belle,47011900,2022,EWM,ProcellaCOR EC,7/29/2022,7/29/2022,41.2,Minnie-Belle,175.764,30.43,175.76,216.58,37.5,20,23.44052252,19.02299381
2021-0413,Dakota,Byllesby,19000600,2022,CLP,Tribune,6/1/2022,6/1/2022,65.26,Byllesby,935.968,67.68,935.97,935.97,67.68,15,6.972460597,6.972445698
2021-0413,Dakota,Byllesby,19000600,2023,CLP,Tribune,5/31/2023,5/31/2023,30.23,Byllesby,935.968,67.68,935.97,935.97,67.68,15,3.229811276,3.229804374
2021-0413,Dakota,Byllesby,19000600,2025,CLP,FlumigardSC,5/30/2025,5/30/2025,29.06,Byllesby,935.968,67.68,935.97,935.97,67.68,15,3.104807002,3.104800368
2021-0430,Hennepin,Teal,NA,2021,CLP,Tribune,5/14/2021,5/14/2021,1.28,Teal,NA,NA,NA,NA,NA,NA,NA,NA
2021-0430,Hennepin,Teal,NA,2021,CLP,Tribune,5/14/2021,5/14/2021,1.28,Townline,NA,NA,NA,NA,NA,NA,NA,NA
2021-0437,Meeker,Jennie,47001500,2021,CLP,Diquat SPC 2 L,5/19/2021,5/19/2021,115,Jennie,1064.033,100,1064.03,440.02,41.35,8,10.80793547,26.13517567
2021-0451,Todd,Osakis,77021500,2021,CLP,Aquathol K,5/28/2021,5/28/2021,33.56,Osakis,3389.006,53.53,3389.01,2855.78,45.11,12,0.990260861,1.175160552
2021-0460,Sherburne,Elk,71014100,2022,EWM,ProcellaCOR,7/15/2022,NA,10.4,Elk,356.882,100,356.88,48.04,13.46,2,2.914128479,21.64862614
2021-0465,Ramsey,Johanna,62007800,2021,CLP,Tribune,5/12/2021,5/12/2021,12.3,Johanna,92.929,43.92,92.93,68.06,32.17,10,13.23591129,18.07228916
2021-0466,Stearns,Rice,73019600,2021,CLP,Aquathol K,5/13/2021,5/13/2021,2,Rice,832.554,57.23,832.55,787.7,54.15,13,0.240224658,0.25390377
2021-0466,Stearns,Rice,73019600,2021,CLP,Tribune,5/13/2021,5/13/2021,5.8,Rice,832.554,57.23,832.55,787.7,54.15,13,0.696651508,0.736320934
2021-0466,Stearns,Rice,73019600,2022,CLP,Aquathol K,5/23/2022,5/23/2022,16.4,Rice,832.554,57.23,832.55,787.7,54.15,13,1.969842196,2.082010918
2021-0483,Wright,Martha,86000900,2021,CLP,Aquathol K,4/28/2021,4/28/2021,8,Martha,71.046,75.75,71.05,57.66,61.48,9,11.26031022,13.87443635
2021-0483,Wright,Martha,86000900,2022,CLP,Aquathol K,5/11/2022,5/11/2022,10,Martha,71.046,75.75,71.05,57.66,61.48,9,14.07538778,17.34304544
2021-0484,Waseca,Clear,81001401,2021,EWM,"2,4-D Amine",6/22/2021,6/22/2021,56.8,Clear,563.674,86.89,563.67,215.16,33.16,8,10.07674649,26.39895891
2021-1320,Blue Earth,Ballantyne,7005400,2021,EWM,"2,4-D Amine",7/5/2021,7/5/2021,27.8,Ballantyne,328.587,88.06,328.59,294.31,78.88,9,8.460468613,9.445822432
2021-1772,Hennepin,Minnetonka,27013301,2021,CLP,Tribune,5/24/2021,5/24/2021,18.26,Minnetonka-Grays Bay,164.537,87.58,164.54,164.54,87.58,15,11.09780779,11.09760545
2021-1772,Hennepin,Minnetonka,27013301,2025,CLP,Tribune,5/13/2025,5/13/2025,27,Minnetonka-Grays Bay,164.537,87.58,164.54,164.54,87.58,15,16.40968293,16.40938374
2021-2453,Crow Wing,Crooked,18004100,2023,EWM,ProcellaCOR EC,10/10/2023,10/10/2023,1.8,Crooked,462.68,50.57,234,50.57,234,15,0.38903778,3.559422583
2021-2453,Crow Wing,Crooked,18004100,2025,EWM,ProcellaCOR EC,9/17/2025,9/17/2025,1.17,Crooked,462.68,50.57,234,50.57,234,15,0.252874557,2.313624679
2021-3343,Scott,Spring,70005400,2022,EWM,ProcellaCOR,8/19/2022,8/19/2022,5.05,Spring,282.826,47.87,282.83,282.83,47.87,15,1.785550126,1.785524874
2021-3343,Scott,Spring,70005400,2022,EWM,ProcellaCOR EC,6/17/2022,6/17/2022,14.05,Spring,282.826,47.87,282.83,282.83,47.87,15,4.967718668,4.967648411
2022-0173,Chisago,Kroon,13001300,2022,EWM,Weedar 64,6/22/2022,6/22/2022,12.94,Kroon,140.317,77.34,140.32,112.56,62.04,8,9.221975954,11.49609097
2022-0173,Chisago,Kroon,13001300,2024,EWM,Weedar 64,6/3/2024,6/3/2024,20.1,Kroon,140.317,77.34,140.32,112.56,62.04,8,14.32470763,17.85714286
2022-0175,Chisago,Chisago,13001200,2022,CLP,Weedar 64,6/22/2022,6/22/2022,11.95,Chisago,943.96,73.57,694.5,73.57,694.5,15,1.265943472,16.24303385
2022-0175,Chisago,Chisago,13001200,2024,EWM,Weedar 64,6/24/2024,6/24/2024,88.8,Chisago,943.96,73.57,694.5,73.57,694.5,15,9.40717827,120.7013728
2022-0176,Rice,Circle,66002700,2022,CLP,Aquathol K,5/18/2022,5/18/2022,17.2,Circle,837.563,88.95,837.56,482.28,51.22,6,2.053576865,3.566392967
2022-0180,Le Sueur,German,40006300,2022,CLP,Aquathol K,5/24/2022,5/24/2022,22.5,German,522.414,65.99,522.41,406.38,51.33,12,4.306928987,5.536689798
2022-0242,Wadena,Blueberry,80003400,2022,CLP,Galleon SC,6/10/2022,6/10/2022,25,Blueberry,532.532,100,532.53,532.53,100,15,4.694553567,4.694571198
2022-0248,Waseca,Clear,81001401,2022,EWM,Sonar A.S.,6/14/2022,7/18/2022,1296,Clear,563.674,86.89,563.67,215.16,33.16,8,229.9201311,602.3424428
2022-0315,Crow Wing,Edward,18030500,2022,CLP,Aquathol K,6/1/2022,6/1/2022,16,Edward,1397.324,54.24,1397.32,1397.32,54.24,15,1.145045816,1.145049094
2022-0318,Washington,Colby,82009400,2022,CLP,Sonar A.S.,10/5/2022,11/2/2022,141.88,Colby,70.94,97.08,68.87,97.08,68.87,15,200,146.1475072
2022-0321,Washington,Markgrafs,82008900,2022,CLP,Tribune,5/11/2023,5/11/2023,6.89,Markgrafs,NA,NA,NA,NA,NA,NA,NA,NA
2022-0322,Washington,Ravine,82008700,2022,CLP,Sonar A.S.,10/5/2022,4/25/2023,81.36,Unnamed,18.626,97.15,18.63,18.63,97.15,15,436.8087619,436.7149758
2022-0338,Douglas,Lobster,21014400,2022,CLP,Tribune,6/15/2022,6/15/2022,6.4,Lobster,1334.25,51.91,692.67,51.91,692.67,15,0.479670227,12.32903102
2022-0338,Douglas,Lobster,21014400,2025,CLP,Diquat Herbicide,5/25/2025,5/25/2025,5.6,Lobster,1334.25,51.91,692.67,51.91,692.67,15,0.419711448,10.78790214
2022-0347,Hennepin,Minnetonka,27013305,2022,CLP,Tribune,6/1/2022,6/1/2022,30.13,Minnetonka-Upper Lake,1699.304,37.59,1699.3,1699.3,37.59,15,1.773078861,1.773083034
2022-0350,Hennepin,Minnetonka,27013302,2022,EWM,Tribune,6/1/2022,6/1/2022,52.3,Minnetonka-Lower Lake,2059.409,32.94,2059.41,2059.41,32.94,15,2.539563535,2.539562302
2022-0385,Hennepin,Staring,27007800,2022,CLP,Sonar A.S.,5/11/2022,6/10/2022,195,Staring,156.217,95.05,156.22,147.75,89.9,12,124.8263633,131.9796954
2022-0400,Anoka,Peltier,2000400,2022,CLP,Diquat Herbicide,5/17/2022,5/17/2022,36.51,Peltier,514.793,85.01,514.79,373.01,61.6,9.9,7.092171028,9.787941342
2022-1398,Rice,French,66003800,2022,EWM,"2,4-D Amine",7/25/2022,7/25/2022,10.97,French,379.026,43.28,379.03,291.71,33.31,12,2.894260552,3.760584142
2022-1832,Faribault,Bass,22007400,2023,CLP,Semera,5/26/2023,5/26/2023,6.67,Bass,152.236,77.04,152.24,86.68,43.87,9,4.381355264,7.694970005
2022-1832,Faribault,Bass,22007400,2025,CLP,FlumigardSC,5/8/2025,5/8/2025,17.3,Bass,152.236,77.04,152.24,86.68,43.87,9,11.36393494,19.95846793
2022-1986,Ramsey,Owasso,62005600,2024,CLP,Sonar A.S.,3/21/2024,8/14/2024,1499.6,Owasso,284.178,76.05,284.18,257.72,68.97,10.5,527.6974291,581.8717989
2022-1986,Ramsey,Owasso,62005600,2025,EWM,Triclopyr 3,8/11/2025,8/11/2025,8.95,Owasso,284.178,76.05,284.18,257.72,68.97,10.5,3.149434509,3.472761136
2022-2614,Crow Wing,Hanks,18004400,2023,EWM,ProcellaCOR EC,10/11/2023,10/11/2023,0.5,Hanks,48.08,29.28,48.08,48.08,29.28,15,1.039933444,1.039933444
2022-2615,Crow Wing,Portage,18005000,2023,EWM,ProcellaCOR EC,10/10/2023,10/10/2023,1.5,Portage,116.206,40.69,116.21,116.21,40.69,15,1.290811146,1.290766715
2023-0167,Meeker,Jennie,47001500,2024,CLP,Aquathol K,5/9/2024,5/9/2024,32.2,Jennie,1064.033,100,1064.03,440.02,41.35,8,3.026221931,7.317849189
2023-0301,Douglas,Andrew,21008500,2024,CLP,Semera,5/8/2024,5/8/2024,39.8,Andrew,322.666,35.14,322.67,345.58,37.63,17,12.33473623,11.51687019
2023-0301,Douglas,Andrew,21008500,2025,CLP,Flumigard,5/22/2025,5/22/2025,32.3,Andrew,322.666,35.14,322.67,345.58,37.63,17,10.01035126,9.346605706
2023-0381,Chisago,Rabour,13007900,2023,EWM,ProcellaCOR EC,7/27/2023,7/27/2023,1.9,Rabour,37.816,73.3,37.82,31.96,61.94,12,5.024328327,5.944931164
2023-0468,Waseca,Clear,81001401,2023,CLP,Aquathol K,5/9/2023,5/9/2023,74.4,Clear,563.674,86.89,563.67,215.16,33.16,8,13.19911864,34.57891801
2023-1190,Chisago,Mandall,13007400,2023,EWM,ProcellaCOR EC,7/24/2023,7/24/2023,0.5,Mandall,33.287,71.11,33.29,23.48,50.15,9,1.502087902,2.129471891
2023-1190,Chisago,Mandall,13007400,2025,EWM,ProcellaCOR EC,7/10/2025,7/10/2025,0.5,Mandall,33.287,71.11,33.29,23.48,50.15,9,1.502087902,2.129471891
2023-2342,Kandiyohi,Long,34006600,2024,SSW,Komeen Descend,8/7/2024,10/1/2024,1.02,Long,154.016,47.62,154.02,213.6,66.04,24,0.662268855,0.47752809
2023-2655,Hubbard,Long,29016100,2024,SSW,Hydrothol 191,8/6/2024,8/6/2024,0.5,Long,698.842,36.28,698.84,698.84,36.28,15,0.07154693,0.071547135
2023-2655,Hubbard,Long,29016100,2024,SSW,Komeen Descend,10/2/2024,6/20/2025,0.75,Long,698.842,36.28,698.84,698.84,36.28,15,0.107320396,0.107320703
2023-2720,Wright,Clearwater,86025200,2024,SSW,Mizzen,7/26/2024,10/10/2024,17.6,Clearwater,3186.88,50.07,1595.6,50.07,1595.6,15,0.552264284,35.1507889
2024-0112,Kandiyohi,Norway,34025100,2025,CLP,FlumigardSC,4/29/2025,4/29/2025,15.6,Norway,2106.345,90.83,2106.35,2149.69,92.7,16,0.740619414,0.725686029
2024-0113,Kandiyohi,Games,34022400,2025,CLP,FlumigardSC,4/29/2025,4/29/2025,28.3,Games,247.819,47.56,247.82,267.21,51.28,16,11.41962481,10.590921
2024-0169,Hennepin,Holiday,27009000,2025,CLP,Galleon SC,4/30/2025,4/30/2025,4.2,Holiday,NA,NA,NA,NA,NA,NA,NA,NA
2025-0025,Becker,Island,3015300,2025,CLP,FlumigardSC,5/7/2025,5/7/2025,6.85,Island,482.53,40.91,482.53,422.26,35.8,12,1.419600854,1.622223275
2025-0088,Douglas,Cowdry,NA,2025,CLP,FlumigardSC,5/22/2025,5/22/2025,8.4,Teal,NA,NA,NA,NA,NA,NA,NA,NA
2025-0088,Douglas,Cowdry,NA,2025,CLP,FlumigardSC,5/22/2025,5/22/2025,8.4,Townline,NA,NA,NA,NA,NA,NA,NA,NA
2025-0951,Crow Wing,Middle Cullen,18037700,2025,SSW,Komeen Descend,6/9/2025,6/9/2025,3,Middle Cullen,137.492,34.66,137.49,137.49,34.66,15,2.181945131,2.181976871
2025-1273,Sherburne,Thompson,71009600,2025,CLP,Tribune,5/9/2025,5/9/2025,5.09,Thompson,55.358,65.63,55.36,55.36,65.63,15,9.19469634,9.194364162
2025-1371,Le Sueur,Gorman,40003200,2025,CLP,Aquathol K,5/2/2025,5/2/2025,36.2,Gorman,521.104,100,521.1,102.45,19.66,4,6.946789892,35.33430942
2025-2868,Dakota,Byllesby,19000600,2025,FR,Tribune,8/26/2025,8/26/2025,2,Byllesby,935.968,67.68,935.97,935.97,67.68,15,0.213682519,0.213682062
NA,Aitkin,Cedar,1020900,2024,CLP,Semera,4/29/2024,4/29/2024,0.7,Cedar,1725.8,23.47,405,23.47,405,15,0.040560899,2.98253089
NA,Anoka,George,2009100,2020,EWM,Dibrox,5/11/2020,5/11/2020,51.4,George,383.264,78.66,383.26,383.26,78.66,15,13.41112132,13.41126128
NA,Anoka,George,2009100,2022,CLP,Tribune,5/31/2023,NA,39.81,George,383.264,78.66,383.26,383.26,78.66,15,10.3870961,10.38720451
NA,Anoka,George,2009100,2022,EWM,Tribune,5/31/2023,NA,39.81,George,383.264,78.66,383.26,383.26,78.66,15,10.3870961,10.38720451
NA,Anoka,George,2009100,2024,CLP,Dibrox,5/20/2024,5/20/2024,37.1,George,383.264,78.66,383.26,383.26,78.66,15,9.680011689,9.680112717
NA,Anoka,Rice,2000800,2022,CLP,Tribune,5/8/2023,5/8/2023,36,Rice,371.217,100,371.22,371.22,100,15,9.697831726,9.697753354
NA,Anoka,Rice,2000800,2024,CLP,Dibrox,4/9/2024,4/9/2024,13.5,Rice,371.217,100,371.22,371.22,100,15,3.636686897,3.636657508
NA,Becker,Melissa,3047500,2023,CLP,Semera,5/20/2024,5/20/2024,11.3,Melissa,899.472,48.59,899.47,1192.62,64.43,22,1.256292581,0.947493753
NA,Becker,Sallie,3035900,2024,CLP,Semera,5/20/2024,5/20/2024,26.2,Sallie,576.81,45.32,576.81,737.81,57.96,21,4.542223609,3.551049728
NA,Becker,Toad,3010700,2024,CLP,Diquat Herbicide,5/29/2024,5/29/2024,74.4,Toad,557.907,32.75,557.91,733.76,43.07,20,13.33555593,10.13955517
NA,Becker,Upper Cormorant,3058800,2024,CLP,Semera,5/23/2024,5/23/2024,20.1,Upper Cormorant,522.844,55.51,522.84,894.77,95,22,3.844358929,2.24638734
NA,Blue Earth,Duck,7005300,2020,CLP,Dibrox,5/6/2020,5/6/2020,16.5,Duck,247.129,85.1,247.13,147.19,50.68,10,6.676674935,11.21000068
NA,Carver,Lotus,10000600,2024,CLP,Sonar A.S.,4/29/2024,4/29/2024,245,Lotus,182.41,74.38,182.41,69.45,28.32,5,134.3128118,352.7717783
NA,Carver,Lotus,10000600,2024,EWM,Sonar A.S.,4/29/2024,4/29/2024,245,Lotus,182.41,74.38,182.41,69.45,28.32,5,134.3128118,352.7717783
NA,Carver,Minnewashta,10000900,2024,CLP,Dibrox,4/10/2024,4/10/2024,42.3,Minnewashta,337.891,50.21,337.89,330.74,49.15,14,12.51883004,12.78950233
NA,Carver,Minnewashta,10000900,2024,EWM,Dibrox,4/10/2024,4/10/2024,42.3,Minnewashta,337.891,50.21,337.89,330.74,49.15,14,12.51883004,12.78950233
NA,Chisago,Comfort,13005300,2022,EWM,Sonar A.S.,9/20/2022,NA,218,Comfort,88.031,40.41,88.03,53.41,24.52,7,247.6400359,408.1632653
NA,Chisago,Green,13004100,2021,CLP,Aquathol K,5/11/2021,5/11/2021,42.11,Green,1809.49,67.86,1228,67.86,1228,15,2.32717506,62.0542293
NA,Chisago,Green,13004100,2021,EWM,Aquathol K,5/11/2021,5/11/2021,42.11,Green,1809.49,67.86,1228,67.86,1228,15,2.32717506,62.0542293
NA,Chisago,Mandall,13007400,2024,EWM,ProcellaCOR EC,7/26/2024,7/26/2024,0.5,Mandall,33.287,71.11,33.29,23.48,50.15,9,1.502087902,2.129471891
NA,Chisago,North Center,13003200,2024,CLP,Aquathol K,4/24/2024,4/24/2024,21.25,North Center,NA,NA,NA,NA,NA,NA,NA,NA
NA,Chisago,North Center,13003200,2024,EWM,Aquathol K,4/24/2024,4/24/2024,21.25,North Center,NA,NA,NA,NA,NA,NA,NA,NA
NA,Chisago,Rush,13006901,2022,CLP,Semera,5/31/2023,5/31/2023,37.95,East Rush,1136.436,76.56,1136.44,722.01,48.64,8,3.339387348,5.256159887
NA,Chisago,Rush,13006902,2023,CLP,ProcellaCOR EC,8/9/2023,8/9/2023,6.05,West Rush,902.792,54.96,902.79,692,42.13,10,0.670143289,0.874277457
NA,Chisago,Rush,13006902,2023,CLP,Semera,5/31/2023,5/31/2023,32.68,West Rush,902.792,54.96,902.79,692,42.13,10,3.619881434,4.722543353
NA,Chisago,Rush,13006902,2023,EWM,ProcellaCOR EC,8/9/2023,8/9/2023,6.05,West Rush,902.792,54.96,902.79,692,42.13,10,0.670143289,0.874277457
NA,Chisago,Rush,13006902,2023,EWM,Semera,5/31/2023,5/31/2023,32.68,West Rush,902.792,54.96,902.79,692,42.13,10,3.619881434,4.722543353
NA,Crow Wing,Bay,18003400,2020,EWM,Diquat Herbicide,6/22/2020,6/22/2020,4.86,Bay,878.981,37.89,878.98,1019.35,43.94,19,0.552912975,0.476774415
NA,Crow Wing,Crow Wing,18015500,2021,CLP,Aquathol K,5/18/2021,5/18/2021,16.4,Crow Wing,202.023,54.14,202.02,152.86,40.97,12,8.117887567,10.72877142
NA,Crow Wing,Crow Wing,18015500,2022,CLP,Aquathol K,5/15/2023,5/15/2023,19.9,Crow Wing,202.023,54.14,202.02,152.86,40.97,12,9.850363572,13.01844825
NA,Crow Wing,Crow Wing,18015500,2024,CLP,Aquathol K,5/8/2024,5/8/2024,24,Crow Wing,202.023,54.14,202.02,152.86,40.97,12,11.87983546,15.70064111
NA,Crow Wing,Mary,18018500,2024,EWM,ProcellaCOR EC,10/3/2024,10/3/2024,1.2,Mary,139.415,34.94,139.41,99.9,25.03,10,0.860739519,1.201201201
NA,Crow Wing,Mayo,18040800,2022,CLP,Aquathol K,5/23/2023,5/23/2023,3.7,Mayo,156.391,94.55,156.39,146.76,88.73,12,2.365865043,2.521122922
NA,Crow Wing,Ruth,18021200,2024,EWM,ProcellaCOR EC,9/23/2024,9/23/2024,8.9,Ruth,207.076,34.56,207.08,260.02,43.4,20,4.297938921,3.42281363
NA,Crow Wing,South Long,18013600,2022,CLP,Aquathol K,5/16/2023,5/16/2023,41.93,South Long,451.446,34.79,451.45,312.38,24.07,10,9.287932555,13.42275434
NA,Crow Wing,White Sand,18037900,2024,EWM,ProcellaCOR EC,7/19/2024,7/19/2024,14,White Sand,282.539,68.92,282.54,282.54,68.92,15,4.95506815,4.955050612
NA,Douglas,Darling,21008000,2020,CLP,Aquathol K,5/13/2020,5/13/2020,5,Darling,553.886,52.75,553.89,553.89,52.75,15,0.902712833,0.902706314
NA,Douglas,Mary,21009200,2024,CLP,Aquathol K,5/14/2024,5/14/2024,32,Mary,1096.448,44.75,1096.45,1943.19,79.3,22,2.91851506,1.646776692
NA,Hennepin,Hadley,27010900,2023,CLP,Sonar A.S.,4/25/2023,4/3/2024,74,Hadley,NA,NA,NA,NA,NA,NA,NA,NA
NA,Hennepin,Minnetonka,27013300,2024,FR,Tribune,8/20/2024,6/23/2025,37.86,Minnetonka,6032.044,36.61,6032.04,6032.04,36.61,15,0.627647942,0.627648358
NA,Hennepin,Minnetonka,27013312,2024,CLP,Tribune,5/28/2024,5/28/2024,16.68,Minnetonka-Stubbs Bay,111.495,55.95,111.49,111.49,55.95,15,14.96031212,14.96098305
NA,Hennepin,Minnetonka,27013312,2024,EWM,Tribune,5/28/2024,5/28/2024,16.68,Minnetonka-Stubbs Bay,111.495,55.95,111.49,111.49,55.95,15,14.96031212,14.96098305
NA,Hennepin,Minnetonka,27013314,2023,CLP,Tribune,4/30/2024,4/30/2024,42.5,Minnetonka-West Arm,537.829,65.33,537.83,537.83,65.33,15,7.902139899,7.902125207
NA,Hennepin,Minnetonka,27013314,2023,EWM,Tribune,4/30/2024,4/30/2024,42.5,Minnetonka-West Arm,537.829,65.33,537.83,537.83,65.33,15,7.902139899,7.902125207
NA,Hennepin,Mitchell,27007000,2024,CLP,FlumigardSC,5/1/2024,5/1/2024,13.9,Mitchell,110.617,97.1,110.62,110.62,97.1,15,12.56588047,12.56553969
NA,Hennepin,Sarah,27019101,2023,CLP,Tribune,6/23/2023,5/8/2024,22.9,West Sarah,242.6,67.83,242.6,242.6,67.83,15,9.43940643,9.43940643
NA,Hennepin,Sarah,27019101,2023,EWM,Tribune,6/23/2023,5/8/2024,22.9,West Sarah,242.6,67.83,242.6,242.6,67.83,15,9.43940643,9.43940643
NA,Hennepin,Schmidt,27010200,2022,EWM,Sonar A.S.,8/30/2022,NA,0,Schmidt,41.24,92.34,41.24,41.24,92.34,15,0,0
NA,Hennepin,Twin,27004203,2021,CLP,Aquathol K,5/10/2021,5/10/2021,11.84,Lower Twin,26.604,81.12,26.6,26.6,81.12,15,44.50458578,44.5112782
NA,Hennepin,Weaver,27011700,2022,CLP,Semera,5/31/2023,5/31/2023,8.77,Weaver,73.243,48.16,73.24,66.34,43.62,11,11.9738405,13.21977691
NA,Isanti,Fannie,30004300,2021,EWM,Aquathol K,5/7/2021,5/7/2021,27.9,Fannie,268.229,77.31,268.23,227.86,65.68,10,10.40155986,12.24436057
NA,Isanti,Fannie,30004300,2022,CLP,Aquathol K,5/26/2023,5/26/2023,12.28,Fannie,268.229,77.31,268.23,227.86,65.68,10,4.578177602,5.389274116
NA,Isanti,Fannie,30004300,2022,CLP,Tribune,8/18/2022,8/18/2022,6.6,Fannie,268.229,77.31,268.23,227.86,65.68,10,2.460584053,2.896515404
NA,Isanti,Fannie,30004300,2022,EWM,Aquathol K,5/26/2023,5/26/2023,12.28,Fannie,268.229,77.31,268.23,227.86,65.68,10,4.578177602,5.389274116
NA,Isanti,Fannie,30004300,2022,EWM,Tribune,8/18/2022,8/18/2022,6.6,Fannie,268.229,77.31,268.23,227.86,65.68,10,2.460584053,2.896515404
NA,Isanti,Florence,30003500,2021,CLP,Dibrox,5/6/2021,5/6/2021,15.6,Florence,120.203,88.59,120.2,120.2,88.59,15,12.97804547,12.97836938
NA,Isanti,Florence,30003500,2022,CLP,Tribune,5/22/2023,5/22/2023,0,Florence,120.203,88.59,120.2,120.2,88.59,15,0,0
NA,Isanti,Francis,30008000,2021,CLP,Aquathol K,5/5/2021,5/5/2021,13.02,Francis,270.419,99.85,270.42,24.52,9.05,2,4.814750443,53.0995106
NA,Isanti,Francis,30008000,2022,CLP,Aquathol K,5/15/2023,5/15/2023,39.7,Francis,270.419,99.85,270.42,24.52,9.05,2,14.68092109,161.908646
NA,Isanti,Skogman,30002200,2024,CLP,Dibrox,4/29/2024,4/29/2024,10,Skogman,129.77,58.78,129.77,96.09,43.52,9.1,7.705941281,10.40691019
NA,Isanti,Skogman,30002200,2024,EWM,Dibrox,4/29/2024,4/29/2024,10,Skogman,129.77,58.78,129.77,96.09,43.52,9.1,7.705941281,10.40691019
NA,Kanabec,Knife,33002800,2022,CLP,Aquathol K,5/23/2023,5/23/2023,50.3,Knife,1259.215,100,1259.21,177.06,14.06,5,3.994552161,28.40844911
NA,Le Sueur,Frances,40005700,2021,EWM,ProcellaCOR,8/25/2021,8/25/2021,3.08,Frances,568.074,65.11,568.07,484.78,55.56,12,0.542182885,0.635339742
NA,Le Sueur,Jefferson,40009204,2022,CLP,Aquathol K,5/9/2023,5/9/2023,18.69,Middle Jefferson,654.932,98.6,654.93,216.66,32.62,4,2.85373138,8.626419274
NA,Le Sueur,Tetonka,40003100,2024,CLP,FlumigardSC,5/9/2024,5/9/2024,60,Tetonka,551.224,40.63,551.22,421.08,31.04,10,10.88486713,14.24907381
NA,Le Sueur,Tetonka,40003100,2024,EWM,FlumigardSC,5/9/2024,5/9/2024,60,Tetonka,551.224,40.63,551.22,421.08,31.04,10,10.88486713,14.24907381
NA,Le Sueur,Upper Sakatah,40000200,2022,CLP,Aquathol K,5/21/2023,5/21/2023,19.1,Upper Sakatah,899.567,99.79,899.57,417.21,46.28,6,2.123243738,4.578030249
NA,Lincoln,Benton,41004300,2020,CLP,Sonar A.S.,4/23/2020,4/23/2020,1034,Benton,2649.413,100,2649.41,279.36,10.54,5,39.02751289,370.1317297
NA,McLeod,Winsted,43001200,2022,CLP,Aquathol K,5/10/2022,5/10/2022,12.8,Winsted,382.443,100,382.44,65.07,17.01,3,3.346903983,19.67112341
NA,Meeker,Erie,47006400,2022,EWM,ProcellaCOR EC,6/29/2023,6/29/2023,6.7,Erie,115.681,60.09,115.68,95.06,49.38,11.5,5.79178949,7.048180097
NA,Meeker,Minnie-Belle,47011900,2021,CLP,ProcellaCOR,7/13/2021,7/13/2021,19,Minnie-Belle,175.764,30.43,175.76,216.58,37.5,20,10.80994971,8.772739865
NA,Meeker,Minnie-Belle,47011900,2021,EWM,ProcellaCOR,7/13/2021,7/13/2021,19,Minnie-Belle,175.764,30.43,175.76,216.58,37.5,20,10.80994971,8.772739865
NA,Morrison,Long,49001500,2022,CLP,Semera,5/15/2023,5/15/2023,2.5,Long,68.593,54.32,68.59,66.38,52.57,14,3.644686776,3.766194637
NA,Morrison,Long,49001500,2024,CLP,FlumigardSC,4/29/2024,5/6/2025,2.8,Long,68.593,54.32,68.59,66.38,52.57,14,4.082049189,4.218137993
NA,Morrison,Pierz,49002400,2024,CLP,Semera,4/29/2024,4/29/2024,7.3,Pierz,79.732,43.17,79.73,79.73,43.17,15,9.1556715,9.155901166
NA,Otter Tail,Lida,56074702,2021,CLP,Aquathol K,6/3/2021,6/3/2021,13,South Lida,321.033,41.37,321.03,371.44,47.87,17,4.04942794,3.499892311
NA,Otter Tail,Long,56078400,2024,CLP,Aquathol K,5/5/2024,5/5/2024,3.1,Long,287.04,37.89,287.04,287.04,37.89,15,1.079988852,1.079988852
NA,Otter Tail,Long,56078400,2024,CLP,Propeller,5/5/2024,5/5/2024,3.4,Long,287.04,37.89,287.04,287.04,37.89,15,1.184503902,1.184503902
NA,Pine,Sand,58008100,2022,EWM,ProcellaCOR EC,6/21/2023,6/21/2023,8.88,Sand,234.851,45.49,234.85,204.47,39.61,12,3.781120796,4.342935394
NA,Pine,Sand,58008100,2024,EWM,ProcellaCOR EC,9/18/2024,9/18/2024,2.04,Sand,234.851,45.49,234.85,204.47,39.61,12,0.868635858,0.997701374
NA,Pine,Sturgeon,58006700,2022,EWM,ProcellaCOR EC,6/21/2023,6/21/2023,14.7,Sturgeon,727.335,42.64,727.33,727.33,42.64,15,2.021076945,2.021090839
NA,Polk,Union,60021700,2024,EWM,Platoon,9/11/2024,9/11/2024,163.35,Union,376.241,47.07,376.24,395.77,49.51,16,43.41632092,41.27397226
NA,Pope,Minnewaska,61013000,2024,EWM,"2,4-D Amine",7/17/2024,7/17/2024,6.3,Minnewaska,3290.836,40.88,3290.84,3290.84,40.88,15,0.191440716,0.191440483
NA,Pope,Minnewaska,61013000,2024,EWM,Cutrine-Plus,7/15/2024,7/15/2024,1.7,Minnewaska,3290.836,40.88,3290.84,3290.84,40.88,15,0.051658606,0.051658543
NA,Pope,Minnewaska,61013000,2024,EWM,ProcellaCOR EC,7/17/2024,7/17/2024,2.1,Minnewaska,3290.836,40.88,3290.84,3290.84,40.88,15,0.063813572,0.063813494
NA,Pope,Minnewaska,61013000,2024,SSW,"2,4-D Amine",7/17/2024,7/17/2024,6.3,Minnewaska,3290.836,40.88,3290.84,3290.84,40.88,15,0.191440716,0.191440483
NA,Pope,Minnewaska,61013000,2024,SSW,Cutrine-Plus,7/15/2024,7/15/2024,1.7,Minnewaska,3290.836,40.88,3290.84,3290.84,40.88,15,0.051658606,0.051658543
NA,Pope,Minnewaska,61013000,2024,SSW,ProcellaCOR EC,7/17/2024,7/17/2024,2.1,Minnewaska,3290.836,40.88,3290.84,3290.84,40.88,15,0.063813572,0.063813494
NA,Ramsey,Josephine,62005700,2020,CLP,Sonar A.S.,4/30/2020,7/24/2020,351,Josephine,78.88,69.36,78.88,75.84,66.68,14,444.979716,462.8164557
NA,Ramsey,Keller,62001002,2022,CLP,Tribune,6/6/2023,6/6/2023,5.9,Keller (main bay),73.316,95.55,73.32,73.32,95.55,15,8.047356648,8.046917621
NA,Ramsey,Kohlman,62000600,2022,CLP,Tribune,6/6/2023,6/6/2023,8,Kohlman,82.899,100,82.9,44.19,53.3,4,9.65029735,18.10364336
NA,Ramsey,Silver,62008300,2022,CLP,Dibrox,6/21/2023,6/21/2023,9.42,Silver (West),63.259,85.11,63.26,63.26,85.11,15,14.89116173,14.89092634
NA,Renville,Preston,65000200,2024,CLP,Flumigard,5/13/2024,5/13/2024,31.9,Preston,660.847,99.49,660.85,82.04,12.35,4,4.827138506,38.88347148
NA,Renville,Preston,65000200,2024,EWM,Flumigard,5/13/2024,5/13/2024,31.9,Preston,660.847,99.49,660.85,82.04,12.35,4,4.827138506,38.88347148
NA,Rice,Cedar,66005200,2020,CLP,Aquathol K,5/11/2020,5/12/2020,18.8,Cedar,667.272,75.35,667.27,238.02,26.88,4,2.817441763,7.898495925
NA,Rice,Circle,66002700,2022,CLP,FlumigardSC,5/16/2023,5/16/2023,29.2,Circle,837.563,88.95,837.56,482.28,51.22,6,3.486304911,6.054574106
NA,Rice,Circle,66002700,2022,EWM,FlumigardSC,5/16/2023,5/16/2023,29.2,Circle,837.563,88.95,837.56,482.28,51.22,6,3.486304911,6.054574106
NA,Rice,French,66003800,2022,CLP,ProcellaCOR,6/22/2023,6/22/2023,11,French,379.026,43.28,379.03,291.71,33.31,12,2.902175576,3.770868328
NA,Rice,French,66003800,2022,EWM,ProcellaCOR,6/22/2023,6/22/2023,11,French,379.026,43.28,379.03,291.71,33.31,12,2.902175576,3.770868328
NA,Scott,Cedar,70009100,2022,CLP,Sonar A.S.,6/7/2023,NA,793,Cedar,792.503,100,792.5,792.5,100,12.5,100.0627127,100.0630915
NA,Scott,Cleary,70002200,2021,CLP,Sonar A.S.,4/28/2021,4/28/2021,145,Cleary,144.743,99.02,144.74,130.59,89.34,7,100.1775561,111.0345356
NA,Scott,Cleary,70002200,2022,CLP,Sonar A.S.,5/11/2022,5/11/2022,144.75,Cleary,144.743,99.02,144.74,130.59,89.34,7,100.0048362,110.8430967
NA,Scott,Lower Prior,70002600,2022,CLP,Tribune,6/19/2023,6/19/2023,18.41,Lower Prior,589.705,60.03,589.7,589.7,60.03,15,3.121899933,3.121926403
NA,Scott,Lower Prior,70002600,2022,EWM,Tribune,6/19/2023,6/19/2023,18.41,Lower Prior,589.705,60.03,589.7,589.7,60.03,15,3.121899933,3.121926403
NA,Scott,O'Dowd,70009500,2024,CLP,FlumigardSC,5/15/2024,5/15/2024,40.43,O'Dowd,273.579,87.11,273.58,161.28,51.35,6,14.77818107,25.06820437
NA,Scott,Spring,70005400,2024,CLP,Tribune,4/30/2025,4/30/2025,16.87,Spring,282.826,47.87,282.83,282.83,47.87,15,5.964798144,5.964713786
NA,Scott,Spring,70005400,2024,EWM,Tribune,4/30/2025,4/30/2025,16.87,Spring,282.826,47.87,282.83,282.83,47.87,15,5.964798144,5.964713786
NA,Sherburne,Eagle,71006700,2020,CLP,Aquathol K,5/16/2020,5/16/2020,33.5,Eagle,319.487,70.24,319.49,158.06,34.75,7,10.48555966,21.19448311
NA,Sherburne,Rush,71014700,2023,CLP,Aquathol K,5/23/2023,5/23/2023,12.7,Rush,160.818,100,160.82,103.31,64.24,7,7.897125944,12.29309844
NA,Sherburne,Rush,71014700,2024,CLP,FlumigardSC,4/30/2025,4/30/2025,22.5,Rush,160.818,100,160.82,103.31,64.24,7,13.99097116,21.77911141
NA,Stearns,North Brown's,73014700,2024,CLP,Semera,4/24/2024,4/24/2024,18,North Brown's,124.489,39.87,124.49,124.49,39.87,15,14.45910884,14.45899269
NA,Stearns,Rice,73019600,2024,CLP,FlumigardSC,4/30/2024,4/30/2024,15.6,Rice,832.554,57.23,832.55,787.7,54.15,13,1.873752333,1.98044941
NA,Stearns,Sauk River,73072300,2023,FR,Tribune,9/19/2024,9/19/2024,0,Sauk River,NA,NA,NA,NA,NA,NA,NA,NA
NA,Stearns,Two Rivers,73013800,2022,CLP,Tribune,5/23/2023,5/23/2023,13.9,Two Rivers,221.09,37.89,221.09,157.59,27.01,7,6.28703243,8.820356622
NA,Waseca,Clear,81001401,2020,CLP,Aquathol K,5/6/2020,5/6/2020,3.3,Clear,563.674,86.89,563.67,215.16,33.16,8,0.585444778,1.533742331
NA,Waseca,Clear,81001401,2025,CLP,Aquathol K,5/5/2025,5/5/2025,38,Clear,563.674,86.89,563.67,215.16,33.16,8,6.741485327,17.66127533
NA,Washington,Colby,82009400,2022,CLP,Sonar A.S.,4/25/2023,4/25/2023,70.94,Colby,70.94,97.08,68.87,97.08,68.87,15,100,73.07375361
NA,Washington,Colby,82009400,2022,EWM,Sonar A.S.,4/25/2023,4/25/2023,70.94,Colby,70.94,97.08,68.87,97.08,68.87,15,100,73.07375361
NA,Washington,La,82009700,2023,CLP,Sonar A.S.,11/2/2023,4/2/2024,90,La,NA,NA,NA,NA,NA,NA,NA,NA
NA,Washington,Shields,82016200,2022,CLP,Tribune,5/22/2023,5/22/2023,3.07,Shields,25.527,86.44,25.53,20.19,68.35,9,12.02648176,15.2055473
NA,Wright,Beebe,86002300,2020,CLP,Aquathol K,5/15/2020,5/15/2020,14.5,Beebe,179.487,58.99,179.49,162.18,53.3,12,8.078579507,8.940683192
NA,Wright,Cedar,86022700,2022,CLP,Tribune,5/17/2023,5/17/2023,4.1,Cedar,276.719,35.33,276.72,263.25,33.61,14,1.481647447,1.557454891
NA,Wright,Cedar,86022700,2022,EWM,Tribune,5/17/2023,5/17/2023,4.1,Cedar,276.719,35.33,276.72,263.25,33.61,14,1.481647447,1.557454891
NA,Wright,Clearwater,86025200,2021,EWM,Aquathol K,5/12/2021,5/12/2021,7.77,Clearwater,3186.88,50.07,1595.6,50.07,1595.6,15,0.24381213,15.51827442
NA,Wright,Granite,86021700,2023,EWM,Habitat,6/21/2024,6/21/2024,0.77,Granite,118.179,33.47,118.18,87.98,24.92,11,0.651553999,0.875198909
NA,Wright,Granite,86021700,2023,EWM,ProcellaCOR EC,6/21/2024,6/21/2024,3.86,Granite,118.179,33.47,118.18,87.98,24.92,11,3.266231733,4.387360764
NA,Wright,Granite,86021700,2023,FR,Habitat,6/21/2024,6/21/2024,0.77,Granite,118.179,33.47,118.18,87.98,24.92,11,0.651553999,0.875198909
NA,Wright,Granite,86021700,2023,FR,ProcellaCOR EC,6/21/2024,6/21/2024,3.86,Granite,118.179,33.47,118.18,87.98,24.92,11,3.266231733,4.387360764
NA,Wright,Louisa,86028200,2024,CLP,FlumigardSC,4/24/2024,4/24/2024,15,Louisa,129.566,66.73,129.57,121.95,62.81,12,11.57711128,12.300123
NA,Wright,Louisa,86028200,2024,EWM,FlumigardSC,4/24/2024,4/24/2024,15,Louisa,129.566,66.73,129.57,121.95,62.81,12,11.57711128,12.300123
NA,Wright,Pleasant,86025100,2023,CLP,Mizzen,7/21/2023,7/21/2023,1,Pleasant,291.243,50.98,291.24,326.45,57.15,18,0.343355892,0.306325624
NA,Wright,Pleasant,86025100,2023,EWM,Mizzen,7/21/2023,7/21/2023,1,Pleasant,291.243,50.98,291.24,326.45,57.15,18,0.343355892,0.306325624
NA,Wright,Pleasant,86025100,2023,SSW,Mizzen,7/21/2023,7/21/2023,1,Pleasant,291.243,50.98,291.24,326.45,57.15,18,0.343355892,0.306325624
NA,Wright,Silver,86014000,2024,EWM,Weedar 64,9/25/2024,9/25/2024,4.63,Silver,37.667,45.54,37.67,17.24,20.84,6,12.29192662,26.85614849
NA,Wright,Sugar,86023300,2024,CLP,Aquathol K,4/29/2024,4/29/2024,6,Sugar,371.233,36.4,371.23,420.19,41.2,20,1.616235626,1.427925462
NA,Wright,Sugar,86023300,2024,EWM,Aquathol K,4/29/2024,4/29/2024,6,Sugar,371.233,36.4,371.23,420.19,41.2,20,1.616235626,1.427925462
NA,Wright,Wilhelm,86002000,2022,CLP,Aquathol K,5/10/2023,5/10/2023,10.64,Wilhelm,106.728,98.34,106.73,106.73,98.34,15,9.969267671,9.969080858
NA,Wright,Wilhelm,86002000,2024,CLP,Aquathol K,4/14/2024,4/14/2024,10.61,Wilhelm,106.728,98.34,106.73,106.73,98.34,15,9.941158834,9.940972548
