"Permit_number","County_name","Lake_parent_name","k_Lake_ID","App_year","species_code","Pesticide_trade_name","start_date","end_date","treatment_size"
"2017-0038","Kanabec","Knife",33002800,2020,"CLP","Aquathol K",2020-05-27,2020-05-27,31.2
"2017-0038","Kanabec","Knife",33002800,2021,"CLP","Aquathol K",2021-05-05,2021-05-05,24.28
"2017-0040","Stearns","Cedar Island",73013300,2025,"CLP","FlumigardSC",2025-05-06,2025-05-06,14
"2017-0045","Stearns","Horseshoe",73015700,2020,"CLP","Aquathol K",2020-05-21,2020-05-21,5.4
"2017-0047","Stearns","Long",73013900,2020,"CLP","Aquathol K",2020-05-21,2020-05-21,2
"2017-0109","Le Sueur","Sakatah",40000200,2020,"CLP","Aquathol K",2020-05-14,2020-05-14,14.6
"2017-0109","Le Sueur","Upper Sakatah",40000200,2021,"CLP","Aquathol K",2021-05-12,2021-05-12,21.2
"2017-0109","Le Sueur","Upper Sakatah",40000200,2022,"CLP","Aquathol K",2022-05-20,2022-05-20,16.7
"2017-0120","Stearns","Knaus",73008600,2020,"CLP","Aquathol K",2020-05-21,2020-05-21,4
"2017-0121","Stearns","Bolfing",73008800,2020,"CLP","Aquathol K",2020-05-21,2020-05-21,1
"2017-0122","Stearns","Krays",73008700,2020,"CLP","Aquathol K",2020-05-21,2020-05-21,1.8
"2017-0123","Stearns","Great Northern",73008300,2020,"CLP","Aquathol K",2020-05-21,2020-05-21,1.7
"2017-0125","Stearns","Zumwalde",73008900,2020,"CLP","Aquathol K",2020-05-21,2020-05-21,1.7
"2017-0365","Meeker","Long",47017700,2020,"CLP","Aquathol K",2020-05-06,2020-05-06,19
"2017-0365","Meeker","Long",47017700,2021,"CLP","Aquathol K",2021-05-12,2021-05-12,18.5
"2017-0365","Meeker","Long",47017700,2021,"CLP","Tribune",2021-05-12,2021-05-12,7
"2017-0365","Meeker","Long",47017700,2024,"CLP","Tribune",2024-05-08,2025-04-26,97.6
"2017-0377","Otter Tail","Pelican",56078600,2022,"CLP","Aquathol K",2022-06-02,2022-06-02,5.8
"2017-0378","Otter Tail","Little Pelican",56076100,2022,"CLP","Aquathol K",2022-06-03,2022-06-03,8.4
"2017-0384","Ramsey","Josephine",62005700,2020,"EWM, CLP","Sonar A.S.",2020-04-30,2020-07-24,351
"2017-0389","Hennepin","Sarah",27019100,2021,"CLP","Aquathol K",2021-05-16,2021-05-16,66.2
"2017-0389","Hennepin","Sarah",27019100,2021,"CLP","Tribune",2021-05-19,2021-05-23,29.05
"2017-0389","Hennepin","Sarah",27019100,2023,"CLP","Tribune",2023-05-23,2023-05-23,4.4
"2017-0389","Hennepin","Sarah",27019100,2025,"CLP","FlumigardSC",2025-05-08,2025-05-08,26.7
"2017-0389","Hennepin","Sarah",27019101,2022,"CLP","Aquathol K",2022-05-26,2022-05-26,67.51
"2017-039","Stearns","Schneider",73008200,2020,"CLP","Aquathol K",2020-05-21,2020-05-21,1.7
"2017-0407","Carver","Lucy",10000700,2022,"CLP","Tribune",2022-05-17,2022-05-17,7.7
"2017-0417","Scott","Lower Prior",70002600,2020,"EWM","Tribune",2020-06-03,2020-06-03,5
"2017-0417","Scott","Lower Prior",70002600,2022,"EWM","Tribune",2022-06-10,2022-06-10,5
"2017-0422","Sherburne","Big",71008200,2020,"EWM","2,4-D Amine",2020-07-17,2020-07-17,15
"2017-0434","Pine","Sturgeon",58006700,2020,"EWM","2,4-D Amine",2020-08-18,2020-08-18,27.63
"2017-0434","Pine","Sturgeon",58006700,2020,"EWM","ProcellaCOR EC",2020-08-18,2020-08-18,8.43
"2017-0434","Pine","Sturgeon",58006700,2022,"EWM","ProcellaCOR EC",2022-07-29,2022-07-29,42.69
"2017-0434","Pine","Sturgeon",58006700,2025,"EWM","ProcellaCOR EC",2025-08-20,2025-08-20,5.92
"2017-0437","Pine","Sand",58008100,2020,"EWM","ProcellaCOR EC",2020-08-18,2020-08-18,10
"2017-0437","Pine","Sand",58008100,2022,"EWM","ProcellaCOR EC",2022-07-29,2022-07-29,13.95
"2017-0442","Sherburne","Big",71008200,2020,"EWM","2,4-D Amine",2020-07-17,2020-07-17,1.65
"2017-0442","Sherburne","Big",71008200,2023,"EWM","ProcellaCOR EC",2023-07-21,2023-07-21,4.5
"2017-0445","Sherburne","Big",71008200,2020,"EWM","2,4-D Amine",2020-07-17,2020-07-17,6.4
"2017-0445","Sherburne","Mitchell",71008100,2020,"EWM","2,4-D Amine",2020-07-17,2020-07-17,6.9
"2017-0447","Wright","Ann",86019000,2022,"CLP","Aquathol K",2024-05-23,2024-05-23,11.9
"2017-0447","Wright","Ann",86019000,2024,"CLP","Aquathol K",2024-05-14,2024-05-14,11.9
"2017-0511","Le Sueur","East Jefferson",40009201,2023,"CLP","Aquathol K",2023-05-09,2023-05-09,6.58
"2017-0512","Le Sueur","Jefferson",40009204,2021,"CLP","Aquathol K",2021-05-19,2021-05-19,29.9
"2017-0512","Le Sueur","Jefferson",40009204,2022,"CLP","Aquathol K",2022-05-18,2022-05-18,27.6
"2017-0512","Le Sueur","Jefferson",40009204,2024,"CLP","Aquathol K",2024-05-03,2024-05-03,18.69
"2017-0513","Le Sueur","West Jefferson",40009202,2021,"CLP","Aquathol K",2021-05-19,2021-05-19,7.72
"2017-0522","Hennepin","Hyland",27004800,2020,"CLP","Tribune",2020-04-30,2020-04-30,9
"2017-0522","Hennepin","Hyland",27004800,2021,"CLP","Sonar A.S.",2021-04-05,2021-04-28,168
"2017-0522","Hennepin","Hyland",27004800,2024,"CLP","Sonar A.S.",2024-04-02,2024-04-29,74
"2017-0525","Washington","Demontreville",82010100,2023,"EWM","Sonar A.S.",2023-05-02,2023-05-02,157.06
"2017-0526","Washington","Olson",82010300,2021,"EWM","Tribune",2021-06-02,2021-06-02,9.2
"2017-0533","Becker","Detroit",3038100,2021,"CLP","Aquathol K",2021-05-26,2021-05-26,8.2
"2017-0534","Becker","Sallie",3035900,2021,"CLP","Aquathol K",2021-05-26,2021-05-26,4.7
"2017-0534","Becker","Sallie",3035900,2021,"CLP","Tribune",2021-05-26,2021-05-26,7.6
"2017-0534","Becker","Sallie",3035900,2022,"CLP","Tribune",2022-06-03,2022-06-03,7.6
"2017-0562","Scott","Cedar",70009100,2022,"CLP","Tribune",2022-06-07,2022-06-07,132.6
"2017-0562","Scott","Cedar",70009100,2023,"CLP","Sonar A.S.",2023-04-14,2023-04-14,793
"2017-0566","Scott","McMahon",70005000,2021,"CLP","Tribune",2021-05-17,2021-05-17,16.5
"2017-0573","Hennepin","Rebecca",27019200,2021,"CLP","Tribune",2021-05-07,2021-05-07,35
"2017-0582","Scott","O'Dowd",70009500,2021,"CLP","Tribune",2021-05-24,2021-05-24,17.64
"2017-0600","Wright","Fish",86018300,2021,"EWM","ProcellaCOR",2021-07-16,2021-07-16,5.3
"2017-0600","Wright","Fish",86018300,2022,"EWM","ProcellaCOR EC",2022-09-28,2022-09-28,3.3
"2017-0600","Wright","Fish",86018300,2024,"CLP","ProcellaCOR EC",2024-07-12,2024-07-12,7.9
"2017-0620","Kanabec","Quamba",33001500,2020,"CLP","Aquathol K",2020-05-19,2020-05-19,27.8
"2017-0621","Anoka","Linwood",2002600,2020,"CLP","Dibrox",2020-05-04,2020-05-04,40.9
"2017-0621","Anoka","Linwood",2002600,2021,"CLP","Dibrox",2021-05-05,2021-05-05,42.3
"2017-0645","Scott","Thole/Schneider",70012001,2021,"CLP","Tribune",2021-05-24,2021-05-24,7.42
"2017-0653","Ramsey","Long",62006700,2020,"EWM","Dibrox",2020-07-20,2020-07-20,4.91
"2017-0653","Ramsey","Long",62006700,2025,"EWM","ProcellaCOR EC",2025-07-02,2025-07-02,8.79
"2017-0663","Wright","Brooks",86026400,2022,"CLP","Aquathol K",2022-05-22,2022-05-22,5.12
"2017-0663","Wright","Brooks",86026400,2023,"CLP","Aquathol K",2022-05-15,2023-05-15,5.12
"2017-0663","Wright","Brooks",86026400,2024,"CLP","Aquathol K",2024-04-24,2024-04-24,7.12
"2017-0666","Washington","Clear",82016300,2024,"EWM","Sonar A.S.",2024-05-30,2024-09-10,1715.6
"2017-0667","Washington","Clear",82016300,2020,"CLP","Aquathol K",2020-05-12,2020-05-12,5.31
"2017-0671","Sherburne","Rush",71014700,2020,"CLP","Aquathol K",2020-05-15,2020-05-15,24
"2017-0671","Sherburne","Rush",71014700,2021,"CLP","Aquathol K",2021-05-05,2021-05-05,23.96
"2017-0729","Pope","Scandinavian",61004100,2020,"EWM","Dibrox",2020-08-06,2020-08-06,9.72
"2017-0729","Pope","Scandinavian",61004100,2022,"EWM","2,4-D Amine",2022-07-15,2022-07-15,32.5
"2017-0729","Pope","Scandinavian",61004100,2025,"EWM","2,4-D Amine",2025-07-17,2025-07-17,42.5
"2017-0742","Hennepin","Diamond",27012500,2020,"CLP","Sonar A.S.",2020-04-13,2020-04-13,405
"2017-0742","Hennepin","Diamond",27012500,2021,"CLP","Sonar A.S.",2021-04-07,2021-04-27,810
"2017-0742","Hennepin","Diamond",27012500,2022,"CLP","Sonar A.S.",2022-04-20,2022-04-20,405
"2017-0742","Hennepin","Diamond",27012500,2023,"CLP","Tribune",2023-05-15,2023-05-15,45.1
"2017-0742","Hennepin","Diamond",27012500,2024,"CLP","Tribune",2024-04-24,2024-04-24,59.7
"2017-0743","Aitkin","Gun",1009900,2020,"CLP","Aquathol K",2020-05-27,2020-05-27,2.73
"2017-0753","Hennepin","Mooney",27013400,2021,"CLP","Dibrox",2021-05-07,2021-05-07,9.1
"2017-0820","Wright","Cedar",86022700,2020,"CLP","Tribune",2020-05-19,2020-05-19,13.5
"2017-0823","Anoka","Linwood",2002600,2024,"EWM","Platoon",2024-08-26,2024-08-26,28.8
"2017-0825","Stearns","Middle Spunk",73012800,2020,"EWM","2,4-D Amine",2020-08-20,2020-08-20,6.82
"2017-0825","Stearns","Middle Spunk",73012800,2021,"EWM","Platoon",2021-08-09,2021-08-09,1.23
"2017-0825","Stearns","Middle Spunk",73012800,2022,"EWM","2,4-D Amine",2022-08-04,2022-08-04,18.3
"2017-0828","Wright","Pulaski",86005302,2020,"EWM","ProcellaCOR EC",2020-07-22,2020-07-22,17.2
"2017-0828","Wright","Pulaski",86005302,2021,"EWM","ProcellaCOR EC",2021-07-09,2021-07-09,16.7
"2017-0830","Kanabec","Lewis",33003200,2021,"CLP","Aquathol K",2021-05-26,2021-05-26,1.17
"2017-0830","Kanabec","Lewis",33003200,2024,"CLP","Propeller",2025-04-29,2025-04-29,5.13
"2017-0857","Hennepin","Medicine",27010400,2021,"CLP","Tribune",2021-05-06,2021-05-06,63.21
"2017-0857","Hennepin","Medicine",27010400,2022,"SSW","Galleon SC",2022-05-16,2022-05-16,119.5
"2017-0871","Wright","Indian",86022300,2020,"CLP","Aquathol K",2020-05-27,2020-05-27,2.5
"2017-0871","Wright","Indian",86022300,2021,"CLP","Aquathol K",2021-05-05,2021-05-05,4.6
"2017-0871","Wright","Indian",86022300,2022,"CLP","Aquathol K",2022-05-23,2022-05-23,2.73
"2017-0873","Wright","Indian",86022300,2020,"EWM","2,4-D Amine",2020-07-01,2020-07-01,8.5
"2017-0873","Wright","Indian",86022300,2022,"EWM","2,4-D Amine",2022-07-25,2022-07-25,5.75
"2017-0892","Wright","Beebe",86002300,2022,"CLP","Aquathol K",2022-05-17,2022-05-17,14.39
"2017-0892","Wright","Beebe",86002300,2023,"CLP","Aquathol K",2023-05-07,2023-05-07,14.39
"2017-0917","Washington","Forest",82015900,2020,"CLP","Aquathol K",2020-05-12,2020-05-12,59.31
"2017-0968","Hennepin","Crystal",27003400,2021,"CLP","Aquathol K",2021-05-10,2021-05-10,5.1
"2017-0973","Crow Wing","Sebie",18016100,2020,"CLP","Aquathol K",2020-05-08,2020-05-08,5.18
"2017-1005","Crow Wing","Upper South Long",18009600,2021,"CLP","Aquathol K",2021-05-19,2021-05-19,7.8
"2017-1005","Crow Wing","Upper South Long",18009600,2022,"CLP","Aquathol K",2022-06-01,2022-06-01,4.4
"2017-1027","Anoka","George",2009100,2020,"CLP","Dibrox",2020-05-11,2020-05-11,46.9
"2017-1027","Anoka","George",2009100,2021,"CLP","Dibrox",2021-05-24,2021-05-24,28.33
"2017-1028","Anoka","George",2009100,2022,"EWM","Tribune",2022-05-27,2022-05-27,37.65
"2017-1028","Anoka","George",2009100,2024,"EWM","Dibrox",2024-05-20,2024-05-20,37.1
"2017-1028","Anoka","George",2009100,2025,"EWM","Diquat Herbicide",2025-05-14,2025-05-14,32.23
"2017-1032","Wright","Charlotte",86001100,2023,"EWM","ProcellaCOR EC",2023-06-28,2023-06-28,11
"2017-1034","Wright","Granite",86021700,2020,"EWM","ProcellaCOR EC",2020-07-09,2020-07-09,6.9
"2017-1034","Wright","Granite",86021700,2025,"EWM","ProcellaCOR EC",2025-09-22,2025-09-22,6.5
"2017-1036","Stearns","Marie",73001400,2022,"CLP","Aquathol K",2022-05-26,2022-05-26,14.3
"2017-1037","Hennepin","Minnetonka",27013303,2020,"CLP","Tribune",2020-05-15,2020-05-15,4.8
"2017-1037","Hennepin","Minnetonka",27013303,2021,"CLP","Tribune",2021-05-24,2021-05-24,14.1
"2017-1037","Hennepin","Minnetonka",27013303,2022,"CLP","Tribune",2022-06-01,2022-06-01,23.4
"2017-1038","Hennepin","Minnetonka",27013303,2020,"EWM","Kammo Plus",2020-07-10,2020-07-10,4.95
"2017-1038","Hennepin","Minnetonka",27013303,2021,"EWM","ProcellaCOR",2021-06-29,2021-06-29,10.5
"2017-1038","Hennepin","Minnetonka",27013303,2022,"EWM","Tribune",2022-08-09,2022-08-09,12
"2017-1038","Hennepin","Minnetonka",27013303,2025,"CLP","Sonar A.S.",2025-04-29,2025-04-29,115
"2017-1039","Hennepin","Minnetonka",27013301,2020,"EWM","ProcellaCOR EC",2020-07-08,2020-07-08,33.25
"2017-1039","Hennepin","Minnetonka",27013301,2021,"EWM","ProcellaCOR",2021-06-29,2021-06-29,22.98
"2017-1041","Hennepin","Minnetonka",27013300,2021,"EWM","ProcellaCOR EC",2021-06-18,2021-06-18,11.6
"2017-1041","Hennepin","Minnetonka",27013305,2022,"EWM","ProcellaCOR EC",2022-07-01,2022-07-01,12
"2017-1042","Hennepin","Minnetonka",27013304,2020,"CLP","Tribune",2020-05-29,2020-05-29,12.7
"2017-1042","Hennepin","Minnetonka",27013304,2021,"CLP","Tribune",2021-05-26,2021-05-26,28.2
"2017-1043","Hennepin","Minnetonka",27013304,2020,"EWM","Kammo Plus",2020-07-23,2020-07-23,3.84
"2017-1043","Hennepin","Minnetonka",27013304,2022,"CLP","Sonar A.S.",2022-05-11,2022-05-11,160
"2017-1043","Hennepin","Minnetonka",27013304,2022,"EWM","Sonar",2022-07-13,2022-07-13,160
"2017-1043","Hennepin","Minnetonka",27013304,2022,NA,"Sonar A.S.",2022-06-09,2022-06-09,100
"2017-1044","Hennepin","Minnetonka",27013313,2020,"CLP","Tribune",2020-05-15,2020-05-15,47.7
"2017-1044","Hennepin","Minnetonka",27013313,2021,"CLP","Tribune",2021-05-26,2021-05-26,50.1
"2017-1044","Hennepin","Minnetonka",27013313,2025,"CLP","Tribune",2025-05-07,2025-05-07,53.62
"2017-1047","Hennepin","Minnetonka",27013310,2020,"EWM","Tribune",2020-06-11,2020-06-11,17
"2017-1047","Hennepin","Minnetonka",27013310,2022,"EWM","ProcellaCOR",2022-07-26,2022-07-26,52.9
"2017-1050","Lincoln","Benton",41004300,2020,"CLP","Sonar A.S.",2020-05-14,2020-05-14,1034
"2017-1050","Lincoln","Benton",41004300,2021,"CLP","Sonar A.S.",2021-04-14,2021-04-14,1034
"2017-1072","Crow Wing","Platte",18008800,2020,"CLP","Aquathol K",2020-05-20,2020-05-20,43.2
"2017-1072","Crow Wing","Platte",18008800,2021,"CLP","Aquathol K",2021-05-21,2021-05-21,42.3
"2017-1083","Anoka","Coon",2004200,2021,"CLP","Tribune",2021-05-05,2021-05-05,9.2
"2017-1092","Anoka","Coon",2004200,2021,"EWM","ProcellaCOR EC",2021-07-12,2021-07-12,22.83
"2017-1092","Anoka","Coon",2004200,2022,"EWM","ProcellaCOR EC",2022-07-22,2022-07-22,40.3
"2017-1097","Carver","Minnewashta",10000900,2020,"CLP","Dibrox",2020-05-19,2020-05-19,36.6
"2017-1097","Carver","Minnewashta",10000900,2021,"CLP","Dibrox",2021-05-18,2021-05-18,41.1
"2017-1154","Ramsey","Bald Eagle",62000200,2020,"CLP","Diquat Herbicide",2020-05-04,2020-05-04,72.6
"2017-1154","Ramsey","Bald Eagle",62000200,2022,"CLP","Tribune",2023-05-16,2023-05-16,68.93
"2017-1210","Washington","Big Marine",82005200,2020,"EWM","ProcellaCOR EC",2020-07-16,2020-07-16,3.76
"2017-1210","Washington","Big Marine",82005200,2022,"EWM","ProcellaCOR",2022-08-04,2022-08-04,5.18
"2017-1297","Dakota","Farquar",19002300,2021,"CLP","Aquathol K",2021-05-05,2021-05-05,10
"2017-1297","Dakota","Farquar",19002300,2022,"CLP","Aquathol K",2022-05-10,2022-05-10,9.27
"2017-1306","Rice","Cedar",66005200,2020,"CLP","Aquathol K",2020-05-11,2020-05-11,24.5
"2017-1306","Rice","Cedar",66005200,2021,"CLP","Aquathol K",2021-05-12,2021-05-12,18.8
"2017-1306","Rice","Cedar",66005200,2022,"CLP","Aquathol K",2022-05-10,2022-05-10,35
"2017-1306","Rice","Cedar",66005200,2023,"CLP","Aquathol K",2023-05-11,2023-05-11,50
"2017-1307","Waseca","Clear",81001401,2020,"CLP","Aquathol K",2020-05-06,2020-05-06,30
"2017-1312","Becker","Sallie",3035900,2022,"FR","Tribune",2022-06-28,2022-08-01,62.2
"2017-1313","Becker","Melissa",3047500,2021,"FR","Tribune",2021-06-28,2021-06-28,24
"2017-1367","Wright","East Sylvia",86028900,2023,"EWM","Platoon",2023-08-25,2023-08-25,3.06
"2017-1379","Wright","Howard",86019900,2022,"EWM","2,4-D Amine",2022-08-22,2022-08-22,44.4
"2017-1486","Pope","Minnewaska",61013000,2020,"EWM","2,4-D Amine",2020-08-21,2020-08-21,18.14
"2017-1486","Pope","Minnewaska",61013000,2021,"EWM","2,4-D Amine",2021-07-16,2021-07-16,16.74
"2017-1486","Pope","Minnewaska",61013000,2022,"EWM","2,4-D Amine",2022-09-13,2022-09-13,5.27
"2017-1500","Blue Earth","Ballantyne",7005400,2022,"EWM","2,4-D Amine",2022-06-22,2022-06-22,37.1
"2017-1500","Blue Earth","Ballantyne",7005400,2023,"EWM","2,4-D Amine",2023-06-27,2023-06-27,10.6
"2017-1507","Wright","Maple",86013400,2020,"CLP","Tribune",2020-05-12,2020-05-12,10.1
"2017-1507","Wright","Maple",86013400,2021,"CLP","Tribune",2021-05-11,2021-05-11,10.1
"2017-1512","Carlton","Chub",9000800,2020,"EWM","ProcellaCOR EC",2020-07-10,2020-07-10,11
"2017-1512","Carlton","Chub",9000800,2021,"EWM","ProcellaCOR",2021-06-24,2021-06-24,13.2
"2017-1565","Dakota","Marion",19002600,2021,"CLP","Tribune",2021-05-17,2021-05-17,16.46
"2017-1707","Crow Wing","Mayo",18040800,2022,"CLP","Aquathol K",2022-05-19,2022-05-19,9.6
"2017-1709","Washington","Bone",82005400,2020,"CLP","Aquathol K",2020-05-12,2020-05-12,5.14
"2017-1709","Washington","Bone",82005400,2021,"CLP","Aquathol K",2021-05-26,2021-05-26,4.38
"2017-1779","Douglas","Smith",21008500,2023,"CLP","Aquathol K",2023-05-30,2023-05-30,42.6
"2017-1825","Le Sueur","Tetonka",40003100,2020,"CLP","Aquathol K",2020-05-15,2020-05-15,58.74
"2017-1825","Le Sueur","Tetonka",40003100,2021,"CLP","Aquathol K",2021-05-18,2021-05-18,58.74
"2017-1826","Crow Wing","Grave",18011000,2025,"CLP","FlumigardSC",2025-05-05,2025-05-05,5.5
"2017-1881","Hennepin","Minnetonka",27013300,2020,"CLP","Tribune",2020-05-15,2020-05-15,27.3
"2017-1881","Hennepin","Minnetonka",27013305,2022,"CLP","Tribune",2022-06-01,2022-06-01,25
"2017-1978","Washington","Jane",82010400,2020,"EWM","ProcellaCOR EC",2020-09-18,2020-09-18,6.71
"2017-1982","Ramsey","Silver",62000100,2020,"CLP","Tribune",2020-05-29,2020-05-29,6.52
"2017-1984","Crow Wing","Bay",18003400,2024,"EWM","Platoon",2024-10-09,2024-10-09,4.41
"2017-1985","Crow Wing","Bay",18003400,2020,"EWM","2,4-D Amine",2020-06-22,2020-10-19,44.74
"2017-1985","Crow Wing","Bay",18003400,2021,"EWM","2,4-D Amine",2021-10-11,2021-10-12,83.34
"2017-1985","Crow Wing","Bay",18003400,2021,"EWM","Dibrox",2021-10-11,2021-10-11,6.5
"2017-1985","Crow Wing","Bay",18003400,2021,"EWM","Platoon",2021-06-22,2021-06-22,7.288
"2017-1985","Crow Wing","Bay",18003400,2022,"EWM","2,4-D Amine",2022-06-27,2022-10-04,48.473
"2017-1985","Crow Wing","Bay",18003400,2024,"EWM","Platoon",2024-10-08,2024-10-09,33.68
"2017-2060","Wright","West Sylvia",86027900,2023,"SSW","Cutrine-Plus",2023-07-21,2023-07-21,1.7
"2017-2067","Washington","Elmo",82010600,2022,"EWM","ProcellaCOR EC",2022-06-22,2022-06-22,12
"2017-2067","Washington","Elmo",82010600,2023,"EWM","ProcellaCOR EC",2023-06-16,2023-06-16,12
"2017-2184","Anoka","Crooked",2008400,2020,"CLP","Tribune",2020-05-13,2020-05-13,5.9
"2017-2184","Anoka","Crooked",2008400,2021,"CLP","Tribune",2021-05-18,2021-05-18,1.9
"2017-2726","Hennepin","Sarah",27019100,2021,"EWM","Tribune",2021-06-22,2021-06-22,29.08
"2017-2726","Hennepin","Sarah",27019100,2023,"EWM","ProcellaCOR EC",2023-10-02,2023-10-02,23.12
"2017-2726","Hennepin","Sarah",27019100,2023,"EWM","Tribune",2023-06-23,2023-06-23,2.8
"2017-2726","Hennepin","Sarah",27019101,2022,"EWM","Tribune",2022-07-01,2022-07-01,8.76
"2017-2765","Le Sueur","Rays",40005600,2021,"EWM","2,4-D Amine",2021-06-08,2021-06-08,21.2
"2017-2771","Hennepin","Minnetonka",27013301,2020,"EWM","Kammo Plus",2020-07-08,2020-07-08,1
"2017-2870","Washington","White Bear",82016700,2021,"EWM","Triclopyr 3",2021-07-15,2021-07-15,26.67
"2017-2870","Washington","White Bear",82016700,2021,"EWM","Weedar 64",2021-07-15,2021-07-15,23.85
"2017-3015","Carlton","Bear",9003400,2020,"EWM","ProcellaCOR EC",2020-09-09,2020-09-09,0.76
"2017-3315","Ramsey","Turtle",62006100,2020,"EWM","ProcellaCOR",2020-07-02,2020-07-02,16.6
"2017-3315","Ramsey","Turtle",62006100,2021,"EWM","ProcellaCOR",2021-06-30,2021-06-30,29.85
"2017-3315","Ramsey","Turtle",62006100,2022,"EWM","ProcellaCOR",2022-06-28,2022-06-28,42.6
"2017-3409","Washington","Forest",82015900,2020,"FR","Tribune",2020-08-06,2020-09-02,11.05
"2017-365","Meeker","Long",47017700,2022,"CLP","Tribune",2022-05-22,2022-05-22,43.62
"2017-459","Wright","Beebe",86002300,2020,"EWM","2,4-D Amine",2020-07-31,2020-07-31,4
"2017-459","Wright","Silver",86014000,2020,"EWM","2,4-D Amine",2020-07-01,2020-07-01,6
"2018-0004","Cass","Roosevelt",11004300,2021,"EWM","ProcellaCOR",2021-08-05,2021-08-05,4.6
"2018-0035","Cass","Girl",11017400,2021,"EWM","ProcellaCOR",2021-08-04,2021-08-04,0.27
"2018-0093","Stearns","Two Rivers",73013800,2021,"CLP","Tribune",2021-05-11,2021-05-11,28.4
"2018-0093","Stearns","Two Rivers",73013800,2022,"CLP","Tribune",2022-05-25,2022-05-25,7.8
"2018-0118","Stearns","Pearl",73003700,2020,"CLP","Aquathol K",2020-05-05,2020-05-05,35.2
"2018-0118","Stearns","Pearl",73003700,2025,"CLP","Diquat Herbicide",2025-05-14,2025-05-14,39.58
"2018-0126","Chisago","North Center",13003200,2020,"CLP","Aquathol K",2020-05-22,2020-05-22,18.58
"2018-0127","Chisago","North Center",13003200,2020,"EWM","2,4-D Amine",2020-07-09,2020-07-09,9.42
"2018-0129","Chisago","South Center",13002700,2020,"CLP","Aquathol K",2020-05-22,2020-05-22,14.16
"2018-0175","Crow Wing","Ruth",18021200,2020,"EWM","ProcellaCOR EC",2020-07-31,2020-09-24,6.6
"2018-0175","Crow Wing","Ruth",18021200,2022,"EWM","ProcellaCOR EC",2022-10-04,2022-10-04,11.9
"2018-0180","Wright","Clearwater",86025200,2020,"EWM","Dibrox",2020-09-10,2020-09-10,2.24
"2018-0180","Wright","Clearwater",86025200,2021,"EWM","Dibrox",2021-08-23,2021-08-23,5.27
"2018-0182","Stearns","Koronis",73020002,2024,"SSW","Mizzen",2024-07-08,2024-08-19,215.4
"2018-0187","Todd","Latimer",77010500,2020,"CLP","Aquathol K",2020-05-26,2020-05-26,8
"2018-0241","Cass","Margaret",11022200,2020,"CLP","Aquathol K",2020-05-26,2020-05-26,7.4
"2018-0244","Crow Wing","Upper Mission",18024200,2022,"CLP","ProcellaCOR EC",2022-08-04,2022-08-04,4.5
"2018-0247","Crow Wing","Upper Mission",18024200,2022,"EWM","ProcellaCOR EC",2022-08-04,2022-08-04,4.5
"2018-0293","Isanti","Fannie",30004300,2020,"CLP","Aquathol K",2020-05-05,2020-05-05,36.35
"2018-0293","Isanti","Fannie",30004300,2021,"CLP","Aquathol K",2021-05-07,2021-05-07,27.6
"2018-0293","Isanti","Fannie",30004300,2022,"CLP","Aquathol K",2022-05-24,2022-05-24,13.3
"2018-0293","Isanti","Fannie",30004300,2022,"EWM","Tribune",2022-05-24,2022-05-24,6.6
"2018-0293","Isanti","Fannie",30004300,2024,"CLP","Flumioxazin 51WDG Prime",2024-05-09,2024-05-09,18.96
"2018-0293","Isanti","Fannie",30004300,2025,"CLP","Flumioxazin 51WDG Prime",2025-05-12,2025-05-12,38.15
"2018-0294","Hennepin","Upper Twin",27004201,2020,"CLP","Diquat SPC 2 L",2020-05-28,2020-05-28,9.15
"2018-0332","Hubbard","Bad Axe",29020800,2021,"EWM","ProcellaCOR EC",2021-08-26,2021-08-26,2.07
"2018-0332","Hubbard","Bad Axe",29020800,2025,"EWM","ProcellaCOR EC",2025-07-24,2025-07-24,2
"2018-0333","Wright","French",86027300,2021,"EWM","ProcellaCOR",2021-07-27,2021-07-27,11.2
"2018-0333","Wright","French",86027300,2023,"EWM","ProcellaCOR",2023-09-26,2023-09-26,7.8
"2018-0334","Douglas","Ida",21012300,2021,"CLP","Aquathol K",2021-05-24,2021-05-24,18.7
"2018-0334","Douglas","Ida",21012300,2022,"CLP","Aquathol K",2022-06-03,2022-06-03,13.8
"2018-0334","Douglas","Ida",21012300,2024,"CLP","Semera",2024-05-23,2024-05-23,12.7
"2018-0371","Morrison","Alexander",49007900,2025,"CLP","FlumigardSC",2025-05-08,2025-05-08,16.45
"2018-0395","Wright","Limestone",86016300,2020,"CLP","Aquathol K",2020-05-04,2020-05-04,7.9
"2018-0395","Wright","Limestone",86016300,2021,"CLP","Aquathol K",2021-05-01,2021-05-01,7.9
"2018-0395","Wright","Limestone",86016300,2022,"CLP","Aquathol K",2022-05-23,2022-05-23,7.9
"2018-0408","Crow Wing","Serpent",18009000,2020,"CLP","Aquathol K",2020-05-22,2020-05-22,1.9
"2018-0408","Crow Wing","Serpent",18009000,2021,"CLP","Aquathol K",2021-05-17,2021-05-17,5
"2018-0408","Crow Wing","Serpent",18009000,2022,"CLP","Aquathol K",2022-06-01,2022-06-01,13.7
"2018-0543","Morrison","Fish Trap",49013700,2020,"CLP","Aquathol K",2020-05-21,2020-05-21,9.24
"2018-0543","Morrison","Fish Trap",49013700,2022,"CLP","Aquathol K",2022-06-06,2022-06-06,40.5
"2018-0543","Morrison","Fish Trap",49013700,2024,"CLP","Aquathol K",2024-05-08,2024-05-08,39
"2018-0544","Wright","Pleasant",86025100,2020,"CLP","Tribune",2020-05-12,2020-05-12,15
"2018-0611","Otter Tail","Big Pine",56013000,2022,"CLP","Aquathol K",2023-05-30,2023-05-30,65
"2018-0668","Stearns","Grand",73005500,2020,"CLP","Aquathol K",2020-05-22,2020-05-22,32.3
"2018-0668","Stearns","Grand",73005500,2021,"CLP","Aquathol K",2021-05-07,2021-05-07,32.41
"2018-0668","Stearns","Grand",73005500,2023,"CLP","Aquathol K",2023-05-20,2023-05-20,29.9
"2018-0668","Stearns","Grand",73005500,2024,"CLP","Aquathol K",2024-04-24,2024-04-24,33
"2018-0670","Sherburne","Briggs",71014600,2020,"CLP","Aquathol K",2020-05-15,2020-05-15,32
"2018-0670","Sherburne","Briggs",71014600,2021,"CLP","Aquathol K",2021-05-05,2021-05-05,32.25
"2018-0670","Sherburne","Briggs",71014600,2023,"CLP","Aquathol K",2023-05-23,2023-05-23,25.3
"2018-0670","Sherburne","Briggs",71014600,2025,"CLP","FlumigardSC",2025-04-30,2025-04-30,27.8
"2018-0672","Sherburne","Julia",71014500,2020,"CLP","Aquathol K",2020-05-15,2020-05-15,8
"2018-0672","Sherburne","Julia",71014500,2021,"CLP","Aquathol K",2021-05-05,2021-05-05,10.5
"2018-0672","Sherburne","Julia",71014500,2022,"CLP","Aquathol K",2022-05-26,2022-05-26,3.7
"2018-0728","Sherburne","Orono",71001300,2022,"CLP","Aquathol K",2022-06-03,2022-06-03,30.87
"2018-0750","Wright","Cedar",86022700,2022,"CLP","Tribune",2022-05-23,2022-05-23,7.6
"2018-0750","Wright","Cedar",86022700,2022,"EWM","Tribune",2022-05-23,2022-05-23,7.6
"2018-0787","Rice","Roberds",66001800,2020,"CLP","Aquathol K",2020-05-04,2020-05-04,20
"2018-0787","Rice","Roberds",66001800,2022,"CLP","Aquathol K",2022-05-23,2022-05-23,20
"2018-0833","Kanabec","Ann",33004000,2024,"CLP","Aquathol K",2024-05-05,2024-05-05,11
"2018-0834","Crow Wing","North Long",18037200,2021,"CLP","Aquathol K",2021-05-17,2021-05-17,9.7
"2018-0849","Stearns","North Brown",73014700,2020,"CLP","Cygnet Plus",2020-05-22,2020-05-22,18
"2018-0849","Stearns","North Brown's",73014700,2021,"CLP","Aquathol K",2021-05-24,2021-05-24,18
"2018-0881","Cass","Norway",11030700,2020,"CLP","Aquathol K",2020-05-26,2020-05-26,12.2
"2018-0881","Cass","Norway",11030700,2021,"CLP","Aquathol K",2021-05-27,2021-05-27,7.1
"2018-0898","Isanti","Blue",30010700,2020,"CLP","Aquathol K",2020-05-22,2020-05-22,15.76
"2018-0898","Isanti","Blue",30010700,2021,"CLP","Diquat Herbicide",2021-05-17,2021-05-17,16
"2018-0898","Isanti","Blue",30010700,2023,"CLP","Tribune",2023-05-23,2023-05-23,16
"2018-0910","Wright","Constance",86005100,2024,"CLP","Tribune",2024-04-29,2024-04-29,8.2
"2018-0912","Wright","Bass",86023400,2020,"CLP","Aquathol K",2020-05-20,2020-05-20,6.06
"2018-0912","Wright","Bass",86023400,2021,"CLP","Aquathol K",2021-05-19,2021-05-19,11.4
"2018-0912","Wright","Bass",86023400,2022,"CLP","Aquathol K",2022-05-19,2022-05-19,2.5
"2018-1014","Blue Earth","Duck",7005300,2020,"CLP","Dibrox",2020-05-06,2020-05-06,23.7
"2018-1015","Isanti","Green",30013600,2020,"CLP","Dibrox",2020-05-20,2020-05-20,50.5
"2018-1016","Isanti","Long",30007200,2021,"CLP","Aquathol K",2021-05-05,2021-05-05,7.8
"2018-1041","Hennepin","Minnetonka",27013300,2020,"EWM","ProcellaCOR EC",2020-07-15,2020-07-15,6.65
"2018-1044","Chisago","West Rush",13006902,2021,"CLP","Aquathol K",2021-05-05,2021-05-05,24.69
"2018-1045","Chisago","East Rush",13006901,2021,"CLP","Aquathol K",2021-05-05,2021-05-05,24.53
"2018-1045","Chisago","East Rush",13006901,2023,"CLP","Semera",2023-05-31,2023-05-31,37.95
"2018-1045","Chisago","Rush",13006901,2020,"CLP","Aquathol K",2020-05-12,2020-05-12,39.58
"2018-1087","Becker","Upper Cormorant",3058800,2021,"CLP","Aquathol K",2021-05-28,2021-05-28,30
"2018-1097","Stearns","Big Watab",73010200,2021,"CLP","Aquathol K",2021-05-06,2021-05-06,1
"2018-1132","Chisago","Chisago",13001200,2022,"CLP","Aquathol K",2022-05-23,2022-05-23,11
"2018-1159","Kanabec","Fish",33003600,2020,"CLP","Aquathol K",2020-05-27,2020-05-27,16
"2018-1159","Kanabec","Fish",33003600,2021,"CLP","Aquathol K",2021-05-12,2021-05-12,23
"2018-1159","Kanabec","Fish",33003600,2023,"CLP","Aquathol K",2023-05-21,2023-05-21,17.2
"2018-1159","Kanabec","Fish",33003600,2024,"CLP","Aquathol K",2024-05-05,2024-05-05,16
"2018-1228","Sherburne","Eagle",71006700,2020,"CLP","Aquathol K",2020-05-16,2020-05-16,46.5
"2018-1380","Wright","Beebe",86002300,2022,"EWM","Tribune",2022-07-16,2022-07-16,3.7
"2018-1459","Chisago","Goose",13008300,2023,"EWM","2,4-D Amine",2023-07-06,2023-07-07,51.1
"2018-1459","Chisago","Goose",13008300,2025,"EWM","Weedar 64",2025-07-10,2025-07-10,51.1
"2018-1459","Chisago","Goose",13008302,2024,"EWM","2,4-D Amine",2024-07-08,2024-07-08,51.1
"2018-1512","Hennepin","Weaver",27011700,2020,"CLP","Tribune",2020-05-19,2020-05-19,9.9
"2018-1512","Hennepin","Weaver",27011700,2022,"CLP","Aquathol K",2022-06-01,2022-06-01,10.1
"2018-1664","Wright","West Sylvia",86027900,2020,"CLP","Aquathol K",2020-05-19,2020-05-19,1.3
"2018-1664","Wright","West Sylvia",86027900,2023,"CLP","Aquathol K",2023-05-26,2023-05-26,3.57
"2018-1864","Becker","Muskrat",3036000,2021,"CLP","Tribune",2021-05-26,2021-05-26,8.9
"2018-2165","Wright","West Sylvia",86027900,2023,"EWM","Platoon",2023-08-25,2023-08-25,1.79
"2018-2174","Wright","Maple",86013400,2020,"EWM","ProcellaCOR EC",2020-06-23,2020-06-23,23.5
"2018-2174","Wright","Maple",86013400,2021,"EWM","ProcellaCOR EC",2021-07-20,2021-07-20,38.9
"2018-2398","Cass","Townline",NA,2022,"EWM",NA,2022-08-25,2022-08-25,1
"2018-2661","Morrison","Shamineau",49012700,2021,"EWM","ProcellaCOR",2021-09-22,2021-09-22,14
"2018-2938","Wright","Granite",86021700,2020,"FR","Cide-Kick 2.5 Gal",2020-07-09,2020-07-09,0.1
"2018-3528","Anoka","Crooked",2008400,2021,"EWM","ProcellaCOR",2021-09-27,2021-09-27,11.3
"2018-3528","Anoka","Crooked",2008400,2024,"EWM","Sonar A.S.",2024-04-11,2024-05-22,230
"2019-0017","Crow Wing","Emily",18020300,2020,"EWM","ProcellaCOR EC",2020-10-02,2020-10-02,11.3
"2019-0018","Crow Wing","Mary",18018500,2020,"EWM","ProcellaCOR",2020-10-02,2020-10-02,4.3
"2019-0027","Le Sueur","Washington",40011700,2020,"CLP","Aquathol K",2020-05-06,2020-05-06,80.7
"2019-0027","Le Sueur","Washington",40011700,2021,"CLP","Aquathol K",2021-05-11,2021-05-11,80.7
"2019-0039","Kandiyohi","Henderson",34011600,2020,"EWM","ProcellaCOR EC",2020-07-10,2020-07-10,3.1
"2019-0258","Otter Tail","Lida",56074702,2022,"CLP","Aquathol K",2022-06-02,2022-06-02,5.5
"2019-0258","Otter Tail","South Lida",56074702,2020,"CLP","Aquathol K",2020-05-26,2020-05-26,17.5
"2019-0258","Otter Tail","South Lida",56074702,2021,"CLP","Aquathol K",2021-06-03,2021-06-03,13
"2019-0258","Otter Tail","South Lida",56074702,2025,"CLP","FlumigardSC",2025-05-22,2025-05-22,22.4
"2019-0627","Morrison","Crookneck",49013300,2020,"EWM","ProcellaCOR EC",2020-10-08,2020-10-08,0.86
"2019-0880","Scott","Cleary",70002200,2020,"CLP","Sonar A.S.",2020-04-14,2020-05-06,290
"2019-0880","Scott","Cleary",70002200,2021,"CLP","Sonar A.S.",2021-04-07,2021-04-07,145
"2019-0880","Scott","Cleary",70002200,2022,"CLP","Sonar A.S.",2022-04-20,2022-04-20,145
"2019-1039","Otter Tail","Long",56078400,2021,"CLP","Tribune",2021-05-26,2021-05-26,6
"2019-1061","Scott","Upper Prior",70007200,2022,"CLP","Tribune",2022-05-19,2022-05-19,7.28
"2019-1068","Morrison","Green Prairie Fish",49003500,2024,"CLP","Aquathol K",2024-04-30,2024-04-30,5.5
"2019-1068","Morrison","Green Prairie Fish",49003500,2025,"CLP","FlumigardSC",2025-05-08,2025-05-08,5.81
"2019-1137","Dakota","Rogers",19008000,2021,"CLP","Tribune",2021-05-25,2021-05-25,14
"2019-1303","Washington","Shields",82016200,2020,"CLP","Aquathol K",2020-05-22,2020-05-22,3.54
"2019-1303","Washington","Shields",82016200,2021,"CLP","Aquathol K",2021-05-26,2021-05-26,3.18
"2019-1303","Washington","Shields",82016200,2022,"CLP","Aquathol K",2022-05-27,2022-05-27,3.27
"2019-1328","Washington","Long",82011800,2020,"EWM","ProcellaCOR EC",2020-05-21,2020-05-21,8.32
"2019-1460","Chisago","Moody",13002300,2020,"CLP","Aquathol K",2020-05-22,2020-05-22,3.11
"2019-1554","Ramsey","Josephine",62005700,2022,"CLP","Galleon SC",2022-05-24,2022-05-24,10
"2019-1554","Ramsey","Josephine",62005700,2024,"CLP","Flumigard SC",2024-04-15,2024-04-15,8.15
"2019-1617","Hennepin","Minnetonka",27013300,2020,"CLP","Tribune",2020-05-15,2020-05-15,18.9
"2019-1617","Hennepin","Minnetonka",27013300,2020,"EWM","Kammo Plus",2020-07-10,2020-07-10,3.49
"2019-1617","Hennepin","Minnetonka",27013300,2025,"CLP","Tribune",2025-05-06,2025-05-06,45.9
"2019-1846","Becker","Curfman",3036300,2021,"CLP","Aquathol K",2021-05-26,2021-05-26,7.9
"2019-1846","Becker","Curfman",3036300,2022,"CLP","Aquathol K",2022-06-03,2022-06-03,7.2
"2019-2082","Chisago","Comfort",13005300,2022,"EWM","Sonar A.S.",2022-06-22,2022-07-28,436
"2019-2135","Crow Wing","Upper South Long",18009600,2020,"CLP","Aquathol K",2020-05-26,2020-05-26,4.7
"2019-2135","Crow Wing","Upper South Long",18009600,2020,"EWM","Aquathol K",2020-07-22,2020-07-22,8.3
"2019-2135","Crow Wing","Upper South Long",18009600,2022,"EWM","ProcellaCOR EC",2022-10-04,2022-10-04,1.9
"2019-2394","Wright","Waverly",86011400,2020,"EWM","2,4-D Amine",2020-08-04,2020-08-04,9.9
"2019-2394","Wright","Waverly",86011400,2021,"EWM","Platoon",2021-08-13,2021-08-13,13.2
"2019-2512","Meeker","Erie",47006400,2022,"EWM","ProcellaCOR EC",2022-07-27,2022-07-27,10
"2019-3016","Isanti","Francis",30008000,2021,"EWM","ProcellaCOR EC",2021-08-25,2021-08-25,3.08
"2019-3016","Le Sueur","Frances",40005700,2023,"EWM","2,4-D Amine",2023-08-24,2023-08-24,11
"2019-3106","Crow Wing","White Sand",18037900,2022,"EWM","ProcellaCOR EC",2022-08-04,2022-08-04,3.1
"2019-3248","Isanti","Fannie",30004300,2020,"EWM","2,4-D Amine",2020-08-10,2020-08-10,3.2
"2019-3431","Douglas","Darling",21008000,2020,"CLP","Aquathol K",2020-05-15,2020-05-15,9
"2019-3431","Douglas","Darling",21008000,2022,"CLP","Tribune",2022-06-03,2022-06-03,26
"2020-0043","Anoka","Coon",2004200,2020,"CLP","Tribune",2020-05-13,2020-05-13,29.11
"2020-0043","Anoka","Coon",2004200,2021,"CLP","Tribune",2021-05-05,2021-05-05,26.2
"2020-0108","Meeker","Jennie",47001500,2020,"CLP","Aquathol K",2020-06-02,2020-06-02,18
"2020-0120","Stearns","Knaus",73008600,2024,"CLP","Schooner 51.0% WDG",2024-04-30,2024-04-30,11
"2020-0139","Crow Wing","Lower Cullen",18040300,2020,"CLP","Aquathol K",2020-05-19,2020-05-19,22.05
"2020-0139","Crow Wing","Lower Cullen",18040300,2025,"CLP","FlumigardSC",2025-05-14,2025-05-14,8.6
"2020-0140","Crow Wing","Middle Cullen",18015500,2020,"CLP","Aquathol K",2020-05-26,2020-05-26,5.5
"2020-0140","Crow Wing","Middle Cullen",18037700,2020,"CLP","Aquathol K",2020-05-18,2020-05-19,9.37
"2020-0140","Crow Wing","Middle Cullen",18037700,2020,"CLP","Aquathol Super K",2020-05-19,2020-05-19,3.8
"2020-0140","Crow Wing","Middle Cullen",18037700,2021,"CLP","Aquathol K",2021-05-19,2021-05-19,5.5
"2020-0140","Crow Wing","Middle Cullen",18037700,2025,"CLP","FlumigardSC",2025-05-14,2025-05-14,3.6
"2020-0141","Crow Wing","Upper Cullen",18037600,2020,"CLP","Aquathol K",2020-05-18,2020-05-18,10.81
"2020-0141","Crow Wing","Upper Cullen",18037600,2021,"CLP","Aquathol K",2021-05-19,2021-05-19,7.7
"2020-0141","Crow Wing","Upper Cullen",18037600,2022,"CLP","Aquathol K",2022-05-26,2022-05-26,12.8
"2020-0141","Crow Wing","Upper Cullen",18037600,2025,"CLP","FlumigardSC",2025-05-14,2025-05-14,8.6
"2020-0145","Ramsey","Keller",62001002,2022,"CLP","Tribune",2022-06-07,2022-10-26,11.9
"2020-0147","Ramsey","Gervais",62000700,2022,"CLP","Tribune",2022-06-07,2022-06-07,5.8
"2020-0148","Ramsey","Kohlman",62000600,2022,"CLP","Tribune",2022-06-07,2022-10-26,15.9
"2020-0172","Wright","Clearwater",86025200,2020,"CLP","Aquathol K",2020-05-15,2020-05-15,27.3
"2020-0172","Wright","Clearwater",86025200,2021,"CLP","Aquathol K",2021-05-12,2021-05-12,23.51
"2020-0177","Crow Wing","Clearwater",18003800,2020,"EWM","ProcellaCOR EC",2020-10-07,2020-10-07,36.4
"2020-0177","Crow Wing","Clearwater",18003800,2021,"EWM","ProcellaCOR EC",2021-09-30,2021-09-30,0.54
"2020-0181","Anoka","Rice",2000800,2020,"CLP","Dibrox",2020-05-19,2020-05-19,23
"2020-0181","Anoka","Rice",2000800,2021,"CLP","Dibrox",2021-05-10,2021-05-10,23
"2020-0181","Anoka","Rice",2000800,2022,"CLP","Tribune",2022-05-27,2022-05-27,28.7
"2020-0185","Crow Wing","South Long",18013600,2020,"CLP","Aquathol K",2020-05-21,2020-05-21,7
"2020-0185","Crow Wing","South Long",18013600,2021,"CLP","Aquathol K",2021-05-22,2021-05-22,28
"2020-0191","Anoka","Rice",2000800,2025,"CLP","Diquat Herbicide",2025-05-09,2025-05-09,30
"2020-0208","Itasca","McKinney",31037000,2020,"EWM","2,4-D Amine",2020-09-18,2020-09-18,10
"2020-0208","Itasca","McKinney",31037000,2022,"EWM","Captain",2022-09-12,2022-09-12,14.63
"2020-0211","Hennepin","Minnetonka",27013300,2020,"EWM","Kammo Plus",2020-07-13,2020-07-13,21.29
"2020-0211","Hennepin","Minnetonka",27013300,2021,"EWM","ProcellaCOR EC",2021-06-26,2021-07-16,12
"2020-0211","Hennepin","Minnetonka",27013305,2022,"EWM","ProcellaCOR EC",2022-07-25,2022-07-25,4
"2020-0212","Winona","Winona",85001100,2020,"CLP","Aquathol K",2020-05-27,2020-05-27,11.85
"2020-0903","Anoka","Centerville",2000600,2021,"CLP","Tribune",2021-05-12,2021-05-12,40.64
"2020-0903","Anoka","Centerville",2000600,2022,"CLP","Diquat Herbicide",2022-05-17,2022-05-17,40.76
"2020-0903","Anoka","Centerville",2000600,2022,"CLP","Tribune",2023-05-16,2023-05-16,40.81
"2020-0903","Anoka","Centerville",2000600,2024,"CLP","Diquat Herbicide",2024-04-15,2024-04-15,42.49
"2020-0924","Todd","Little Birch",77008900,2025,"CLP","FlumigardSC",2025-05-13,2025-05-13,2.7
"2020-1556","Carver","Oak",10009300,2021,"EWM","Tribune",2021-05-13,2021-05-13,24.9
"2020-1556","Carver","Oak",10009300,2025,"EWM","Sonar A.S.",2025-04-16,2025-05-08,740
"2020-2645","Stearns","Lower Spunk",73012300,2020,"EWM","2,4-D Amine",2020-08-20,2020-08-20,9.9
"2020-2645","Stearns","Lower Spunk",73012300,2021,"EWM","Platoon",2021-08-09,2021-08-09,5.18
"2020-3342","Isanti","Florence",30003500,2021,"CLP","Dibrox",2021-05-06,2021-05-06,15.6
"2020-3342","Isanti","Florence",30003500,2022,"CLP","Tribune",2022-05-23,2022-05-23,15
"2020-3343","Isanti","Elms",30003600,2021,"CLP","Dibrox",2021-05-06,2021-05-06,4.59
"2020-3343","Isanti","Elms",30003600,2024,"CLP","Diquat Herbicide",2024-04-29,2024-04-29,5
"2021-0006","Douglas","Irene",21007600,2022,"CLP","Galleon SC",2022-05-24,2022-05-24,164
"2021-0081","Wright","Wilhelm",86002000,2022,"CLP","Aquathol K",2022-05-17,2022-05-17,10.64
"2021-0100","Wright","Dean",86004100,2021,"CLP","Aquathol K",2021-04-28,2021-04-28,9.6
"2021-0100","Wright","Dean",86004100,2021,"CLP","Tribune",2021-05-02,2021-05-02,6
"2021-0311","Renville","Allie",65000600,2021,"CLP","Aquathol K",2021-05-05,2023-05-16,12.162
"2021-0312","Renville","Preston",65000200,2021,"CLP","Aquathol K",2021-05-05,2021-05-05,13
"2021-0312","Renville","Preston",65000200,2022,"CLP","Aquathol K",2022-05-23,2022-05-23,8
"2021-0371","Hennepin","Twin",27004203,2021,"EWM","Captain",2021-07-22,2021-07-22,1.72
"2021-0388","Meeker","Minnie-Belle",47011900,2021,"CLP","Aquathol K",2021-05-11,2021-05-11,3.5
"2021-0389","Meeker","Minnie-Belle",47011900,2022,"EWM","ProcellaCOR EC",2022-07-29,2022-07-29,41.2
"2021-0413","Dakota","Byllesby",19000600,2022,"CLP","Tribune",2022-06-01,2022-06-01,65.26
"2021-0413","Dakota","Byllesby",19000600,2023,"CLP","Tribune",2023-05-31,2023-05-31,30.23
"2021-0413","Dakota","Byllesby",19000600,2025,"CLP","FlumigardSC",2025-05-30,2025-05-30,29.06
"2021-0430","Hennepin","Teal",NA,2021,"CLP","Tribune",2021-05-14,2021-05-14,1.28
"2021-0437","Meeker","Jennie",47001500,2021,"CLP","Diquat SPC 2 L",2021-05-19,2021-05-19,115
"2021-0451","Todd","Osakis",77021500,2021,"CLP","Aquathol K",2021-05-28,2021-05-28,33.56
"2021-0460","Sherburne","Elk",71014100,2022,"EWM","ProcellaCOR",2022-07-15,NA,10.4
"2021-0465","Ramsey","Johanna",62007800,2021,"CLP","Tribune",2021-05-12,2021-05-12,12.3
"2021-0466","Stearns","Rice",73019600,2021,"CLP","Aquathol K",2021-05-13,2021-05-13,2
"2021-0466","Stearns","Rice",73019600,2021,"CLP","Tribune",2021-05-13,2021-05-13,5.8
"2021-0466","Stearns","Rice",73019600,2022,"CLP","Aquathol K",2022-05-23,2022-05-23,16.4
"2021-0483","Wright","Martha",86000900,2021,"CLP","Aquathol K",2021-04-28,2021-04-28,8
"2021-0483","Wright","Martha",86000900,2022,"CLP","Aquathol K",2022-05-11,2022-05-11,10
"2021-0484","Waseca","Clear",81001401,2021,"EWM","2,4-D Amine",2021-06-22,2021-06-22,56.8
"2021-1320","Blue Earth","Ballantyne",7005400,2021,"EWM","2,4-D Amine",2021-07-05,2021-07-05,27.8
"2021-1772","Hennepin","Minnetonka",27013301,2021,"CLP","Tribune",2021-05-24,2021-05-24,18.26
"2021-1772","Hennepin","Minnetonka",27013301,2025,"CLP","Tribune",2025-05-13,2025-05-13,27
"2021-2453","Crow Wing","Crooked",18004100,2023,"EWM","ProcellaCOR EC",2023-10-10,2023-10-10,1.8
"2021-2453","Crow Wing","Crooked",18004100,2025,"EWM","ProcellaCOR EC",2025-09-17,2025-09-17,1.17
"2021-3343","Scott","Spring",70005400,2022,"EWM","ProcellaCOR",2022-08-19,2022-08-19,5.05
"2021-3343","Scott","Spring",70005400,2022,"EWM","ProcellaCOR EC",2022-06-17,2022-06-17,14.05
"2022-0173","Chisago","Kroon",13001300,2022,"EWM","Weedar 64",2022-06-22,2022-06-22,12.94
"2022-0173","Chisago","Kroon",13001300,2024,"EWM","Weedar 64",2024-06-03,2024-06-03,20.1
"2022-0175","Chisago","Chisago",13001200,2022,"CLP","Weedar 64",2022-06-22,2022-06-22,11.95
"2022-0175","Chisago","Chisago",13001200,2024,"EWM","Weedar 64",2024-06-24,2024-06-24,88.8
"2022-0176","Rice","Circle",66002700,2022,"CLP","Aquathol K",2022-05-18,2022-05-18,17.2
"2022-0180","Le Sueur","German",40006300,2022,"CLP","Aquathol K",2022-05-24,2022-05-24,22.5
"2022-0242","Wadena","Blueberry",80003400,2022,"CLP","Galleon SC",2022-06-10,2022-06-10,25
"2022-0248","Waseca","Clear",81001401,2022,"EWM","Sonar A.S.",2022-06-14,2022-07-18,1296
"2022-0315","Crow Wing","Edward",18030500,2022,"CLP","Aquathol K",2022-06-01,2022-06-01,16
"2022-0318","Washington","Colby",82009400,2022,"CLP","Sonar A.S.",2022-10-05,2022-11-02,141.88
"2022-0321","Washington","Markgrafs",82008900,2022,"CLP","Tribune",2023-05-11,2023-05-11,6.89
"2022-0322","Washington","Ravine",82008700,2022,"CLP","Sonar A.S.",2022-10-05,2023-04-25,81.36
"2022-0338","Douglas","Lobster",21014400,2022,"CLP","Tribune",2022-06-15,2022-06-15,6.4
"2022-0338","Douglas","Lobster",21014400,2025,"CLP","Diquat Herbicide",2025-05-25,2025-05-25,5.6
"2022-0347","Hennepin","Minnetonka",27013305,2022,"CLP","Tribune",2022-06-01,2022-06-01,30.13
"2022-0350","Hennepin","Minnetonka",27013302,2022,"EWM","Tribune",2022-06-01,2022-06-01,52.3
"2022-0385","Hennepin","Staring",27007800,2022,"CLP","Sonar A.S.",2022-05-11,2022-06-10,195
"2022-0400","Anoka","Peltier",2000400,2022,"CLP","Diquat Herbicide",2022-05-17,2022-05-17,36.51
"2022-1398","Rice","French",66003800,2022,"EWM","2,4-D Amine",2022-07-25,2022-07-25,10.97
"2022-1832","Faribault","Bass",22007400,2023,"CLP","Semera",2023-05-26,2023-05-26,6.67
"2022-1832","Faribault","Bass",22007400,2025,"CLP","FlumigardSC",2025-05-08,2025-05-08,17.3
"2022-1986","Ramsey","Owasso",62005600,2024,"CLP","Sonar A.S.",2024-03-21,2024-08-14,1499.6
"2022-1986","Ramsey","Owasso",62005600,2025,"EWM","Triclopyr 3",2025-08-11,2025-08-11,8.95
"2022-2614","Crow Wing","Hanks",18004400,2023,"EWM","ProcellaCOR EC",2023-10-11,2023-10-11,0.5
"2022-2615","Crow Wing","Portage",18005000,2023,"EWM","ProcellaCOR EC",2023-10-10,2023-10-10,1.5
"2023-0167","Meeker","Jennie",47001500,2024,"CLP","Aquathol K",2024-05-09,2024-05-09,32.2
"2023-0301","Douglas","Andrew",21008500,2024,"CLP","Semera",2024-05-08,2024-05-08,39.8
"2023-0301","Douglas","Andrew",21008500,2025,"CLP","Flumigard",2025-05-22,2025-05-22,32.3
"2023-0381","Chisago","Rabour",13007900,2023,"EWM","ProcellaCOR EC",2023-07-27,2023-07-27,1.9
"2023-0468","Waseca","Clear",81001401,2023,"CLP","Aquathol K",2023-05-09,2023-05-09,74.4
"2023-1190","Chisago","Mandall",13007400,2023,"EWM","ProcellaCOR EC",2023-07-24,2023-07-24,0.5
"2023-1190","Chisago","Mandall",13007400,2025,"EWM","ProcellaCOR EC",2025-07-10,2025-07-10,0.5
"2023-2342","Kandiyohi","Long",34006600,2024,"SSW","Komeen Descend",2024-08-07,2024-10-01,1.02
"2023-2655","Hubbard","Long",29016100,2024,"SSW","Hydrothol 191",2024-08-06,2024-08-06,0.5
"2023-2655","Hubbard","Long",29016100,2024,"SSW","Komeen Descend",2024-10-02,2025-06-20,0.75
"2023-2720","Wright","Clearwater",86025200,2024,"SSW","Mizzen",2024-07-26,2024-10-10,17.6
"2024-0112","Kandiyohi","Norway",34025100,2025,"CLP","FlumigardSC",2025-04-29,2025-04-29,15.6
"2024-0113","Kandiyohi","Games",34022400,2025,"CLP","FlumigardSC",2025-04-29,2025-04-29,28.3
"2024-0169","Hennepin","Holiday",27009000,2025,"CLP","Galleon SC",2025-04-30,2025-04-30,4.2
"2025-0025","Becker","Island",3015300,2025,"CLP","FlumigardSC",2025-05-07,2025-05-07,6.85
"2025-0088","Douglas","Cowdry",NA,2025,"CLP","FlumigardSC",2025-05-22,2025-05-22,8.4
"2025-0951","Crow Wing","Middle Cullen",18037700,2025,"SSW","Komeen Descend",2025-06-09,2025-06-09,3
"2025-1273","Sherburne","Thompson",71009600,2025,"CLP","Tribune",2025-05-09,2025-05-09,5.09
"2025-1371","Le Sueur","Gorman",40003200,2025,"CLP","Aquathol K",2025-05-02,2025-05-02,36.2
"2025-2868","Dakota","Byllesby",19000600,2025,"FR","Tribune",2025-08-26,2025-08-26,2
NA,"Aitkin","Cedar",1020900,2024,"CLP","Semera",2024-04-29,2024-04-29,0.7
NA,"Anoka","George",2009100,2020,"EWM","Dibrox",2020-05-11,2020-05-11,51.4
NA,"Anoka","George",2009100,2022,"CLP","Tribune",2023-05-31,NA,39.81
NA,"Anoka","George",2009100,2022,"EWM","Tribune",2023-05-31,NA,39.81
NA,"Anoka","George",2009100,2024,"CLP","Dibrox",2024-05-20,2024-05-20,37.1
NA,"Anoka","Rice",2000800,2022,"CLP","Tribune",2023-05-08,2023-05-08,36
NA,"Anoka","Rice",2000800,2024,"CLP","Dibrox",2024-04-09,2024-04-09,13.5
NA,"Becker","Melissa",3047500,2023,"CLP","Semera",2024-05-20,2024-05-20,11.3
NA,"Becker","Sallie",3035900,2024,"CLP","Semera",2024-05-20,2024-05-20,26.2
NA,"Becker","Toad",3010700,2024,"CLP","Diquat Herbicide",2024-05-29,2024-05-29,74.4
NA,"Becker","Upper Cormorant",3058800,2024,"CLP","Semera",2024-05-23,2024-05-23,20.1
NA,"Blue Earth","Duck",7005300,2020,"CLP","Dibrox",2020-05-06,2020-05-06,16.5
NA,"Carver","Lotus",10000600,2024,"CLP","Sonar A.S.",2024-04-29,2024-04-29,245
NA,"Carver","Lotus",10000600,2024,"EWM","Sonar A.S.",2024-04-29,2024-04-29,245
NA,"Carver","Minnewashta",10000900,2024,"CLP","Dibrox",2024-04-10,2024-04-10,42.3
NA,"Carver","Minnewashta",10000900,2024,"EWM","Dibrox",2024-04-10,2024-04-10,42.3
NA,"Chisago","Comfort",13005300,2022,"EWM","Sonar A.S.",2022-09-20,NA,218
NA,"Chisago","Green",13004100,2021,"CLP","Aquathol K",2021-05-11,2021-05-11,42.11
NA,"Chisago","Green",13004100,2021,"EWM","Aquathol K",2021-05-11,2021-05-11,42.11
NA,"Chisago","Mandall",13007400,2024,"EWM","ProcellaCOR EC",2024-07-26,2024-07-26,0.5
NA,"Chisago","North Center",13003200,2024,"CLP","Aquathol K",2024-04-24,2024-04-24,21.25
NA,"Chisago","North Center",13003200,2024,"EWM","Aquathol K",2024-04-24,2024-04-24,21.25
NA,"Chisago","Rush",13006901,2022,"CLP","Semera",2023-05-31,2023-05-31,37.95
NA,"Chisago","Rush",13006902,2023,"CLP","ProcellaCOR EC",2023-08-09,2023-08-09,6.05
NA,"Chisago","Rush",13006902,2023,"CLP","Semera",2023-05-31,2023-05-31,32.68
NA,"Chisago","Rush",13006902,2023,"EWM","ProcellaCOR EC",2023-08-09,2023-08-09,6.05
NA,"Chisago","Rush",13006902,2023,"EWM","Semera",2023-05-31,2023-05-31,32.68
NA,"Crow Wing","Bay",18003400,2020,"EWM","Diquat Herbicide",2020-06-22,2020-06-22,4.86
NA,"Crow Wing","Crow Wing",18015500,2021,"CLP","Aquathol K",2021-05-18,2021-05-18,16.4
NA,"Crow Wing","Crow Wing",18015500,2022,"CLP","Aquathol K",2023-05-15,2023-05-15,19.9
NA,"Crow Wing","Crow Wing",18015500,2024,"CLP","Aquathol K",2024-05-08,2024-05-08,24
NA,"Crow Wing","Mary",18018500,2024,"EWM","ProcellaCOR EC",2024-10-03,2024-10-03,1.2
NA,"Crow Wing","Mayo",18040800,2022,"CLP","Aquathol K",2023-05-23,2023-05-23,3.7
NA,"Crow Wing","Ruth",18021200,2024,"EWM","ProcellaCOR EC",2024-09-23,2024-09-23,8.9
NA,"Crow Wing","South Long",18013600,2022,"CLP","Aquathol K",2023-05-16,2023-05-16,41.93
NA,"Crow Wing","White Sand",18037900,2024,"EWM","ProcellaCOR EC",2024-07-19,2024-07-19,14
NA,"Douglas","Darling",21008000,2020,"CLP","Aquathol K",2020-05-13,2020-05-13,5
NA,"Douglas","Mary",21009200,2024,"CLP","Aquathol K",2024-05-14,2024-05-14,32
NA,"Hennepin","Hadley",27010900,2023,"CLP","Sonar A.S.",2023-04-25,2024-04-03,74
NA,"Hennepin","Minnetonka",27013300,2024,"FR","Tribune",2024-08-20,2025-06-23,37.86
NA,"Hennepin","Minnetonka",27013312,2024,"CLP","Tribune",2024-05-28,2024-05-28,16.68
NA,"Hennepin","Minnetonka",27013312,2024,"EWM","Tribune",2024-05-28,2024-05-28,16.68
NA,"Hennepin","Minnetonka",27013314,2023,"CLP","Tribune",2024-04-30,2024-04-30,42.5
NA,"Hennepin","Minnetonka",27013314,2023,"EWM","Tribune",2024-04-30,2024-04-30,42.5
NA,"Hennepin","Mitchell",27007000,2024,"CLP","FlumigardSC",2024-05-01,2024-05-01,13.9
NA,"Hennepin","Sarah",27019101,2023,"CLP","Tribune",2023-06-23,2024-05-08,22.9
NA,"Hennepin","Sarah",27019101,2023,"EWM","Tribune",2023-06-23,2024-05-08,22.9
NA,"Hennepin","Schmidt",27010200,2022,"EWM","Sonar A.S.",2022-08-30,NA,0
NA,"Hennepin","Twin",27004203,2021,"CLP","Aquathol K",2021-05-10,2021-05-10,11.84
NA,"Hennepin","Weaver",27011700,2022,"CLP","Semera",2023-05-31,2023-05-31,8.77
NA,"Isanti","Fannie",30004300,2021,"EWM","Aquathol K",2021-05-07,2021-05-07,27.9
NA,"Isanti","Fannie",30004300,2022,"CLP","Aquathol K",2023-05-26,2023-05-26,12.28
NA,"Isanti","Fannie",30004300,2022,"CLP","Tribune",2022-08-18,2022-08-18,6.6
NA,"Isanti","Fannie",30004300,2022,"EWM","Aquathol K",2023-05-26,2023-05-26,12.28
NA,"Isanti","Fannie",30004300,2022,"EWM","Tribune",2022-08-18,2022-08-18,6.6
NA,"Isanti","Florence",30003500,2021,"CLP","Dibrox",2021-05-06,2021-05-06,15.6
NA,"Isanti","Florence",30003500,2022,"CLP","Tribune",2023-05-22,2023-05-22,0
NA,"Isanti","Francis",30008000,2021,"CLP","Aquathol K",2021-05-05,2021-05-05,13.02
NA,"Isanti","Francis",30008000,2022,"CLP","Aquathol K",2023-05-15,2023-05-15,39.7
NA,"Isanti","Skogman",30002200,2024,"CLP","Dibrox",2024-04-29,2024-04-29,10
NA,"Isanti","Skogman",30002200,2024,"EWM","Dibrox",2024-04-29,2024-04-29,10
NA,"Kanabec","Knife",33002800,2022,"CLP","Aquathol K",2023-05-23,2023-05-23,50.3
NA,"Le Sueur","Frances",40005700,2021,"EWM","ProcellaCOR",2021-08-25,2021-08-25,3.08
NA,"Le Sueur","Jefferson",40009204,2022,"CLP","Aquathol K",2023-05-09,2023-05-09,18.69
NA,"Le Sueur","Tetonka",40003100,2024,"CLP","FlumigardSC",2024-05-09,2024-05-09,60
NA,"Le Sueur","Tetonka",40003100,2024,"EWM","FlumigardSC",2024-05-09,2024-05-09,60
NA,"Le Sueur","Upper Sakatah",40000200,2022,"CLP","Aquathol K",2023-05-21,2023-05-21,19.1
NA,"Lincoln","Benton",41004300,2020,"CLP","Sonar A.S.",2020-04-23,2020-04-23,1034
NA,"McLeod","Winsted",43001200,2022,"CLP","Aquathol K",2022-05-10,2022-05-10,12.8
NA,"Meeker","Erie",47006400,2022,"EWM","ProcellaCOR EC",2023-06-29,2023-06-29,6.7
NA,"Meeker","Minnie-Belle",47011900,2021,"CLP","ProcellaCOR",2021-07-13,2021-07-13,19
NA,"Meeker","Minnie-Belle",47011900,2021,"EWM","ProcellaCOR",2021-07-13,2021-07-13,19
NA,"Morrison","Long",49001500,2022,"CLP","Semera",2023-05-15,2023-05-15,2.5
NA,"Morrison","Long",49001500,2024,"CLP","FlumigardSC",2024-04-29,2025-05-06,2.8
NA,"Morrison","Pierz",49002400,2024,"CLP","Semera",2024-04-29,2024-04-29,7.3
NA,"Otter Tail","Lida",56074702,2021,"CLP","Aquathol K",2021-06-03,2021-06-03,13
NA,"Otter Tail","Long",56078400,2024,"CLP","Aquathol K",2024-05-05,2024-05-05,3.1
NA,"Otter Tail","Long",56078400,2024,"CLP","Propeller",2024-05-05,2024-05-05,3.4
NA,"Pine","Sand",58008100,2022,"EWM","ProcellaCOR EC",2023-06-21,2023-06-21,8.88
NA,"Pine","Sand",58008100,2024,"EWM","ProcellaCOR EC",2024-09-18,2024-09-18,2.04
NA,"Pine","Sturgeon",58006700,2022,"EWM","ProcellaCOR EC",2023-06-21,2023-06-21,14.7
NA,"Polk","Union",60021700,2024,"EWM","Platoon",2024-09-11,2024-09-11,163.35
NA,"Pope","Minnewaska",61013000,2024,"EWM","2,4-D Amine",2024-07-17,2024-07-17,6.3
NA,"Pope","Minnewaska",61013000,2024,"EWM","Cutrine-Plus",2024-07-15,2024-07-15,1.7
NA,"Pope","Minnewaska",61013000,2024,"EWM","ProcellaCOR EC",2024-07-17,2024-07-17,2.1
NA,"Pope","Minnewaska",61013000,2024,"SSW","2,4-D Amine",2024-07-17,2024-07-17,6.3
NA,"Pope","Minnewaska",61013000,2024,"SSW","Cutrine-Plus",2024-07-15,2024-07-15,1.7
NA,"Pope","Minnewaska",61013000,2024,"SSW","ProcellaCOR EC",2024-07-17,2024-07-17,2.1
NA,"Ramsey","Josephine",62005700,2020,"CLP","Sonar A.S.",2020-04-30,2020-07-24,351
NA,"Ramsey","Keller",62001002,2022,"CLP","Tribune",2023-06-06,2023-06-06,5.9
NA,"Ramsey","Kohlman",62000600,2022,"CLP","Tribune",2023-06-06,2023-06-06,8
NA,"Ramsey","Silver",62008300,2022,"CLP","Dibrox",2023-06-21,2023-06-21,9.42
NA,"Renville","Preston",65000200,2024,"CLP","Flumigard",2024-05-13,2024-05-13,31.9
NA,"Renville","Preston",65000200,2024,"EWM","Flumigard",2024-05-13,2024-05-13,31.9
NA,"Rice","Cedar",66005200,2020,"CLP","Aquathol K",2020-05-11,2020-05-12,18.8
NA,"Rice","Circle",66002700,2022,"CLP","FlumigardSC",2023-05-16,2023-05-16,29.2
NA,"Rice","Circle",66002700,2022,"EWM","FlumigardSC",2023-05-16,2023-05-16,29.2
NA,"Rice","French",66003800,2022,"CLP","ProcellaCOR",2023-06-22,2023-06-22,11
NA,"Rice","French",66003800,2022,"EWM","ProcellaCOR",2023-06-22,2023-06-22,11
NA,"Scott","Cedar",70009100,2022,"CLP","Sonar A.S.",2023-06-07,NA,793
NA,"Scott","Cleary",70002200,2021,"CLP","Sonar A.S.",2021-04-28,2021-04-28,145
NA,"Scott","Cleary",70002200,2022,"CLP","Sonar A.S.",2022-05-11,2022-05-11,144.75
NA,"Scott","Lower Prior",70002600,2022,"CLP","Tribune",2023-06-19,2023-06-19,18.41
NA,"Scott","Lower Prior",70002600,2022,"EWM","Tribune",2023-06-19,2023-06-19,18.41
NA,"Scott","O'Dowd",70009500,2024,"CLP","FlumigardSC",2024-05-15,2024-05-15,40.43
NA,"Scott","Spring",70005400,2024,"CLP","Tribune",2025-04-30,2025-04-30,16.87
NA,"Scott","Spring",70005400,2024,"EWM","Tribune",2025-04-30,2025-04-30,16.87
NA,"Sherburne","Eagle",71006700,2020,"CLP","Aquathol K",2020-05-16,2020-05-16,33.5
NA,"Sherburne","Rush",71014700,2023,"CLP","Aquathol K",2023-05-23,2023-05-23,12.7
NA,"Sherburne","Rush",71014700,2024,"CLP","FlumigardSC",2025-04-30,2025-04-30,22.5
NA,"Stearns","North Brown's",73014700,2024,"CLP","Semera",2024-04-24,2024-04-24,18
NA,"Stearns","Rice",73019600,2024,"CLP","FlumigardSC",2024-04-30,2024-04-30,15.6
NA,"Stearns","Sauk River",73072300,2023,"FR","Tribune",2024-09-19,2024-09-19,0
NA,"Stearns","Two Rivers",73013800,2022,"CLP","Tribune",2023-05-23,2023-05-23,13.9
NA,"Waseca","Clear",81001401,2020,"CLP","Aquathol K",2020-05-06,2020-05-06,3.3
NA,"Waseca","Clear",81001401,2025,"CLP","Aquathol K",2025-05-05,2025-05-05,38
NA,"Washington","Colby",82009400,2022,"CLP","Sonar A.S.",2023-04-25,2023-04-25,70.94
NA,"Washington","Colby",82009400,2022,"EWM","Sonar A.S.",2023-04-25,2023-04-25,70.94
NA,"Washington","La",82009700,2023,"CLP","Sonar A.S.",2023-11-02,2024-04-02,90
NA,"Washington","Shields",82016200,2022,"CLP","Tribune",2023-05-22,2023-05-22,3.07
NA,"Wright","Beebe",86002300,2020,"CLP","Aquathol K",2020-05-15,2020-05-15,14.5
NA,"Wright","Cedar",86022700,2022,"CLP","Tribune",2023-05-17,2023-05-17,4.1
NA,"Wright","Cedar",86022700,2022,"EWM","Tribune",2023-05-17,2023-05-17,4.1
NA,"Wright","Clearwater",86025200,2021,"EWM","Aquathol K",2021-05-12,2021-05-12,7.77
NA,"Wright","Granite",86021700,2023,"EWM","Habitat",2024-06-21,2024-06-21,0.77
NA,"Wright","Granite",86021700,2023,"EWM","ProcellaCOR EC",2024-06-21,2024-06-21,3.86
NA,"Wright","Granite",86021700,2023,"FR","Habitat",2024-06-21,2024-06-21,0.77
NA,"Wright","Granite",86021700,2023,"FR","ProcellaCOR EC",2024-06-21,2024-06-21,3.86
NA,"Wright","Louisa",86028200,2024,"CLP","FlumigardSC",2024-04-24,2024-04-24,15
NA,"Wright","Louisa",86028200,2024,"EWM","FlumigardSC",2024-04-24,2024-04-24,15
NA,"Wright","Pleasant",86025100,2023,"CLP","Mizzen",2023-07-21,2023-07-21,1
NA,"Wright","Pleasant",86025100,2023,"EWM","Mizzen",2023-07-21,2023-07-21,1
NA,"Wright","Pleasant",86025100,2023,"SSW","Mizzen",2023-07-21,2023-07-21,1
NA,"Wright","Silver",86014000,2024,"EWM","Weedar 64",2024-09-25,2024-09-25,4.63
NA,"Wright","Sugar",86023300,2024,"CLP","Aquathol K",2024-04-29,2024-04-29,6
NA,"Wright","Sugar",86023300,2024,"EWM","Aquathol K",2024-04-29,2024-04-29,6
NA,"Wright","Wilhelm",86002000,2022,"CLP","Aquathol K",2023-05-10,2023-05-10,10.64
NA,"Wright","Wilhelm",86002000,2024,"CLP","Aquathol K",2024-04-14,2024-04-14,10.61
